Date,EURUSD=X,GLD,QQQ,SPY,TLT
2005-01-03,1.3470009565353394,43.02000045776367,39.5,120.30000305175781,88.73999786376953
2005-01-04,1.3281975984573364,42.7400016784668,38.779998779296875,118.83000183105469,87.80999755859375
2005-01-05,1.3280036449432373,42.66999816894531,38.540000915527344,118.01000213623047,88.27999877929688
2005-01-06,1.3183046579360962,42.150001525878906,38.349998474121094,118.61000061035156,88.33999633789062
2005-01-07,1.3060967922210693,41.84000015258789,38.54999923706055,118.44000244140625,88.54000091552734
2005-01-10,1.310994029045105,41.95000076293945,38.529998779296875,119.0,88.68000030517578
2005-01-11,1.3116990327835083,42.209999084472656,38.2599983215332,118.18000030517578,89.19999694824219
2005-01-12,1.3255919218063354,42.599998474121094,38.58000183105469,118.56999969482422,89.31999969482422
2005-01-13,1.3211086988449097,42.599998474121094,38.06999969482422,117.62000274658203,90.18000030517578
2005-01-14,1.3098949193954468,42.31999969482422,38.43000030517578,118.23999786376953,90.16999816894531
2005-01-18,1.3017951250076294,42.31999969482422,38.720001220703125,119.47000122070312,90.47000122070312
2005-01-19,1.3003056049346924,42.2599983215332,38.08000183105469,118.22000122070312,90.7300033569336
2005-01-20,1.29629385471344,42.25,37.349998474121094,117.5,90.91000366210938
2005-01-21,1.299899935722351,42.7400016784668,37.04999923706055,116.77999877929688,91.01000213623047
2005-01-24,1.3039000034332275,42.77000045776367,36.529998779296875,116.55000305175781,91.4000015258789
2005-01-25,1.2971009016036987,42.2400016784668,36.709999084472656,116.87999725341797,90.54000091552734
2005-01-26,1.307805061340332,42.689998626708984,37.150001525878906,117.2300033569336,90.70999908447266
2005-01-27,1.304103970527649,42.619998931884766,37.099998474121094,117.43000030517578,90.54000091552734
2005-01-28,1.3044953346252441,42.689998626708984,36.91999816894531,117.43000030517578,91.44999694824219
2005-01-31,1.305193305015564,42.220001220703125,37.400001525878906,118.16000366210938,91.70999908447266
2005-02-01,1.3039000034332275,42.099998474121094,37.52000045776367,118.91000366210938,91.22000122070312
2005-02-02,1.3032032251358032,42.15999984741211,37.58000183105469,119.2699966430664,91.43000030517578
2005-02-03,1.2972019910812378,41.68000030517578,37.150001525878906,118.95999908447266,91.37999725341797
2005-02-04,1.2857933044433594,41.470001220703125,37.75,120.2300033569336,92.6500015258789
2005-02-07,1.2764055728912354,41.27000045776367,37.66999816894531,120.06999969482422,93.33999633789062
2005-02-08,1.2769924402236938,41.2599983215332,37.7400016784668,120.20999908447266,93.87000274658203
2005-02-09,1.281295657157898,41.310001373291016,37.11000061035156,119.30999755859375,94.12000274658203
2005-02-10,1.287597894668579,41.75,37.150001525878906,119.73999786376953,92.8499984741211
2005-02-11,1.2856941223144531,42.08000183105469,37.70000076293945,120.7699966430664,92.79000091552734
2005-02-14,1.2973029613494873,42.54999923706055,37.869998931884766,120.68000030517578,93.08000183105469
2005-02-15,1.3016934394836426,42.58000183105469,38.119998931884766,121.12999725341797,92.61000061035156
2005-02-16,1.3023037910461426,42.52000045776367,37.97999954223633,121.20999908447266,92.26000213623047
2005-02-17,1.307497262954712,42.72999954223633,37.470001220703125,120.2300033569336,91.68000030517578
2005-02-18,1.3068991899490356,42.75,37.349998474121094,120.38999938964844,90.86000061035156
2005-02-22,1.3261016607284546,43.56999969482422,36.88999938964844,118.5999984741211,90.45999908447266
2005-02-23,1.3203063011169434,43.41999816894531,36.939998626708984,119.44999694824219,90.76000213623047
2005-02-24,1.3183046579360962,43.33000183105469,37.40999984741211,120.23999786376953,90.55999755859375
2005-02-25,1.3246086835861206,43.5,37.619998931884766,121.43000030517578,91.0
2005-02-28,1.3217023611068726,43.529998779296875,37.220001220703125,120.62999725341797,90.0199966430664
2005-03-01,1.3171932697296143,43.220001220703125,37.630001068115234,121.2300033569336,89.70999908447266
2005-03-02,1.3135944604873657,43.25,37.61000061035156,121.16999816894531,89.58999633789062
2005-03-03,1.3105987310409546,42.970001220703125,37.29999923706055,121.22000122070312,89.54000091552734
2005-03-04,1.3246963024139404,43.380001068115234,37.52000045776367,122.7300033569336,90.51000213623047
2005-03-07,1.3221917152404785,43.470001220703125,38.060001373291016,122.79000091552734,90.87000274658203
2005-03-08,1.3352025747299194,44.029998779296875,37.68000030517578,122.33000183105469,90.01000213623047
2005-03-09,1.3377031087875366,44.02000045776367,37.56999969482422,120.97000122070312,88.54000091552734
2005-03-10,1.3437970876693726,44.20000076293945,37.52000045776367,121.23999786376953,89.08000183105469
2005-03-11,1.3472912311553955,44.43000030517578,37.16999816894531,120.38999938964844,88.43000030517578
2005-03-14,1.3365052938461304,44.029998779296875,37.34000015258789,121.13999938964844,88.95999908447266
2005-03-15,1.3310085535049438,44.060001373291016,37.040000915527344,120.13999938964844,88.4000015258789
2005-03-16,1.3410937786102295,44.310001373291016,36.619998931884766,119.12000274658203,88.94000244140625
2005-03-17,1.3379000425338745,43.81999969482422,36.709999084472656,119.36000061035156,89.2300033569336
2005-03-18,1.332196593284607,43.88999938964844,36.5099983215332,118.54000091552734,88.66999816894531
2005-03-21,1.3161011934280396,43.09000015258789,36.58000183105469,118.0999984741211,88.41999816894531
2005-03-22,1.3077024221420288,42.650001525878906,36.130001068115234,116.9000015258789,87.66999816894531
2005-03-23,1.299291968345642,42.41999816894531,36.2599983215332,117.0,88.08999633789062
2005-03-24,1.2931926250457764,42.38999938964844,36.27000045776367,117.13999938964844,88.2699966430664
2005-03-28,1.289507269859314,42.540000915527344,36.34000015258789,117.30999755859375,87.7300033569336
2005-03-29,1.2937949895858765,42.560001373291016,36.04999923706055,116.52999877929688,88.25
2005-03-30,1.2915056943893433,42.61000061035156,36.72999954223633,118.18000030517578,88.69000244140625
2005-03-31,1.2966973781585693,42.81999969482422,36.56999969482422,117.95999908447266,89.33000183105469
2005-04-01,1.2909055948257446,42.619998931884766,36.20000076293945,117.43000030517578,89.30000305175781
2005-04-04,1.285000205039978,42.400001525878906,36.459999084472656,117.62999725341797,89.27999877929688
2005-04-05,1.2857933044433594,42.45000076293945,36.560001373291016,118.19000244140625,89.05000305175781
2005-04-06,1.2867032289505005,42.630001068115234,36.5,118.5999984741211,89.36000061035156
2005-04-07,1.285000205039978,42.56999969482422,36.939998626708984,119.23999786376953,88.63999938964844
2005-04-08,1.2934937477111816,42.689998626708984,36.63999938964844,118.0,88.94999694824219
2005-04-11,1.2971009016036987,42.779998779296875,36.47999954223633,118.08999633789062,89.43000030517578
2005-04-12,1.2915056943893433,42.84000015258789,36.65999984741211,118.69999694824219,90.26000213623047
2005-04-13,1.291205644607544,42.900001525878906,36.060001373291016,117.30000305175781,90.04000091552734
2005-04-14,1.2794922590255737,42.310001373291016,35.54999923706055,115.7699966430664,89.9000015258789
2005-04-15,1.2870012521743774,42.400001525878906,34.7400016784668,114.1500015258789,91.08999633789062
2005-04-18,1.3017951250076294,42.689998626708984,34.75,114.5,91.0199966430664
2005-04-19,1.3065063953399658,43.279998779296875,34.9900016784668,115.41000366210938,91.9000015258789
2005-04-20,1.3086949586868286,43.400001525878906,34.70000076293945,113.80000305175781,91.66999816894531
2005-04-21,1.3046995401382446,43.189998626708984,35.619998931884766,116.01000213623047,90.70999908447266
2005-04-22,1.3061991930007935,43.38999938964844,35.09000015258789,115.56999969482422,91.47000122070312
2005-04-25,1.2993931770324707,43.439998626708984,35.380001068115234,116.33000183105469,91.73999786376953
2005-04-26,1.2984988689422607,43.63999938964844,35.04999923706055,115.19999694824219,91.5999984741211
2005-04-27,1.2921065092086792,43.20000076293945,35.099998474121094,115.6500015258789,91.91999816894531
2005-04-28,1.2905057668685913,43.0,34.75,114.19999694824219,92.5999984741211
2005-04-29,1.287597894668579,43.349998474121094,34.97999954223633,115.75,92.44000244140625
2005-05-02,1.2846039533615112,42.880001068115234,35.119998931884766,116.4000015258789,92.08999633789062
2005-05-03,1.2886930704116821,42.7599983215332,35.29999923706055,116.5999984741211,92.33999633789062
2005-05-04,1.2950012683868408,42.900001525878906,35.72999954223633,117.5,91.52999877929688
2005-05-05,1.2956053018569946,42.90999984741211,35.7599983215332,117.45999908447266,91.73999786376953
2005-05-06,1.2811970710754395,42.52000045776367,35.86000061035156,117.08999633789062,91.05999755859375
2005-05-09,1.2854957580566406,42.54999923706055,36.029998779296875,117.81999969482422,91.1500015258789
2005-05-10,1.2886930704116821,42.63999938964844,35.77000045776367,116.5999984741211,91.80000305175781
2005-05-11,1.2813942432403564,42.689998626708984,35.95000076293945,117.23999786376953,92.08000183105469
2005-05-12,1.2681021690368652,42.15999984741211,35.849998474121094,115.94999694824219,92.44000244140625
2005-05-13,1.2616068124771118,41.95000076293945,36.2400016784668,115.72000122070312,92.80000305175781
2005-05-16,1.2639987468719482,41.880001068115234,36.47999954223633,116.80000305175781,92.69000244140625
2005-05-17,1.2603029012680054,41.86000061035156,36.70000076293945,117.58000183105469,92.94999694824219
2005-05-18,1.2681021690368652,42.04999923706055,37.20000076293945,118.79000091552734,93.56999969482422
2005-05-19,1.2635036706924438,41.97999954223633,37.5099983215332,119.29000091552734,93.33000183105469
2005-05-20,1.2556977272033691,41.650001525878906,37.65999984741211,119.12000274658203,93.44000244140625
2005-05-23,1.257102608680725,41.619998931884766,37.849998474121094,119.77999877929688,94.16999816894531
2005-05-24,1.2568024396896362,41.72999954223633,37.970001220703125,119.5,94.43000030517578
2005-05-25,1.2599060535430908,41.869998931884766,37.810001373291016,119.41000366210938,93.7699966430664
2005-05-26,1.251392126083374,41.689998626708984,38.189998626708984,120.05000305175781,93.73999786376953
2005-05-27,1.2581939697265625,41.880001068115234,38.209999084472656,120.25,93.83999633789062
2005-05-31,1.2307995557785034,41.650001525878906,38.08000183105469,119.4800033569336,95.0
2005-06-01,1.2196015119552612,41.529998779296875,38.38999938964844,120.5,95.80999755859375
2005-06-02,1.2266929149627686,42.099998474121094,38.65999984741211,120.76000213623047,96.04000091552734
2005-06-03,1.223002314567566,42.16999816894531,38.099998474121094,120.1500015258789,95.25
2005-06-06,1.2260010242462158,42.47999954223633,38.11000061035156,120.04000091552734,95.75
2005-06-07,1.2278977632522583,42.380001068115234,37.790000915527344,120.12999725341797,96.51000213623047
2005-06-08,1.2237954139709473,42.34000015258789,37.709999084472656,119.91000366210938,96.05000305175781
2005-06-09,1.2227928638458252,42.27000045776367,37.95000076293945,120.4800033569336,95.97000122070312
2005-06-10,1.2136952877044678,42.619998931884766,37.54999923706055,120.19999694824219,94.88999938964844
2005-06-13,1.211798071861267,42.779998779296875,37.72999954223633,120.58000183105469,94.31999969482422
2005-06-14,1.202602505683899,42.599998474121094,37.58000183105469,120.86000061035156,93.69999694824219
2005-06-15,1.2121946811676025,42.7400016784668,37.70000076293945,121.08999633789062,93.87000274658203
2005-06-16,1.2099066972732544,43.459999084472656,37.900001525878906,121.4000015258789,94.33999633789062
2005-06-17,1.2278977632522583,43.630001068115234,37.869998931884766,121.36000061035156,94.33000183105469
2005-06-20,1.2151997089385986,43.65999984741211,37.869998931884766,121.4000015258789,94.16999816894531
2005-06-21,1.2174040079116821,43.810001373291016,37.849998474121094,121.47000122070312,94.86000061035156
2005-06-22,1.212106466293335,43.720001220703125,37.810001373291016,121.56999969482422,96.01000213623047
2005-06-23,1.2029062509536743,44.02000045776367,37.38999938964844,119.86000061035156,95.91000366210938
2005-06-24,1.2098042964935303,43.900001525878906,36.970001220703125,118.9800033569336,96.38999938964844
2005-06-27,1.2163970470428467,43.90999984741211,36.79999923706055,119.1500015258789,96.6500015258789
2005-06-28,1.2073066234588623,43.45000076293945,37.150001525878906,120.1500015258789,95.98999786376953
2005-06-29,1.207802414894104,43.630001068115234,37.06999969482422,119.83000183105469,95.83999633789062
2005-06-30,1.2091021537780762,43.439998626708984,36.779998779296875,119.18000030517578,96.69999694824219
2005-07-01,1.193602204322815,42.70000076293945,36.72999954223633,119.52999877929688,95.19999694824219
2005-07-05,1.1931037902832031,42.279998779296875,37.11000061035156,120.48999786376953,94.30000305175781
2005-07-06,1.1929045915603638,42.25,36.93000030517578,119.4800033569336,94.81999969482422
2005-07-07,1.1945005655288696,42.36000061035156,37.060001373291016,119.94999694824219,95.0199966430664
2005-07-08,1.1981070041656494,42.2599983215332,37.77000045776367,121.31999969482422,94.62999725341797
2005-07-11,1.20689857006073,42.540000915527344,38.119998931884766,121.94000244140625,94.62999725341797
2005-07-12,1.223002314567566,42.63999938964844,38.29999923706055,122.26000213623047,94.0999984741211
2005-07-13,1.208006739616394,42.349998474121094,38.38999938964844,122.43000030517578,93.95999908447266
2005-07-14,1.2093945741653442,41.900001525878906,38.77000045776367,122.91000366210938,93.72000122070312
2005-07-15,1.204601526260376,42.04999923706055,38.88999938964844,122.83999633789062,93.97000122070312
2005-07-18,1.2056035995483398,42.0099983215332,38.72999954223633,122.3499984741211,93.2699966430664
2005-07-19,1.2029930353164673,41.88999938964844,39.18000030517578,123.0199966430664,93.5999984741211
2005-07-20,1.2158055305480957,42.20000076293945,39.459999084472656,123.44000244140625,94.11000061035156
2005-07-21,1.2161011695861816,42.459999084472656,39.470001220703125,122.72000122070312,92.83000183105469
2005-07-22,1.2060980796813965,42.45000076293945,39.41999816894531,123.54000091552734,93.55000305175781
2005-07-25,1.2065054178237915,42.5099983215332,39.27000045776367,123.19000244140625,93.20999908447266
2005-07-26,1.2017064094543457,42.25,39.41999816894531,123.33999633789062,93.36000061035156
2005-07-27,1.2066947221755981,42.439998626708984,39.720001220703125,123.79000091552734,93.20999908447266
2005-07-28,1.213194727897644,42.75,39.90999984741211,124.56999969482422,94.04000091552734
2005-07-29,1.2124004364013672,42.81999969482422,39.58000183105469,123.73999786376953,93.11000061035156
2005-08-01,1.218397855758667,43.130001068115234,39.650001525878906,123.6500015258789,92.41999816894531
2005-08-02,1.219393253326416,43.13999938964844,40.08000183105469,124.38999938964844,92.12000274658203
2005-08-03,1.23350191116333,43.529998779296875,40.060001373291016,124.72000122070312,92.56999969482422
2005-08-04,1.2384973764419556,43.68000030517578,39.66999816894531,123.72000122070312,92.37999725341797
2005-08-05,1.2365983724594116,43.599998474121094,39.47999954223633,122.87999725341797,91.66000366210938
2005-08-08,1.235101580619812,43.349998474121094,39.189998626708984,122.6500015258789,91.48999786376953
2005-08-09,1.2378076314926147,43.34000015258789,39.45000076293945,123.38999938964844,91.83000183105469
2005-08-10,1.2386049032211304,43.650001525878906,39.11000061035156,123.33000183105469,91.7300033569336
2005-08-11,1.247302770614624,44.45000076293945,39.43000030517578,123.81999969482422,92.37000274658203
2005-08-12,1.2444931268692017,44.4900016784668,39.209999084472656,123.05999755859375,93.30999755859375
2005-08-15,1.2371032238006592,44.130001068115234,39.45000076293945,123.81999969482422,93.06999969482422
2005-08-16,1.234994888305664,44.54999923706055,38.810001373291016,122.20999908447266,93.72000122070312
2005-08-17,1.2278074026107788,43.90999984741211,39.040000915527344,122.19999694824219,93.0999984741211
2005-08-18,1.218397855758667,43.83000183105469,38.84000015258789,122.19000244140625,93.79000091552734
2005-08-19,1.2154951095581055,43.599998474121094,38.81999969482422,122.47000122070312,93.77999877929688
2005-08-22,1.223406195640564,43.70000076293945,38.84000015258789,122.47000122070312,93.68000030517578
2005-08-23,1.2234959602355957,43.7599983215332,38.72999954223633,122.23999786376953,94.11000061035156
2005-08-24,1.227400541305542,43.59000015258789,38.5,121.1500015258789,94.19999694824219
2005-08-25,1.230193853378296,43.72999954223633,38.59000015258789,121.58999633789062,94.5
2005-08-26,1.2294074296951294,43.61000061035156,38.459999084472656,120.76000213623047,94.47000122070312
2005-08-29,1.2234959602355957,43.56999969482422,38.7599983215332,121.69000244140625,94.58999633789062
2005-08-30,1.2218068838119507,43.0099983215332,38.619998931884766,121.05000305175781,95.19000244140625
2005-08-31,1.234095573425293,43.400001525878906,38.97999954223633,122.58000183105469,95.98999786376953
2005-09-01,1.2490007877349854,44.220001220703125,38.91999816894531,122.48999786376953,95.08000183105469
2005-09-02,1.2533055543899536,44.25,38.77000045776367,122.2699966430664,95.16000366210938
2005-09-06,1.245795488357544,44.27000045776367,39.34000015258789,123.69999694824219,94.48999786376953
2005-09-07,1.2416036128997803,44.33000183105469,39.40999984741211,123.91000366210938,93.5999984741211
2005-09-08,1.2394031286239624,44.599998474121094,39.400001525878906,123.5,93.69999694824219
2005-09-09,1.2410951852798462,44.84000015258789,39.619998931884766,124.5999984741211,94.0
2005-09-12,1.2291052341461182,44.88999938964844,39.72999954223633,124.3499984741211,93.3499984741211
2005-09-13,1.2280033826828003,44.560001373291016,39.630001068115234,123.66000366210938,93.83999633789062
2005-09-14,1.2278977632522583,44.959999084472656,39.18000030517578,123.20999908447266,93.4800033569336
2005-09-15,1.2236007452011108,45.41999816894531,39.15999984741211,123.1500015258789,92.70999908447266
2005-09-16,1.223900318145752,45.81999969482422,39.400001525878906,123.5,92.0999984741211
2005-09-19,1.2139016389846802,46.25,39.09000015258789,123.08999633789062,92.30000305175781
2005-09-20,1.2119008302688599,46.22999954223633,38.93000030517578,122.05000305175781,92.54000091552734
2005-09-22,1.2154065370559692,46.36000061035156,38.63999938964844,121.33999633789062,93.30999755859375
2005-09-23,1.2040939331054688,46.279998779296875,38.75,121.44000244140625,92.61000061035156
2005-09-26,1.2073066234588623,46.56999969482422,38.7599983215332,121.58000183105469,92.19000244140625
2005-09-27,1.2018941640853882,46.25,38.66999816894531,121.55000305175781,92.31999969482422
2005-09-28,1.2061998844146729,46.79999923706055,38.68000030517578,121.66999816894531,92.94000244140625
2005-09-29,1.2020964622497559,47.099998474121094,39.20000076293945,122.66000366210938,92.5199966430664
2005-09-30,1.2028049230575562,46.70000076293945,39.459999084472656,123.04000091552734,92.19999694824219
2005-10-03,1.1912987232208252,46.41999816894531,39.560001373291016,122.5999984741211,91.12000274658203
2005-10-04,1.1918951272964478,46.45000076293945,39.29999923706055,121.22000122070312,91.41999816894531
2005-10-05,1.2012012004852295,46.36000061035156,38.7599983215332,119.62999725341797,91.81999969482422
2005-10-06,1.2171964645385742,47.209999084472656,38.25,119.19999694824219,91.47000122070312
2005-10-07,1.213003396987915,47.36000061035156,38.34000015258789,119.61000061035156,91.83999633789062
2005-10-10,1.2049063444137573,47.369998931884766,38.130001068115234,118.5999984741211,91.77999877929688
2005-10-11,1.1984946727752686,47.38999938964844,37.939998626708984,118.43000030517578,91.58999633789062
2005-10-12,1.2028049230575562,46.849998474121094,37.4900016784668,117.5,90.69999694824219
2005-10-13,1.2018941640853882,47.02000045776367,37.779998779296875,117.43000030517578,90.37000274658203
2005-10-14,1.2077003717422485,46.79999923706055,38.060001373291016,118.66999816894531,90.2300033569336
2005-10-17,1.20110023021698,47.2599983215332,38.18000030517578,119.11000061035156,90.20999908447266
2005-10-18,1.195500135421753,47.0,37.90999984741211,117.81999969482422,90.30999755859375
2005-10-19,1.1974040269851685,46.34000015258789,38.66999816894531,119.77999877929688,90.3499984741211
2005-10-20,1.2017930746078491,45.97999954223633,38.310001373291016,117.66999816894531,90.58999633789062
2005-10-21,1.1954001188278198,46.52000045776367,38.54999923706055,118.12999725341797,91.43000030517578
2005-10-24,1.197604775428772,46.38999938964844,39.15999984741211,119.95999908447266,90.72000122070312
2005-10-25,1.2111963033676147,47.060001373291016,39.0099983215332,119.72000122070312,89.94000244140625
2005-10-26,1.2063016891479492,46.93000030517578,38.810001373291016,119.37000274658203,89.27999877929688
2005-10-27,1.2142995595932007,47.18000030517578,38.029998779296875,118.0999984741211,89.5999984741211
2005-10-28,1.2071025371551514,47.220001220703125,38.31999969482422,119.80000305175781,89.61000061035156
2005-10-31,1.1988970041275024,46.400001525878906,38.869998931884766,120.12999725341797,89.77999877929688
2005-11-01,1.2023999691009521,45.72999954223633,38.84000015258789,120.48999786376953,89.27999877929688
2005-11-02,1.206752896308899,46.130001068115234,39.349998474121094,121.75,88.86000061035156
2005-11-03,1.1952000856399536,45.959999084472656,39.939998626708984,122.2699966430664,88.26000213623047
2005-11-04,1.1813069581985474,45.5099983215332,40.08000183105469,122.11000061035156,88.12000274658203
2005-11-07,1.1793009042739868,45.77000045776367,40.130001068115234,122.2300033569336,88.41999816894531
2005-11-08,1.1768028736114502,45.90999984741211,40.13999938964844,122.2300033569336,89.27999877929688
2005-11-09,1.1778008937835693,46.560001373291016,40.15999984741211,122.38999938964844,88.36000061035156
2005-11-10,1.1675559282302856,46.47999954223633,40.599998474121094,123.33999633789062,89.44000244140625
2005-11-11,1.1735023260116577,46.79999923706055,40.709999084472656,123.76000213623047,89.48999786376953
2005-11-14,1.1691941022872925,46.619998931884766,40.709999084472656,123.69000244140625,88.81999969482422
2005-11-15,1.1731994152069092,46.65999984741211,40.52000045776367,123.23999786376953,89.4000015258789
2005-11-16,1.1677058935165405,47.779998779296875,40.77000045776367,123.48999786376953,90.33999633789062
2005-11-17,1.1747982501983643,48.47999954223633,41.310001373291016,124.63999938964844,90.55999755859375
2005-11-18,1.1776067018508911,48.459999084472656,41.45000076293945,125.12999725341797,90.13999938964844
2005-11-21,1.1736950874328613,48.9900016784668,41.54999923706055,125.76000213623047,90.41000366210938
2005-11-22,1.181404709815979,49.31999969482422,41.70000076293945,126.30000305175781,90.52999877929688
2005-11-23,1.1808048486709595,49.150001525878906,41.79999923706055,127.02999877929688,90.18000030517578
2005-11-25,1.1724978685379028,49.41999816894531,41.88999938964844,127.12999725341797,90.51000213623047
2005-11-28,1.1850025653839111,49.7400016784668,41.540000915527344,126.2300033569336,90.95999908447266
2005-11-29,1.1768028736114502,49.79999923706055,41.34000015258789,126.08999633789062,90.0999984741211
2005-11-30,1.1804981231689453,49.099998474121094,41.2400016784668,125.41000366210938,90.0
2005-12-01,1.1742050647735596,50.16999816894531,42.0099983215332,126.69000244140625,89.47000122070312
2005-12-02,1.1718933582305908,50.31999969482422,42.11000061035156,126.8499984741211,89.5
2005-12-05,1.1787031888961792,50.779998779296875,41.79999923706055,126.58000183105469,89.0999984741211
2005-12-06,1.1798018217086792,50.88999938964844,41.939998626708984,126.81999969482422,90.01000213623047
2005-12-07,1.1717971563339233,51.31999969482422,41.86000061035156,126.08000183105469,89.66999816894531
2005-12-08,1.1813069581985474,51.900001525878906,41.560001373291016,126.0,90.25
2005-12-09,1.181404709815979,52.400001525878906,41.720001220703125,126.33000183105469,89.54000091552734
2005-12-12,1.1956002712249756,52.560001373291016,41.869998931884766,126.44999694824219,89.37000274658203
2005-12-13,1.1949001550674438,51.650001525878906,42.040000915527344,127.30999755859375,89.69999694824219
2005-12-14,1.1974040269851685,50.349998474121094,41.900001525878906,127.80999755859375,90.62000274658203
2005-12-15,1.1967018842697144,50.2400016784668,41.970001220703125,127.44000244140625,90.4000015258789
2005-12-16,1.2014031410217285,50.09000015258789,41.58000183105469,126.36000061035156,90.69999694824219
2005-12-19,1.2006964683532715,50.220001220703125,40.91999816894531,125.70999908447266,90.79000091552734
2005-12-20,1.1874933242797852,49.040000915527344,40.95000076293945,125.83000183105469,90.68000030517578
2005-12-21,1.1834039688110352,49.369998931884766,41.130001068115234,126.02999877929688,90.5199966430664
2005-12-22,1.187295913696289,50.13999938964844,41.400001525878906,126.69000244140625,91.23999786376953
2005-12-23,1.187197208404541,50.119998931884766,41.400001525878906,126.76000213623047,91.80000305175781
2005-12-27,1.1856067180633545,50.63999938964844,41.040000915527344,125.47000122070312,92.55000305175781
2005-12-28,1.184805989265442,51.470001220703125,40.9900016784668,125.75,91.91000366210938
2005-12-29,1.1850025653839111,51.470001220703125,40.720001220703125,125.19000244140625,92.11000061035156
2005-12-30,1.184104561805725,51.58000183105469,40.40999984741211,124.51000213623047,91.9000015258789
2006-01-03,1.2032970190048218,53.119998931884766,41.310001373291016,126.69999694824219,91.77999877929688
2006-01-04,1.2111963033676147,53.29999923706055,41.7400016784668,127.30000305175781,92.0
2006-01-05,1.2106977701187134,52.34000015258789,41.91999816894531,127.37999725341797,91.88999938964844
2006-01-06,1.2154065370559692,53.720001220703125,42.68000030517578,128.44000244140625,91.72000122070312
2006-01-09,1.207496166229248,54.599998474121094,42.849998474121094,128.77000427246094,91.77999877929688
2006-01-10,1.2064036130905151,54.060001373291016,42.880001068115234,128.89999389648438,91.04000091552734
2006-01-11,1.2139016389846802,54.529998779296875,43.209999084472656,129.30999755859375,90.88999938964844
2006-01-12,1.2045000791549683,54.43000030517578,43.0,128.8000030517578,91.5
2006-01-13,1.2142995595932007,55.439998626708984,42.97999954223633,128.67999267578125,92.02999877929688
2006-01-17,1.2108443975448608,55.2599983215332,42.70000076293945,128.3300018310547,92.44000244140625
2006-01-18,1.210800290107727,54.06999969482422,42.209999084472656,127.81999969482422,92.41000366210938
2006-01-19,1.2091021537780762,55.59000015258789,42.52000045776367,128.30999755859375,92.13999938964844
2006-01-20,1.2136069536209106,55.20000076293945,41.25,125.97000122070312,92.37999725341797
2006-01-23,1.2304056882858276,55.77000045776367,41.2599983215332,126.41999816894531,92.3499984741211
2006-01-24,1.2264971733093262,55.72999954223633,41.439998626708984,126.55000305175781,91.9000015258789
2006-01-25,1.2244998216629028,56.13999938964844,41.2599983215332,126.66000366210938,90.9000015258789
2006-01-26,1.2214934825897217,55.880001068115234,41.54999923706055,127.36000061035156,90.51000213623047
2006-01-27,1.2093945741653442,55.630001068115234,42.11000061035156,128.5399932861328,90.51000213623047
2006-01-30,1.208605170249939,56.68000030517578,42.189998626708984,128.44000244140625,90.41999816894531
2006-01-31,1.2148454189300537,56.70000076293945,42.0,127.5,90.66999816894531
2006-02-01,1.2066947221755981,56.70000076293945,42.150001525878906,128.38999938964844,90.04000091552734
2006-02-02,1.208400845527649,56.97999954223633,41.43000030517578,126.9000015258789,90.20999908447266
2006-02-03,1.2027037143707275,56.5,40.91999816894531,126.2699966430664,90.8499984741211
2006-02-06,1.196300983428955,56.720001220703125,40.810001373291016,126.5999984741211,91.02999877929688
2006-02-07,1.1992995738983154,54.599998474121094,40.630001068115234,125.4800033569336,90.5999984741211
2006-02-08,1.19650137424469,54.83000183105469,41.099998474121094,126.62000274658203,90.38999938964844
2006-02-09,1.1994003057479858,56.18000030517578,40.709999084472656,126.41000366210938,90.80000305175781
2006-02-10,1.19070303440094,54.790000915527344,40.959999084472656,126.63999938964844,90.30000305175781
2006-02-13,1.1911994218826294,53.720001220703125,40.4900016784668,126.41000366210938,90.30999755859375
2006-02-14,1.1915968656539917,54.4900016784668,40.900001525878906,127.75,89.98999786376953
2006-02-15,1.1885942220687866,53.7599983215332,41.15999984741211,128.1999969482422,90.20999908447266
2006-02-16,1.19070303440094,54.52000045776367,41.540000915527344,129.16000366210938,90.2300033569336
2006-02-17,1.1942009925842285,54.959999084472656,41.209999084472656,128.80999755859375,90.94999694824219
2006-02-21,1.191994547843933,55.119998931884766,40.75,128.49000549316406,90.80000305175781
2006-02-22,1.1915968656539917,55.34000015258789,41.2599983215332,129.27000427246094,91.41999816894531
2006-02-23,1.1921935081481934,54.63999938964844,41.150001525878906,129.0800018310547,91.19000244140625
2006-02-24,1.1878036260604858,55.63999938964844,41.2599983215332,129.41000366210938,91.05000305175781
2006-02-27,1.1850025653839111,55.220001220703125,41.720001220703125,129.4600067138672,90.9000015258789
2006-02-28,1.1930042505264282,56.06999969482422,41.099998474121094,128.22999572753906,91.3499984741211
2006-03-01,1.191994547843933,56.099998474121094,41.65999984741211,129.3699951171875,90.4800033569336
2006-03-02,1.203905463218689,56.7400016784668,41.689998626708984,129.36000061035156,89.8499984741211
2006-03-03,1.204601526260376,56.279998779296875,41.45000076293945,128.75999450683594,89.33000183105469
2006-03-06,1.2016053199768066,55.22999954223633,41.09000015258789,128.1699981689453,88.55000305175781
2006-03-07,1.1890040636062622,54.95000076293945,40.849998474121094,127.97000122070312,88.61000061035156
2006-03-08,1.1927053928375244,53.970001220703125,40.869998931884766,128.24000549316406,88.58000183105469
2006-03-09,1.1904053688049316,54.2400016784668,40.52000045776367,127.37999725341797,88.61000061035156
2006-03-10,1.1911001205444336,53.83000183105469,40.560001373291016,128.58999633789062,88.27999877929688
2006-03-13,1.1967018842697144,54.310001373291016,40.68000030517578,128.8300018310547,88.20999908447266
2006-03-14,1.2018941640853882,54.869998931884766,41.369998931884766,130.17999267578125,88.80000305175781
2006-03-15,1.2071025371551514,55.119998931884766,41.720001220703125,130.75999450683594,88.31999969482422
2006-03-16,1.217492938041687,55.34000015258789,41.369998931884766,131.02999877929688,89.12000274658203
2006-03-17,1.2192000150680542,55.119998931884766,41.45000076293945,130.6199951171875,88.8499984741211
2006-03-20,1.216293454170227,55.16999816894531,41.54999923706055,130.41000366210938,88.98999786376953
2006-03-21,1.210800290107727,54.83000183105469,41.11000061035156,129.58999633789062,88.52999877929688
2006-03-22,1.2079044580459595,54.75,41.209999084472656,130.3800048828125,88.72000122070312
2006-03-23,1.197203278541565,54.70000076293945,41.09000015258789,130.11000061035156,88.44000244140625
2006-03-24,1.2034997940063477,55.709999084472656,41.29999923706055,130.2100067138672,89.08999633789062
2006-03-27,1.20110023021698,56.38999938964844,41.310001373291016,130.02000427246094,88.76000213623047
2006-03-28,1.20110023021698,56.060001373291016,41.13999938964844,129.22000122070312,87.93000030517578
2006-03-29,1.2030943632125854,57.06999969482422,41.91999816894531,130.02999877929688,87.51000213623047
2006-03-30,1.2167967557907104,58.599998474121094,42.04999923706055,129.8000030517578,86.9000015258789
2006-03-31,1.2115044593811035,58.099998474121094,41.93000030517578,129.8300018310547,86.87000274658203
2006-04-03,1.2139016389846802,58.470001220703125,41.97999954223633,129.72999572753906,86.56999969482422
2006-04-04,1.2260010242462158,58.33000183105469,42.209999084472656,130.55999755859375,86.4800033569336
2006-04-05,1.2288031578063965,58.65999984741211,42.61000061035156,131.00999450683594,86.5999984741211
2006-04-06,1.2214038372039795,59.279998779296875,42.72999954223633,130.8699951171875,85.94000244140625
2006-04-07,1.2094969749450684,58.59000015258789,42.31999969482422,129.5399932861328,85.0999984741211
2006-04-10,1.2111963033676147,59.599998474121094,42.2599983215332,129.74000549316406,85.26000213623047
2006-04-11,1.2148010730743408,59.0099983215332,41.91999816894531,128.63999938964844,85.55999755859375
2006-04-12,1.2114017009735107,59.43000030517578,41.93000030517578,128.8800048828125,85.04000091552734
2006-04-13,1.2116072177886963,59.5,42.099998474121094,128.7100067138672,84.44000244140625
2006-04-17,1.2254000902175903,61.09000015258789,41.65999984741211,128.66000366210938,84.75
2006-04-18,1.2367054224014282,61.849998474121094,42.459999084472656,130.6999969482422,84.9000015258789
2006-04-19,1.2378076314926147,63.75,42.650001525878906,130.9499969482422,84.37999725341797
2006-04-20,1.230905532836914,60.959999084472656,42.5,131.1300048828125,84.30999755859375
2006-04-21,1.234095573425293,63.20000076293945,42.0,131.14999389648438,84.80000305175781
2006-04-24,1.2388964891433716,61.650001525878906,41.959999084472656,130.91000366210938,85.13999938964844
2006-04-25,1.2428998947143555,62.779998779296875,41.869998931884766,130.3699951171875,84.12999725341797
2006-04-26,1.2448959350585938,63.650001525878906,41.86000061035156,130.39999389648438,83.98999786376953
2006-04-27,1.2531956434249878,62.959999084472656,42.2599983215332,131.02999877929688,84.0999984741211
2006-04-28,1.2635995149612427,65.08999633789062,41.849998474121094,131.47000122070312,84.16000366210938
2006-05-01,1.258004069328308,65.16000366210938,41.439998626708984,130.39999389648438,83.19999694824219
2006-05-02,1.261702299118042,66.55000305175781,41.54999923706055,131.3800048828125,83.41999816894531
2006-05-03,1.2623074054718018,66.45999908447266,41.4900016784668,130.88999938964844,83.23999786376953
2006-05-04,1.270099401473999,67.4800033569336,41.83000183105469,131.36000061035156,83.0999984741211
2006-05-05,1.272799015045166,67.98999786376953,42.15999984741211,132.52000427246094,83.5999984741211
2006-05-08,1.27029287815094,67.55999755859375,42.20000076293945,132.36000061035156,83.6500015258789
2006-05-09,1.2766989469528198,69.68000030517578,42.040000915527344,132.6199951171875,83.5999984741211
2006-05-10,1.2774492502212524,70.37999725341797,41.66999816894531,132.5500030517578,83.75
2006-05-11,1.2851983308792114,71.02999877929688,40.7400016784668,130.9499969482422,83.33999633789062
2006-05-12,1.2929919958114624,71.12000274658203,40.189998626708984,129.24000549316406,82.6500015258789
2006-05-15,1.2790013551712036,67.41000366210938,40.15999984741211,129.5,82.9800033569336
2006-05-16,1.285000205039978,68.61000061035156,39.86000061035156,129.30999755859375,83.5999984741211
2006-05-17,1.2741937637329102,68.1500015258789,39.31999969482422,126.8499984741211,83.08000183105469
2006-05-18,1.2850992679595947,67.45999908447266,39.04999923706055,126.20999908447266,84.20999908447266
2006-05-19,1.2766989469528198,65.58000183105469,39.349998474121094,127.0999984741211,84.43000030517578
2006-05-22,1.2852975130081177,65.30000305175781,38.970001220703125,126.12999725341797,84.61000061035156
2006-05-23,1.2782983779907227,66.37999725341797,38.59000015258789,125.16999816894531,84.55999755859375
2006-05-24,1.277400255203247,64.05999755859375,38.849998474121094,126.16999816894531,84.5999984741211
2006-05-25,1.2810001373291016,64.69999694824219,39.36000061035156,127.7300033569336,84.2699966430664
2006-05-26,1.2739015817642212,65.0999984741211,39.4900016784668,128.3800048828125,84.20999908447266
2006-05-30,1.2865046262741089,65.11000061035156,38.63999938964844,126.0999984741211,84.16999816894531
2006-05-31,1.2816076278686523,64.2300033569336,38.81999969482422,127.51000213623047,83.66999816894531
2006-06-01,1.28109872341156,62.560001373291016,39.7400016784668,128.72999572753906,83.70999908447266
2006-06-02,1.2918059825897217,63.5,39.63999938964844,129.0,84.79000091552734
2006-06-05,1.290106177330017,63.290000915527344,38.779998779296875,127.12000274658203,84.68000030517578
2006-06-06,1.2821991443634033,62.54999923706055,38.75,126.80999755859375,85.08000183105469
2006-06-07,1.2801966667175293,62.279998779296875,38.459999084472656,125.86000061035156,85.0999984741211
2006-06-08,1.2648941278457642,60.90999984741211,38.400001525878906,125.75,85.2699966430664
2006-06-09,1.2640947103500366,60.45000076293945,38.150001525878906,125.3499984741211,85.72000122070312
2006-06-12,1.258605718612671,60.029998779296875,37.400001525878906,123.98999786376953,85.79000091552734
2006-06-13,1.2545949220657349,55.91999816894531,37.25,122.55000305175781,85.8499984741211
2006-06-14,1.2609069347381592,55.619998931884766,37.630001068115234,123.5,84.98999786376953
2006-06-15,1.2639987468719482,57.31999969482422,38.650001525878906,126.12000274658203,84.5
2006-06-16,1.2644941806793213,57.68000030517578,38.34000015258789,124.6500015258789,84.30999755859375
2006-06-19,1.258004069328308,56.36000061035156,38.029998779296875,123.66999816894531,84.19000244140625
2006-06-20,1.2589067220687866,57.29999923706055,38.08000183105469,124.08999633789062,84.05000305175781
2006-06-21,1.2660951614379883,58.33000183105469,38.68000030517578,125.01000213623047,84.06999969482422
2006-06-22,1.2584948539733887,57.72999954223633,38.189998626708984,124.45999908447266,83.58999633789062
2006-06-23,1.2523951530456543,57.9900016784668,38.150001525878906,124.44000244140625,83.41999816894531
2006-06-26,1.2589067220687866,58.279998779296875,38.25,124.98999786376953,83.26000213623047
2006-06-27,1.256897211074829,57.68000030517578,37.529998779296875,123.91000366210938,83.66999816894531
2006-06-28,1.2545949220657349,57.540000915527344,37.810001373291016,124.75,83.2300033569336
2006-06-29,1.26639986038208,59.52000045776367,38.959999084472656,127.2699966430664,83.51000213623047
2006-06-30,1.2782983779907227,61.22999954223633,38.77000045776367,127.27999877929688,84.31999969482422
2006-07-03,1.28009831905365,62.18000030517578,39.0,127.80000305175781,83.91000366210938
2006-07-05,1.2733986377716064,62.5,38.150001525878906,127.06999969482422,83.23999786376953
2006-07-06,1.2775959968566895,63.02000045776367,38.11000061035156,127.44000244140625,83.75
2006-07-07,1.2823965549468994,62.630001068115234,37.689998626708984,126.61000061035156,84.29000091552734
2006-07-10,1.2745022773742676,62.02000045776367,37.36000061035156,126.8499984741211,84.37000274658203
2006-07-11,1.2767478227615356,63.810001373291016,37.63999938964844,127.41000366210938,84.63999938964844
2006-07-12,1.2711971998214722,64.91999816894531,36.93000030517578,126.05000305175781,84.66000366210938
2006-07-13,1.2696961164474487,65.55000305175781,36.310001373291016,124.0,84.98999786376953
2006-07-14,1.2643983364105225,65.8499984741211,35.939998626708984,123.5199966430664,85.04000091552734
2006-07-17,1.251799464225769,63.95000076293945,36.029998779296875,123.33999633789062,85.16999816894531
2006-07-18,1.2502031326293945,62.900001525878906,36.150001525878906,123.97000122070312,84.44000244140625
2006-07-19,1.2599060535430908,64.02999877929688,36.619998931884766,125.69000244140625,85.23999786376953
2006-07-20,1.263296127319336,62.540000915527344,36.08000183105469,124.83000183105469,85.48999786376953
2006-07-21,1.270599603652954,61.709999084472656,35.70000076293945,123.94999694824219,85.33000183105469
2006-07-24,1.262403130531311,61.13999938964844,36.40999984741211,126.20999908447266,85.27999877929688
2006-07-25,1.2583998441696167,61.54999923706055,36.619998931884766,126.66000366210938,85.02999877929688
2006-07-26,1.2712942361831665,62.0,36.59000015258789,126.83000183105469,85.33999633789062
2006-07-27,1.269599437713623,62.900001525878906,36.349998474121094,126.70999908447266,85.20999908447266
2006-07-28,1.2751035690307617,63.11000061035156,37.11000061035156,127.9800033569336,85.69999694824219
2006-07-31,1.277400255203247,63.15999984741211,37.099998474121094,127.8499984741211,85.80999755859375
2006-08-01,1.2820019721984863,64.31999969482422,36.47999954223633,127.22000122070312,85.45999908447266
2006-08-02,1.2791976928710938,64.75,36.88999938964844,128.0800018310547,85.77999877929688
2006-08-03,1.2799016237258911,64.12000274658203,37.119998931884766,128.4199981689453,85.80000305175781
2006-08-04,1.2878963947296143,64.27999877929688,36.95000076293945,128.1999969482422,86.31999969482422
2006-08-07,1.2819033861160278,64.5,36.709999084472656,127.9000015258789,86.37000274658203
2006-08-08,1.2766989469528198,63.970001220703125,36.47999954223633,127.41000366210938,86.18000030517578
2006-08-09,1.2874983549118042,64.62999725341797,36.529998779296875,126.9800033569336,85.9000015258789
2006-08-10,1.2792959213256836,63.25,36.790000915527344,127.37000274658203,85.7699966430664
2006-08-11,1.2725075483322144,62.709999084472656,36.529998779296875,127.01000213623047,85.4000015258789
2006-08-14,1.2722970247268677,62.25,36.77000045776367,127.11000061035156,85.25
2006-08-15,1.2790995836257935,62.0099983215332,37.70000076293945,128.6300048828125,85.97000122070312
2006-08-16,1.2843070030212402,62.4900016784668,38.59000015258789,129.6999969482422,86.55000305175781
2006-08-17,1.283202886581421,61.029998779296875,38.72999954223633,130.02999877929688,86.5199966430664
2006-08-18,1.2828078269958496,61.040000915527344,38.790000915527344,130.69000244140625,86.7699966430664
2006-08-21,1.2872995138168335,62.439998626708984,38.41999816894531,130.1300048828125,87.08000183105469
2006-08-22,1.2811970710754395,62.04999923706055,38.43000030517578,130.1199951171875,87.11000061035156
2006-08-23,1.2781022787094116,61.83000183105469,38.13999938964844,129.75999450683594,87.1500015258789
2006-08-24,1.2761938571929932,61.75,38.25,129.64999389648438,87.30999755859375
2006-08-25,1.2757054567337036,61.77000045776367,38.31999969482422,129.80999755859375,87.44000244140625
2006-08-28,1.2792466878890991,61.0,38.61000061035156,130.42999267578125,87.5199966430664
2006-08-29,1.2829065322875977,60.939998626708984,38.72999954223633,130.5800018310547,87.63999938964844
2006-08-30,1.284092664718628,61.41999816894531,38.90999984741211,130.66000366210938,87.87000274658203
2006-08-31,1.2809016704559326,62.290000915527344,38.869998931884766,130.63999938964844,88.08000183105469
2006-09-01,1.2835981845855713,62.13999938964844,39.08000183105469,131.4199981689453,87.76000213623047
2006-09-05,1.2823965549468994,63.36000061035156,39.459999084472656,131.6699981689453,87.20999908447266
2006-09-06,1.2819033861160278,62.86000061035156,38.66999816894531,130.50999450683594,87.08999633789062
2006-09-07,1.2732040882110596,61.25,38.4900016784668,129.91000366210938,87.26000213623047
2006-09-08,1.2672985792160034,60.63999938964844,38.720001220703125,130.27999877929688,87.33000183105469
2006-09-11,1.2710033655166626,58.5,38.959999084472656,130.41000366210938,87.25
2006-09-12,1.2695027589797974,58.31999969482422,39.68000030517578,131.69000244140625,87.69000244140625
2006-09-13,1.2696961164474487,58.619998931884766,39.95000076293945,132.22000122070312,87.7300033569336
2006-09-14,1.2722970247268677,57.189998626708984,39.9900016784668,132.22999572753906,87.52999877929688
2006-09-15,1.2651021480560303,57.400001525878906,40.11000061035156,131.9600067138672,87.45999908447266
2006-09-18,1.2706964015960693,58.22999954223633,40.119998931884766,132.13999938964844,87.31999969482422
2006-09-19,1.2677003145217896,56.91999816894531,39.849998474121094,131.80999755859375,88.30000305175781
2006-09-20,1.2687939405441284,57.2599983215332,40.43000030517578,132.50999450683594,88.43000030517578
2006-09-21,1.2781022787094116,57.95000076293945,40.18000030517578,131.8699951171875,89.23999786376953
2006-09-22,1.2799999713897705,58.5,39.869998931884766,131.47000122070312,89.68000030517578
2006-09-25,1.2745022773742676,58.5,40.56999969482422,132.47999572753906,90.30999755859375
2006-09-26,1.2686975002288818,58.7400016784668,40.77000045776367,133.5800018310547,89.93000030517578
2006-09-27,1.270599603652954,59.810001373291016,40.720001220703125,133.74000549316406,89.66999816894531
2006-09-28,1.2703574895858765,59.790000915527344,40.83000183105469,133.69000244140625,89.5199966430664
2006-09-29,1.2662074565887451,59.470001220703125,40.650001525878906,133.5800018310547,89.41000366210938
2006-10-02,1.2741937637329102,59.150001525878906,40.13999938964844,133.0800018310547,89.30000305175781
2006-10-03,1.2734960317611694,57.11000061035156,40.310001373291016,133.36000061035156,89.18000030517578
2006-10-04,1.2712942361831665,56.369998931884766,41.29999923706055,134.9199981689453,89.83000183105469
2006-10-05,1.269551157951355,56.91999816894531,41.5,135.17999267578125,89.19999694824219
2006-10-06,1.260398268699646,56.9900016784668,41.40999984741211,135.00999450683594,88.2699966430664
2006-10-09,1.260096549987793,57.20000076293945,41.54999923706055,135.08999633789062,88.51000213623047
2006-10-10,1.2531956434249878,57.0,41.619998931884766,135.27000427246094,87.80999755859375
2006-10-11,1.2523951530456543,56.880001068115234,41.540000915527344,135.11000061035156,87.55000305175781
2006-10-12,1.2559974193572998,57.4900016784668,42.20000076293945,136.27999877929688,87.5999984741211
2006-10-13,1.250500202178955,58.56999969482422,42.43000030517578,136.6300048828125,87.16000366210938
2006-10-16,1.2541072368621826,59.16999816894531,42.470001220703125,136.83999633789062,87.55000305175781
2006-10-17,1.2545005083084106,58.650001525878906,42.0,136.41000366210938,87.62000274658203
2006-10-18,1.2539026737213135,58.59000015258789,41.79999923706055,136.58999633789062,87.80000305175781
2006-10-19,1.2627060413360596,59.40999984741211,41.900001525878906,136.80999755859375,87.63999938964844
2006-10-20,1.2616068124771118,58.779998779296875,42.0,136.83999633789062,87.55000305175781
2006-10-23,1.255098819732666,57.7599983215332,42.43000030517578,137.47000122070312,87.19999694824219
2006-10-24,1.2559027671813965,58.16999816894531,42.13999938964844,137.8800048828125,87.19999694824219
2006-10-25,1.2616068124771118,58.7599983215332,42.43000030517578,138.35000610351562,87.88999938964844
2006-10-26,1.2694060802459717,59.290000915527344,42.81999969482422,138.77999877929688,88.45999908447266
2006-10-27,1.2743074893951416,59.400001525878906,42.209999084472656,137.91000366210938,88.87000274658203
2006-10-30,1.271795392036438,59.900001525878906,42.47999954223633,137.80999755859375,89.12000274658203
2006-10-31,1.2766989469528198,60.2400016784668,42.58000183105469,137.7899932861328,89.80999755859375
2006-11-01,1.2754452228546143,61.36000061035156,42.0,136.86000061035156,89.95999908447266
2006-11-02,1.2780042886734009,61.91999816894531,42.040000915527344,136.77999877929688,89.58999633789062
2006-11-03,1.2706964015960693,62.29999923706055,41.93000030517578,136.5399932861328,88.52999877929688
2006-11-06,1.2725560665130615,61.88999938964844,42.540000915527344,138.0800018310547,88.79000091552734
2006-11-07,1.2779062986373901,62.040000915527344,42.83000183105469,138.61000061035156,89.19999694824219
2006-11-08,1.2759984731674194,61.11000061035156,43.029998779296875,138.91000366210938,89.5199966430664
2006-11-09,1.283252239227295,62.95000076293945,42.83000183105469,138.17999267578125,89.47000122070312
2006-11-10,1.2853965759277344,62.4900016784668,43.029998779296875,138.24000549316406,89.86000061035156
2006-11-13,1.2825939655303955,62.189998626708984,43.470001220703125,138.5800018310547,89.83999633789062
2006-11-14,1.2813942432403564,61.630001068115234,43.93000030517578,139.6199951171875,90.19000244140625
2006-11-15,1.282495141029358,61.84000015258789,44.11000061035156,140.02000427246094,89.8499984741211
2006-11-16,1.2793940305709839,61.310001373291016,44.29999923706055,140.3800048828125,89.44000244140625
2006-11-17,1.285000205039978,61.779998779296875,44.29999923706055,140.4199981689453,89.94999694824219
2006-11-20,1.2818048000335693,61.77000045776367,44.38999938964844,140.5,90.08999633789062
2006-11-21,1.2846039533615112,62.27000045776367,44.45000076293945,140.63999938964844,90.30999755859375
2006-11-22,1.2938953638076782,62.5,44.72999954223633,140.9199981689453,90.45999908447266
2006-11-24,1.3085066080093384,63.5,44.650001525878906,140.35000610351562,90.62000274658203
2006-11-27,1.3133012056350708,63.70000076293945,43.63999938964844,138.4199981689453,90.94999694824219
2006-11-28,1.320393443107605,63.56999969482422,43.77000045776367,139.02000427246094,91.13999938964844
2006-11-29,1.3148033618927002,63.15999984741211,44.06999969482422,140.47000122070312,90.93000030517578
2006-11-30,1.325100064277649,64.38999938964844,44.040000915527344,140.52999877929688,91.52999877929688
2006-12-01,1.334098219871521,64.12000274658203,43.65999984741211,140.22000122070312,91.41999816894531
2006-12-04,1.3336000442504883,64.12000274658203,44.2599983215332,141.2899932861328,91.58000183105469
2006-12-05,1.331894874572754,63.810001373291016,44.41999816894531,141.89999389648438,91.1500015258789
2006-12-06,1.3286564350128174,62.689998626708984,44.2599983215332,141.77999877929688,90.97000122070312
2006-12-07,1.3286035060882568,62.72999954223633,43.70000076293945,141.16000366210938,90.9000015258789
2006-12-08,1.3394052982330322,62.04999923706055,43.900001525878906,141.4199981689453,90.23999786376953
2006-12-11,1.325100064277649,62.56999969482422,44.060001373291016,141.8300018310547,90.62999725341797
2006-12-12,1.3284975290298462,62.52000045776367,43.79999923706055,141.72000122070312,90.81999969482422
2006-12-13,1.3218071460723877,62.47999954223633,43.880001068115234,141.8699951171875,90.01000213623047
2006-12-14,1.3156510591506958,62.119998931884766,44.369998931884766,143.1199951171875,89.68000030517578
2006-12-15,1.3098949193954468,61.0,44.43000030517578,142.33999633789062,89.7300033569336
2006-12-18,1.3105987310409546,61.040000915527344,43.9900016784668,141.9499969482422,89.76000213623047
2006-12-19,1.3207073211669922,61.79999923706055,43.849998474121094,142.22000122070312,89.63999938964844
2006-12-20,1.318704605102539,61.619998931884766,43.689998626708984,142.13999938964844,89.62999725341797
2006-12-21,1.3183915615081787,61.380001068115234,43.380001068115234,141.6199951171875,90.08000183105469
2006-12-22,1.3136979341506958,61.650001525878906,42.93000030517578,140.75,89.38999938964844
2006-12-26,1.310994029045105,61.97999954223633,43.11000061035156,141.5800018310547,89.66000366210938
2006-12-27,1.312508225440979,62.220001220703125,43.33000183105469,142.50999450683594,88.69999694824219
2006-12-28,1.3148033618927002,62.900001525878906,43.119998931884766,142.2100067138672,88.5
2006-12-29,1.3198009729385376,63.209999084472656,43.15999984741211,141.6199951171875,88.43000030517578
2007-01-03,1.3171066045761108,62.279998779296875,43.2400016784668,141.3699951171875,89.05999755859375
2007-01-04,1.3092947006225586,61.650001525878906,44.060001373291016,141.6699981689453,89.5999984741211
2007-01-05,1.2984988689422607,60.16999816894531,43.849998474121094,140.5399932861328,89.20999908447266
2007-01-08,1.3040019273757935,60.47999954223633,43.880001068115234,141.19000244140625,89.37000274658203
2007-01-09,1.2996971607208252,60.849998474121094,44.099998474121094,141.07000732421875,89.37000274658203
2007-01-10,1.2939958572387695,60.59000015258789,44.619998931884766,141.5399932861328,88.97000122070312
2007-01-11,1.289507269859314,60.630001068115234,45.08000183105469,142.16000366210938,88.44999694824219
2007-01-12,1.292808175086975,62.16999816894531,45.310001373291016,143.24000549316406,88.04000091552734
2007-01-16,1.2920063734054565,61.970001220703125,45.279998779296875,142.9600067138672,88.2300033569336
2007-01-17,1.2939958572387695,62.63999938964844,44.90999984741211,143.02000427246094,87.95999908447266
2007-01-18,1.2960922718048096,62.2599983215332,44.08000183105469,142.5399932861328,88.2300033569336
2007-01-19,1.2968990802764893,63.0,44.16999816894531,142.82000732421875,87.98999786376953
2007-01-22,1.2950012683868408,62.720001220703125,43.689998626708984,142.3800048828125,88.19999694824219
2007-01-23,1.3023037910461426,64.2300033569336,43.58000183105469,142.8000030517578,87.62000274658203
2007-01-24,1.29629385471344,64.33000183105469,44.29999923706055,143.9499969482422,87.61000061035156
2007-01-25,1.2939958572387695,64.05999755859375,43.72999954223633,142.25999450683594,86.9800033569336
2007-01-26,1.2928917407989502,64.16999816894531,43.56999969482422,142.1300048828125,86.91000366210938
2007-01-29,1.29629385471344,63.77000045776367,43.61000061035156,142.0500030517578,86.72000122070312
2007-01-30,1.2965964078903198,64.22000122070312,43.630001068115234,142.7899932861328,86.81999969482422
2007-01-31,1.3023037910461426,64.83000183105469,44.06999969482422,143.75,87.55000305175781
2007-02-01,1.3018969297409058,65.22000122070312,44.0,144.61000061035156,87.08999633789062
2007-02-02,1.2963947057724,64.27999877929688,44.15999984741211,144.80999755859375,87.19999694824219
2007-02-05,1.2931926250457764,64.30999755859375,44.119998931884766,144.85000610351562,87.31999969482422
2007-02-06,1.2983977794647217,64.79000091552734,44.060001373291016,144.88999938964844,87.80000305175781
2007-02-07,1.3023037910461426,64.62999725341797,44.459999084472656,145.2100067138672,88.05999755859375
2007-02-08,1.3040019273757935,65.5199966430664,44.45000076293945,145.02000427246094,88.12999725341797
2007-02-09,1.3006945848464966,66.12000274658203,43.880001068115234,143.94000244140625,87.62999725341797
2007-02-12,1.29629385471344,65.66999816894531,43.709999084472656,143.4499969482422,87.43000030517578
2007-02-13,1.3032032251358032,65.83999633789062,43.86000061035156,144.66000366210938,87.23999786376953
2007-02-14,1.3139914274215698,66.37000274658203,44.599998474121094,145.61000061035156,88.06999969482422
2007-02-15,1.313508152961731,66.41000366210938,44.86000061035156,145.8000030517578,88.33000183105469
2007-02-16,1.3138015270233154,66.36000061035156,44.709999084472656,145.72999572753906,88.63999938964844
2007-02-20,1.3148033618927002,65.30999755859375,45.04999923706055,146.0399932861328,88.83999633789062
2007-02-21,1.313905119895935,67.3499984741211,45.189998626708984,145.97999572753906,88.69000244140625
2007-02-22,1.312508225440979,67.1500015258789,45.41999816894531,145.8699951171875,88.20999908447266
2007-02-23,1.3168984651565552,67.72000122070312,45.2599983215332,145.3000030517578,88.83999633789062
2007-02-26,1.319400429725647,68.0999984741211,45.040000915527344,145.1699981689453,89.43000030517578
2007-02-27,1.3232064247131348,65.41000366210938,43.189998626708984,139.5,90.55999755859375
2007-02-28,1.322891354560852,66.4800033569336,43.33000183105469,140.92999267578125,90.1500015258789
2007-03-01,1.317002534866333,65.81999969482422,43.130001068115234,140.50999450683594,89.75
2007-03-02,1.3164995908737183,63.709999084472656,42.47999954223633,138.6699981689453,90.19999694824219
2007-03-05,1.3086949586868286,62.93000030517578,42.150001525878906,137.35000610351562,90.3499984741211
2007-03-06,1.3138015270233154,64.1500015258789,42.849998474121094,139.6999969482422,90.08000183105469
2007-03-07,1.3178529739379883,64.30000305175781,42.68000030517578,139.55999755859375,90.43000030517578
2007-03-08,1.314198613166809,64.4800033569336,42.970001220703125,140.74000549316406,90.3499984741211
2007-03-09,1.3115957975387573,64.25,42.93000030517578,140.77999877929688,89.4000015258789
2007-03-12,1.318791389465332,64.37000274658203,43.209999084472656,140.99000549316406,89.75
2007-03-13,1.319000244140625,63.720001220703125,42.369998931884766,138.25,90.29000091552734
2007-03-14,1.323504090309143,63.939998626708984,42.9900016784668,139.27999877929688,89.87999725341797
2007-03-15,1.328303575515747,63.97999954223633,42.88999938964844,139.47000122070312,89.87000274658203
2007-03-16,1.3318061828613281,64.62000274658203,42.83000183105469,138.52999877929688,89.8499984741211
2007-03-19,1.3312920331954956,64.73999786376953,43.27000045776367,140.1999969482422,89.66000366210938
2007-03-20,1.33159339427948,65.2699966430664,43.58000183105469,140.97000122070312,89.70999908447266
2007-03-21,1.3399077653884888,65.81999969482422,44.41999816894531,143.2899932861328,89.75
2007-03-22,1.3334044218063354,65.76000213623047,44.2599983215332,143.17999267578125,89.04000091552734
2007-03-23,1.3296988010406494,65.1500015258789,44.119998931884766,143.38999938964844,88.79000091552734
2007-03-26,1.333191156387329,65.83999633789062,44.29999923706055,143.1999969482422,88.9000015258789
2007-03-27,1.3365052938461304,65.69999694824219,43.9900016784668,142.86000061035156,88.75
2007-03-28,1.3315047025680542,66.05000305175781,43.52000045776367,141.82000732421875,88.56999969482422
2007-03-29,1.3334933519363403,65.6500015258789,43.56999969482422,141.97000122070312,88.44999694824219
2007-03-30,1.3358982801437378,65.73999786376953,43.529998779296875,142.0,88.27999877929688
2007-04-02,1.337005615234375,65.8499984741211,43.59000015258789,142.16000366210938,88.0999984741211
2007-04-03,1.33249831199646,65.83000183105469,44.15999984741211,143.69000244140625,87.98999786376953
2007-04-04,1.3373990058898926,66.80999755859375,44.34000015258789,143.85000610351562,88.08000183105469
2007-04-05,1.3432012796401978,66.86000061035156,44.560001373291016,144.24000549316406,87.75
2007-04-09,1.335505723953247,66.52999877929688,44.45000076293945,144.44000244140625,87.16999816894531
2007-04-10,1.3432012796401978,67.16000366210938,44.68000030517578,144.61000061035156,87.43000030517578
2007-04-11,1.3439956903457642,67.08000183105469,44.209999084472656,144.02000427246094,87.37000274658203
2007-04-12,1.3491089344024658,66.98999786376953,44.560001373291016,144.66000366210938,87.38999938964844
2007-04-13,1.3521004915237427,67.83999633789062,44.650001525878906,145.32000732421875,87.12000274658203
2007-04-16,1.3529053926467896,68.4000015258789,45.060001373291016,146.6999969482422,87.5999984741211
2007-04-17,1.3572019338607788,68.0,45.15999984741211,147.08999633789062,88.08999633789062
2007-04-18,1.361396312713623,68.37999725341797,45.0099983215332,147.27000427246094,88.52999877929688
2007-04-19,1.362434983253479,67.52999877929688,45.150001525878906,147.22999572753906,88.37999725341797
2007-04-20,1.3588987588882446,68.69999694824219,45.400001525878906,148.6199951171875,88.1500015258789
2007-04-23,1.3584003448486328,68.26000213623047,45.470001220703125,148.05999755859375,88.47000122070312
2007-04-24,1.3636053800582886,67.7300033569336,45.70000076293945,148.1199951171875,88.80000305175781
2007-04-25,1.3639029264450073,67.88999938964844,46.310001373291016,149.47999572753906,88.48999786376953
2007-04-26,1.3588987588882446,66.87000274658203,46.54999923706055,149.64999389648438,87.8499984741211
2007-04-27,1.3655046224594116,67.55999755859375,46.56999969482422,149.52999877929688,87.83000183105469
2007-04-30,1.3652063608169556,67.08999633789062,45.959999084472656,148.2899932861328,88.75
2007-05-01,1.3601001501083374,66.69000244140625,45.91999816894531,148.6699981689453,88.48999786376953
2007-05-02,1.3588064908981323,66.66000366210938,46.41999816894531,149.5399932861328,88.44000244140625
2007-05-03,1.3556013107299805,67.48999786376953,46.59000015258789,150.35000610351562,88.23999786376953
2007-05-04,1.3588987588882446,68.19000244140625,46.630001068115234,150.9199981689453,88.5999984741211
2007-05-07,1.360007643699646,68.25,46.630001068115234,150.9499969482422,88.83999633789062
2007-05-08,1.3540961742401123,67.87999725341797,46.72999954223633,150.75,88.63999938964844
2007-05-09,1.3527040481567383,67.44999694824219,46.83000183105469,151.16000366210938,88.29000091552734
2007-05-10,1.3483085632324219,66.0,46.189998626708984,149.5800018310547,88.5
2007-05-11,1.3521004915237427,66.44999694824219,46.779998779296875,150.86000061035156,88.19000244140625
2007-05-14,1.3542977571487427,66.27999877929688,46.459999084472656,150.52999877929688,87.95999908447266
2007-05-15,1.3596007823944092,66.54000091552734,46.099998474121094,150.57000732421875,87.93000030517578
2007-05-16,1.3523930311203003,65.5999984741211,46.54999923706055,151.60000610351562,87.87000274658203
2007-05-17,1.34969162940979,65.05999755859375,46.33000183105469,151.3000030517578,87.51000213623047
2007-05-18,1.3512965440750122,65.5199966430664,46.709999084472656,152.6199951171875,86.93000030517578
2007-05-21,1.3466018438339233,65.66999816894531,47.0099983215332,152.5399932861328,87.19000244140625
2007-05-22,1.3452069759368896,65.19999694824219,47.04999923706055,152.4199981689453,86.73999786376953
2007-05-23,1.3458044528961182,65.54000091552734,46.83000183105469,152.44000244140625,86.48999786376953
2007-05-24,1.3430029153823853,64.75,46.15999984741211,151.05999755859375,86.56999969482422
2007-05-25,1.3450080156326294,64.94000244140625,46.45000076293945,151.69000244140625,86.37000274658203
2007-05-29,1.3445920944213867,65.06999969482422,46.810001373291016,152.24000549316406,86.36000061035156
2007-05-30,1.3432012796401978,64.72000122070312,47.189998626708984,153.47999572753906,86.54000091552734
2007-05-31,1.3456052541732788,65.54000091552734,47.40999984741211,153.32000732421875,86.37999725341797
2007-06-01,1.3441944122314453,66.44000244140625,47.439998626708984,154.0800018310547,85.58999633789062
2007-06-04,1.349199891090393,66.54000091552734,47.58000183105469,154.10000610351562,85.9800033569336
2007-06-05,1.3520090579986572,66.37000274658203,47.58000183105469,153.49000549316406,85.44000244140625
2007-06-06,1.3492909669876099,66.41000366210938,47.06999969482422,151.83999633789062,85.4000015258789
2007-06-07,1.3428045511245728,65.26000213623047,46.34000015258789,149.10000610351562,83.87000274658203
2007-06-08,1.3360053300857544,64.22000122070312,46.90999984741211,151.0399932861328,83.80000305175781
2007-06-11,1.335594892501831,64.69999694824219,46.81999969482422,151.3000030517578,83.55999755859375
2007-06-12,1.3306012153625488,64.0999984741211,46.540000915527344,149.64999389648438,82.3499984741211
2007-06-13,1.3310085535049438,64.52999877929688,47.04999923706055,151.88999938964844,83.33000183105469
2007-06-14,1.33159339427948,64.5999984741211,47.36000061035156,152.86000061035156,83.12000274658203
2007-06-15,1.3379000425338745,64.8499984741211,47.7599983215332,153.07000732421875,83.69000244140625
2007-06-18,1.341597557067871,64.94999694824219,47.77000045776367,152.88999938964844,83.5199966430664
2007-06-19,1.3424079418182373,65.4800033569336,47.7599983215332,153.27000427246094,84.30000305175781
2007-06-20,1.3396027088165283,64.70999908447266,47.310001373291016,151.13999938964844,83.62000274658203
2007-06-21,1.3394052982330322,64.55999755859375,47.7400016784668,151.97999572753906,83.22000122070312
2007-06-22,1.347091555595398,64.77999877929688,47.290000915527344,150.5500030517578,83.76000213623047
2007-06-25,1.3468012809753418,64.43000030517578,47.09000015258789,149.8300018310547,84.22000122070312
2007-06-26,1.3448994159698486,63.619998931884766,46.81999969482422,148.2899932861328,84.23999786376953
2007-06-27,1.345496654510498,63.66999816894531,47.540000915527344,150.39999389648438,84.31999969482422
2007-06-28,1.344700574874878,64.26000213623047,47.52000045776367,150.3800048828125,84.30000305175781
2007-06-29,1.3536012172698975,64.2699966430664,47.599998474121094,150.42999267578125,85.16999816894531
2007-07-02,1.363493800163269,65.0199966430664,48.029998779296875,151.7899932861328,85.29000091552734
2007-07-03,1.3611923456192017,64.73999786376953,48.310001373291016,152.33999633789062,84.7699966430664
2007-07-05,1.3598966598510742,64.41999816894531,48.65999984741211,152.17999267578125,83.81999969482422
2007-07-06,1.3629920482635498,64.95999908447266,48.86000061035156,152.97999572753906,83.4800033569336
2007-07-09,1.3623977899551392,65.37999725341797,48.88999938964844,153.10000610351562,83.77999877929688
2007-07-10,1.3760079145431519,65.61000061035156,48.47999954223633,150.9199981689453,85.19999694824219
2007-07-11,1.3754022121429443,65.44000244140625,48.810001373291016,151.99000549316406,84.31999969482422
2007-07-12,1.378796935081482,66.0199966430664,49.560001373291016,154.38999938964844,84.02999877929688
2007-07-13,1.3784927129745483,66.02999877929688,49.900001525878906,154.85000610351562,84.26000213623047
2007-07-16,1.377695083618164,65.81999969482422,49.849998474121094,154.8300018310547,85.06999969482422
2007-07-17,1.379006028175354,65.75,50.22999954223633,154.75,84.88999938964844
2007-07-18,1.3807005882263184,66.62000274658203,50.16999816894531,154.47000122070312,85.20999908447266
2007-07-19,1.379805088043213,67.01000213623047,50.31999969482422,155.07000732421875,85.19000244140625
2007-07-20,1.3833937644958496,67.58000183105469,50.04999923706055,153.5,85.95999908447266
2007-07-23,1.3804908990859985,67.47000122070312,50.06999969482422,153.97000122070312,85.81999969482422
2007-07-24,1.3824948072433472,67.47000122070312,49.33000183105469,151.3000030517578,86.13999938964844
2007-07-25,1.3726081848144531,66.9000015258789,49.400001525878906,151.61000061035156,86.30999755859375
2007-07-26,1.3750051259994507,65.6500015258789,48.97999954223633,148.02000427246094,87.02999877929688
2007-07-27,1.3636053800582886,65.41000366210938,47.9900016784668,145.11000061035156,87.27999877929688
2007-07-30,1.3711966276168823,65.7699966430664,48.54999923706055,147.3800048828125,87.02999877929688
2007-07-31,1.3672035932540894,65.79000091552734,47.529998779296875,145.72000122070312,87.66000366210938
2007-08-01,1.367708444595337,65.93000030517578,47.900001525878906,146.42999267578125,87.12999725341797
2007-08-02,1.3707079887390137,65.88999938964844,48.34000015258789,147.60000610351562,87.3499984741211
2007-08-03,1.3787018060684204,66.69000244140625,47.41999816894531,143.8000030517578,87.93000030517578
2007-08-06,1.3796910047531128,66.5199966430664,47.970001220703125,146.2100067138672,87.29000091552734
2007-08-07,1.374098300933838,66.4800033569336,48.310001373291016,147.77000427246094,87.22000122070312
2007-08-08,1.3803004026412964,66.7699966430664,48.84000015258789,149.8300018310547,86.16000366210938
2007-08-09,1.367409110069275,65.45999908447266,47.709999084472656,145.38999938964844,86.27999877929688
2007-08-10,1.3689066171646118,66.56999969482422,47.279998779296875,144.7100067138672,86.08000183105469
2007-08-13,1.3613035678863525,66.26000213623047,47.599998474121094,145.22999572753906,86.33000183105469
2007-08-14,1.3534914255142212,66.29000091552734,46.790000915527344,143.00999450683594,86.55999755859375
2007-08-15,1.3428045511245728,66.12999725341797,45.900001525878906,141.0399932861328,86.25
2007-08-16,1.3424980640411377,64.68000030517578,45.45000076293945,142.10000610351562,87.13999938964844
2007-08-17,1.349400281906128,65.01000213623047,46.310001373291016,144.7100067138672,86.79000091552734
2007-08-20,1.347490906715393,65.12000274658203,46.529998779296875,144.63999938964844,86.83999633789062
2007-08-21,1.345496654510498,65.06999969482422,47.02000045776367,144.92999267578125,87.26000213623047
2007-08-22,1.3549952507019043,65.4000015258789,47.65999984741211,146.64999389648438,87.12000274658203
2007-08-23,1.3556932210922241,65.30999755859375,47.529998779296875,146.52000427246094,87.41999816894531
2007-08-24,1.366698980331421,66.11000061035156,48.20000076293945,148.3300018310547,87.8499984741211
2007-08-27,1.3637913465499878,65.9800033569336,47.880001068115234,146.9499969482422,88.30999755859375
2007-08-28,1.3598966598510742,65.58999633789062,46.7400016784668,143.72000122070312,88.45999908447266
2007-08-29,1.367409110069275,66.06999969482422,48.08000183105469,146.5399932861328,88.22000122070312
2007-08-30,1.3642005920410156,65.80000305175781,48.33000183105469,146.14999389648438,88.80999755859375
2007-08-31,1.3642005920410156,66.5199966430664,48.869998931884766,147.58999633789062,88.87999725341797
2007-09-04,1.3620080947875977,67.44000244140625,49.68000030517578,149.0800018310547,88.55999755859375
2007-09-05,1.365392804145813,67.55999755859375,49.18000030517578,147.7899932861328,89.2699966430664
2007-09-06,1.3696004152297974,68.86000061035156,49.13999938964844,148.1300048828125,89.04000091552734
2007-09-07,1.3775053024291992,69.38999938964844,48.22999954223633,146.07000732421875,90.30000305175781
2007-09-11,1.384006381034851,70.5199966430664,48.93000030517578,147.49000549316406,90.93000030517578
2007-09-12,1.390801191329956,70.45999908447266,48.939998626708984,147.8699951171875,90.58999633789062
2007-09-13,1.3866932392120361,70.08000183105469,49.18000030517578,148.91000366210938,89.77999877929688
2007-09-14,1.3878093957901,69.98999786376953,49.220001220703125,148.89999389648438,89.91000366210938
2007-09-17,1.3865010738372803,70.97000122070312,48.810001373291016,148.10000610351562,90.33999633789062
2007-09-18,1.3979953527450562,71.69999694824219,50.040000915527344,152.4600067138672,89.66000366210938
2007-09-19,1.3969016075134277,71.43000030517578,50.16999816894531,153.36000061035156,88.83000183105469
2007-09-20,1.4078954458236694,72.72000122070312,50.029998779296875,152.27999877929688,87.1500015258789
2007-09-21,1.4092049598693848,72.33999633789062,50.36000061035156,151.97000122070312,87.88999938964844
2007-09-24,1.407400131225586,72.27999877929688,50.59000015258789,151.69000244140625,88.13999938964844
2007-09-25,1.4152077436447144,72.33000183105469,51.06999969482422,151.38999938964844,87.83000183105469
2007-09-26,1.4133076667785645,72.0,51.31999969482422,152.19000244140625,87.91000366210938
2007-09-27,1.4152077436447144,72.69999694824219,51.58000183105469,153.08999633789062,88.5199966430664
2007-09-28,1.4264928102493286,73.51000213623047,51.40999984741211,152.5800018310547,88.72000122070312
2007-10-01,1.4236091375350952,73.9000015258789,52.0,154.3000030517578,88.87999725341797
2007-10-02,1.4152077436447144,72.3499984741211,52.0099983215332,154.08999633789062,89.16000366210938
2007-10-03,1.4099997282028198,71.9000015258789,51.650001525878906,153.77999877929688,88.9000015258789
2007-10-04,1.4135074615478516,72.87000274658203,51.77000045776367,154.02000427246094,89.23999786376953
2007-10-05,1.4133076667785645,73.4000015258789,52.81999969482422,155.85000610351562,88.27999877929688
2007-10-08,1.4049086570739746,72.52999877929688,53.150001525878906,155.02000427246094,88.20999908447266
2007-10-09,1.4106959104537964,73.08999633789062,53.380001068115234,156.47999572753906,88.0999984741211
2007-10-10,1.414107084274292,73.36000061035156,53.5099983215332,156.22000122070312,88.1500015258789
2007-10-11,1.4201923608779907,73.91000366210938,52.65999984741211,155.47000122070312,88.05999755859375
2007-10-12,1.4190032482147217,74.58999633789062,53.529998779296875,156.3300018310547,87.62999725341797
2007-10-15,1.4203940629959106,75.13999938964844,53.119998931884766,155.00999450683594,87.6500015258789
2007-10-16,1.4176956415176392,75.12000274658203,52.869998931884766,153.77999877929688,87.68000030517578
2007-10-17,1.4217066764831543,74.5,53.54999923706055,154.25,88.63999938964844
2007-10-18,1.4294904470443726,76.0,53.779998779296875,153.69000244140625,89.12999725341797
2007-10-19,1.4296947717666626,75.69999694824219,52.439998626708984,149.6699981689453,90.45999908447266
2007-10-22,1.4179972410202026,74.5999984741211,53.06999969482422,150.5399932861328,90.47000122070312
2007-10-23,1.4258012771606445,75.2300033569336,54.18000030517578,151.75999450683594,90.3499984741211
2007-10-24,1.4263097047805786,75.5199966430664,53.77000045776367,151.47999572753906,91.0199966430664
2007-10-25,1.4326032400131226,76.02999877929688,53.04999923706055,151.83999633789062,90.70999908447266
2007-10-26,1.4393045902252197,77.69000244140625,53.93000030517578,153.6199951171875,90.5
2007-10-29,1.441794753074646,78.12000274658203,54.150001525878906,154.1300048828125,90.8499984741211
2007-10-30,1.44400155544281,77.3499984741211,54.2599983215332,153.05999755859375,90.80000305175781
2007-10-31,1.4471989870071411,78.62000274658203,55.029998779296875,154.64999389648438,89.9800033569336
2007-11-01,1.442710041999817,77.93000030517578,54.0,151.02999877929688,90.75
2007-11-02,1.4487924575805664,79.83000183105469,54.41999816894531,151.1999969482422,91.04000091552734
2007-11-05,1.4478065967559814,79.75,54.06999969482422,150.0500030517578,91.0
2007-11-06,1.4564096927642822,81.43000030517578,54.68000030517578,152.07000732421875,90.55999755859375
2007-11-07,1.4623944759368896,82.23999786376953,53.349998474121094,147.91000366210938,90.72000122070312
2007-11-08,1.4681053161621094,82.2300033569336,51.72999954223633,147.16000366210938,90.55999755859375
2007-11-09,1.467502236366272,82.18000030517578,50.0,145.13999938964844,91.33000183105469
2007-11-12,1.4523905515670776,78.30000305175781,48.72999954223633,143.6999969482422,91.66000366210938
2007-11-13,1.4620951414108276,79.12000274658203,50.7400016784668,148.0800018310547,91.31999969482422
2007-11-14,1.46500825881958,80.27999877929688,50.09000015258789,147.6699981689453,91.41999816894531
2007-11-15,1.4620951414108276,77.94999694824219,49.81999969482422,145.5399932861328,92.27999877929688
2007-11-16,1.4634003639221191,77.75,50.279998779296875,145.7899932861328,92.41000366210938
2007-11-19,1.4668993949890137,77.23999786376953,49.70000076293945,143.75999450683594,93.01000213623047
2007-11-20,1.4833053350448608,79.47000122070312,49.900001525878906,144.63999938964844,92.91000366210938
2007-11-21,1.4857958555221558,79.36000061035156,49.310001373291016,141.67999267578125,93.44999694824219
2007-11-23,1.480100154876709,81.25,49.84000015258789,144.1300048828125,93.7300033569336
2007-11-27,1.4837895631790161,80.0999984741211,49.959999084472656,142.57000732421875,94.66999816894531
2007-11-28,1.4840978384017944,79.56999969482422,51.47999954223633,147.1300048828125,94.02999877929688
2007-11-29,1.4759929180145264,78.27999877929688,51.70000076293945,147.17999267578125,94.83999633789062
2007-11-30,1.469594120979309,77.31999969482422,51.310001373291016,148.66000366210938,94.37999725341797
2007-12-03,1.467007040977478,78.27999877929688,50.880001068115234,147.67999267578125,94.75
2007-12-04,1.4766032695770264,79.4000015258789,50.66999816894531,146.36000061035156,94.73999786376953
2007-12-05,1.4598966836929321,78.62999725341797,51.58000183105469,148.80999755859375,93.61000061035156
2007-12-06,1.4659103155136108,79.37000274658203,52.31999969482422,150.94000244140625,92.79000091552734
2007-12-07,1.4656095504760742,78.5999984741211,52.33000183105469,150.91000366210938,91.75
2007-12-10,1.4708911180496216,80.0,52.540000915527344,152.0800018310547,91.19999694824219
2007-12-11,1.466490626335144,78.83999633789062,51.31999969482422,147.91000366210938,92.98999786376953
2007-12-12,1.4716053009033203,80.48999786376953,51.779998779296875,149.3699951171875,92.02999877929688
2007-12-13,1.4629936218261719,78.5,51.5,149.05999755859375,91.02999877929688
2007-12-14,1.4437098503112793,78.5199966430664,50.970001220703125,147.1699981689453,90.61000061035156
2007-12-17,1.4412959814071655,78.12999725341797,49.72999954223633,145.07000732421875,91.41999816894531
2007-12-19,1.4383935928344727,79.23999786376953,49.880001068115234,145.8800048828125,93.2300033569336
2007-12-20,1.433301329612732,78.66999816894531,50.900001525878906,146.8000030517578,93.02999877929688
2007-12-21,1.438807487487793,80.0999984741211,51.849998474121094,148.1300048828125,91.66999816894531
2007-12-24,1.439698338508606,80.13999938964844,52.2400016784668,149.22999572753906,91.23999786376953
2007-12-26,1.4487924575805664,81.5199966430664,52.5,149.5500030517578,90.44000244140625
2007-12-27,1.4613901376724243,81.55999755859375,51.869998931884766,147.6699981689453,91.05999755859375
2007-12-28,1.4718002080917358,83.0,51.81999969482422,147.3000030517578,92.4800033569336
2007-12-31,1.4601097106933594,82.45999908447266,51.220001220703125,146.2100067138672,93.04000091552734
2008-01-02,1.4716920852661133,84.86000061035156,50.40999984741211,144.92999267578125,94.37999725341797
2008-01-03,1.4744912385940552,85.56999969482422,50.619998931884766,144.86000061035156,94.25
2008-01-04,1.4754921197891235,85.12999725341797,48.400001525878906,141.30999755859375,94.2699966430664
2008-01-07,1.468299388885498,84.7699966430664,48.16999816894531,141.19000244140625,94.68000030517578
2008-01-08,1.5570987462997437,86.77999877929688,46.91999816894531,138.91000366210938,94.56999969482422
2008-01-09,1.466404676437378,86.55000305175781,47.91999816894531,140.3699951171875,94.75
2008-01-10,1.480100154876709,88.25,47.9900016784668,141.2899932861328,93.47000122070312
2008-01-11,1.4790055751800537,88.58000183105469,47.04999923706055,140.14999389648438,94.19999694824219
2008-01-14,1.4869003295898438,89.54000091552734,47.869998931884766,141.27999877929688,94.55000305175781
2008-01-15,1.4802095890045166,87.98999786376953,46.54999923706055,138.1699981689453,95.61000061035156
2008-01-16,1.466404676437378,86.69999694824219,46.04999923706055,136.97999572753906,94.91999816894531
2008-01-17,1.4640002250671387,86.5,45.40999984741211,133.42999267578125,96.1500015258789
2008-01-18,1.4617959260940552,87.41999816894531,45.349998474121094,132.05999755859375,95.48999786376953
2008-01-22,1.4647936820983887,88.16999816894531,44.18000030517578,130.72000122070312,96.51000213623047
2008-01-23,1.4632076025009155,87.88999938964844,44.0099983215332,133.86000061035156,96.29000091552734
2008-01-24,1.4774104356765747,90.08000183105469,44.90999984741211,134.99000549316406,94.36000061035156
2008-01-25,1.467502236366272,90.30000305175781,43.9900016784668,133.0399932861328,95.94999694824219
2008-01-28,1.4788086414337158,91.75,44.33000183105469,135.24000549316406,95.58999633789062
2008-01-29,1.4771921634674072,91.1500015258789,44.40999984741211,135.91000366210938,94.94000244140625
2008-01-30,1.483107328414917,92.05999755859375,44.369998931884766,134.91000366210938,94.31999969482422
2008-01-31,1.4865025281906128,91.4000015258789,45.130001068115234,137.3699951171875,94.98999786376953
2008-02-01,1.4799906015396118,89.3499984741211,45.59000015258789,139.5800018310547,95.2300033569336
2008-02-04,1.4827995300292969,89.0999984741211,44.95000076293945,137.82000732421875,94.25
2008-02-05,1.4638073444366455,87.68000030517578,43.66999816894531,134.1300048828125,94.97000122070312
2008-02-06,1.4617104530334473,88.94999694824219,42.810001373291016,133.0500030517578,94.68000030517578
2008-02-07,1.4478904008865356,89.8499984741211,43.11000061035156,133.92999267578125,92.63999938964844
2008-02-08,1.5570987462997437,91.0,43.599998474121094,133.07000732421875,93.69999694824219
2008-02-11,1.450200080871582,91.33000183105469,44.06999969482422,133.75,94.08999633789062
2008-02-12,1.4581936597824097,89.33000183105469,43.81999969482422,134.99000549316406,93.52999877929688
2008-02-13,1.455604076385498,89.44000244140625,44.779998779296875,136.3699951171875,92.54000091552734
2008-02-14,1.4644076824188232,89.70999908447266,43.970001220703125,135.1699981689453,91.18000030517578
2008-02-15,1.4676098823547363,89.1500015258789,43.81999969482422,135.13999938964844,91.87999725341797
2008-02-19,1.4729926586151123,91.58000183105469,43.7400016784668,135.52000427246094,90.94999694824219
2008-02-20,1.4722987413406372,93.23999786376953,43.939998626708984,135.9199981689453,91.58000183105469
2008-02-21,1.4815034866333008,93.25,43.52000045776367,134.7899932861328,92.55000305175781
2008-02-22,1.4826017618179321,93.38999938964844,43.68000030517578,135.6199951171875,92.0199966430664
2008-02-25,1.4835914373397827,92.73999786376953,43.900001525878906,137.3300018310547,91.08000183105469
2008-02-26,1.4996100664138794,93.70999908447266,44.06999969482422,138.36000061035156,91.11000061035156
2008-02-27,1.5118072032928467,94.77999877929688,44.290000915527344,138.22000122070312,91.19000244140625
2008-02-28,1.5195951461791992,95.98999786376953,44.119998931884766,136.8699951171875,92.80999755859375
2008-02-29,1.519202709197998,96.18000030517578,42.95000076293945,133.82000732421875,94.2300033569336
2008-03-03,1.5200109481811523,97.23999786376953,42.66999816894531,133.5,93.63999938964844
2008-03-04,1.5210051536560059,95.18000030517578,42.90999984741211,132.99000549316406,92.7300033569336
2008-03-05,1.527697205543518,97.72000122070312,43.119998931884766,133.8300018310547,91.62000274658203
2008-03-06,1.5385088920593262,96.5,42.16999816894531,131.05999755859375,92.11000061035156
2008-03-07,1.5336012840270996,96.08999633789062,42.06999969482422,129.7100067138672,92.2300033569336
2008-03-10,1.534095287322998,95.87000274658203,41.2599983215332,128.0,93.58999633789062
2008-03-11,1.5341894626617432,95.98999786376953,42.83000183105469,132.60000610351562,92.79000091552734
2008-03-12,1.5540015697479248,97.01000213623047,42.709999084472656,131.36000061035156,94.58000183105469
2008-03-13,1.5622069835662842,98.33999633789062,43.040000915527344,131.64999389648438,93.83999633789062
2008-03-14,1.561792254447937,98.70999908447266,42.25,129.61000061035156,95.0
2008-03-17,1.574803113937378,99.16999816894531,41.47999954223633,128.3000030517578,95.7300033569336
2008-03-18,1.565802812576294,96.5,43.33000183105469,133.6300048828125,95.36000061035156
2008-03-19,1.5638928413391113,93.04000091552734,42.2599983215332,130.32000732421875,96.94000244140625
2008-03-20,1.54421067237854,89.91000366210938,43.09000015258789,132.0800018310547,97.18000030517578
2008-03-24,1.5434956550598145,90.0999984741211,44.58000183105469,134.72000122070312,95.30000305175781
2008-03-25,1.5612071752548218,92.7300033569336,44.83000183105469,134.85000610351562,95.69999694824219
2008-03-26,1.5824036598205566,93.80000305175781,44.70000076293945,133.1999969482422,95.30000305175781
2008-03-27,1.5814026594161987,93.45999908447266,43.709999084472656,132.77999877929688,94.62999725341797
2008-03-28,1.5760937929153442,91.87999725341797,43.4900016784668,131.50999450683594,95.55000305175781
2008-03-31,1.5757957696914673,90.41000366210938,43.720001220703125,131.97000122070312,95.88999938964844
2008-04-02,1.5677913427352905,89.2699966430664,45.4900016784668,136.6999969482422,94.12999725341797
2008-04-03,1.5667105913162231,89.41999816894531,45.59000015258789,137.0399932861328,94.33999633789062
2008-04-04,1.5736879110336304,90.25,45.86000061035156,136.88999938964844,95.19999694824219
2008-04-07,1.5704996585845947,91.16999816894531,45.7599983215332,136.9600067138672,94.69999694824219
2008-04-08,1.5578023195266724,90.3499984741211,45.40999984741211,136.82000732421875,94.37000274658203
2008-04-09,1.5824036598205566,92.29000091552734,44.900001525878906,135.8300018310547,95.3499984741211
2008-04-10,1.57420814037323,91.7699966430664,45.540000915527344,136.02000427246094,95.02999877929688
2008-04-11,1.5822033882141113,91.30000305175781,44.279998779296875,133.3800048828125,95.66999816894531
2008-04-14,1.5825037956237793,91.11000061035156,44.08000183105469,132.92999267578125,95.11000061035156
2008-04-15,1.5786067247390747,91.66000366210938,44.13999938964844,133.24000549316406,93.93000030517578
2008-04-16,1.5958125591278076,93.2699966430664,45.369998931884766,136.85000610351562,93.01000213623047
2008-04-17,1.5902043581008911,92.55999755859375,45.27000045776367,137.0500030517578,92.8499984741211
2008-04-18,1.5733908414840698,90.62000274658203,46.709999084472656,138.47999572753906,92.7699966430664
2008-04-21,1.5911911725997925,90.25,47.040000915527344,138.5500030517578,93.13999938964844
2008-04-22,1.5987977981567383,90.2699966430664,46.34000015258789,137.94000244140625,93.45999908447266
2008-04-23,1.58740234375,89.22000122070312,46.849998474121094,137.72000122070312,93.1500015258789
2008-04-24,1.568406105041504,87.22000122070312,47.27000045776367,138.32000732421875,92.36000061035156
2008-04-25,1.5636972188949585,87.2699966430664,47.150001525878906,139.60000610351562,91.81999969482422
2008-04-28,1.5652881860733032,87.69000244140625,47.2400016784668,139.6300048828125,92.0999984741211
2008-04-29,1.556710958480835,85.80999755859375,47.599998474121094,139.0800018310547,92.44999694824219
2008-04-30,1.5622069835662842,86.6500015258789,47.209999084472656,138.25999450683594,93.11000061035156
2008-05-02,1.5434004068374634,84.58000183105469,48.77000045776367,141.50999450683594,91.61000061035156
2008-05-05,1.5498108863830566,86.2699966430664,48.630001068115234,140.8300018310547,91.61000061035156
2008-05-06,1.553591012954712,86.62999725341797,48.93000030517578,142.0500030517578,90.94999694824219
2008-05-07,1.5385088920593262,85.81999969482422,48.040000915527344,139.52000427246094,91.33999633789062
2008-05-08,1.5464078187942505,87.23999786376953,48.400001525878906,139.16000366210938,92.16000366210938
2008-05-09,1.5489946603775024,87.41999816894531,48.209999084472656,138.89999389648438,92.5
2008-05-12,1.5540015697479248,86.98999786376953,49.09000015258789,140.4600067138672,92.36000061035156
2008-05-13,1.547700047492981,85.38999938964844,49.220001220703125,140.47999572753906,91.3499984741211
2008-05-14,1.546910047531128,85.19999694824219,49.11000061035156,140.77000427246094,91.38999938964844
2008-05-15,1.5450935363769531,87.0,49.970001220703125,142.52999877929688,92.22000122070312
2008-05-16,1.5596001148223877,89.0999984741211,50.0099983215332,142.66000366210938,91.83999633789062
2008-05-19,1.5527950525283813,89.38999938964844,49.650001525878906,143.0500030517578,91.95999908447266
2008-05-20,1.5654107332229614,90.9000015258789,49.27000045776367,141.88999938964844,92.44000244140625
2008-05-21,1.5788060426712036,91.95999908447266,48.18000030517578,139.49000549316406,92.45999908447266
2008-05-22,1.573192834854126,90.9800033569336,48.349998474121094,139.50999450683594,91.37000274658203
2008-05-23,1.5785070657730103,91.2300033569336,48.20000076293945,137.63999938964844,91.7699966430664
2008-05-27,1.5690950155258179,89.36000061035156,49.04999923706055,138.66000366210938,91.1500015258789
2008-05-28,1.5656068325042725,89.13999938964844,49.25,139.3000030517578,90.33999633789062
2008-05-29,1.5518070459365845,86.51000213623047,49.689998626708984,140.0,89.69000244140625
2008-05-30,1.5540982484817505,87.44999694824219,50.0099983215332,140.35000610351562,90.27999877929688
2008-06-02,1.5546056032180786,87.95999908447266,49.400001525878906,138.89999389648438,90.30000305175781
2008-06-03,1.5450220108032227,86.87999725341797,49.130001068115234,138.08999633789062,90.94999694824219
2008-06-04,1.5432575941085815,86.6500015258789,49.7599983215332,138.02000427246094,90.13999938964844
2008-06-05,1.5588949918746948,86.44999694824219,50.54999923706055,140.77999877929688,89.5999984741211
2008-06-06,1.5785070657730103,89.05999755859375,49.029998779296875,136.2899932861328,90.76000213623047
2008-06-09,1.5643576383590698,87.98999786376953,48.77000045776367,136.6199951171875,90.76000213623047
2008-06-10,1.5464078187942505,85.55000305175781,48.540000915527344,135.94000244140625,90.16999816894531
2008-06-11,1.555790662765503,87.0199966430664,47.369998931884766,133.94000244140625,89.95999908447266
2008-06-12,1.5460968017578125,85.5999984741211,47.41999816894531,134.4499969482422,89.05999755859375
2008-06-13,1.5369009971618652,85.83000183105469,48.369998931884766,136.14999389648438,88.87000274658203
2008-06-16,1.5473887920379639,87.01000213623047,48.79999923706055,136.22999572753906,88.88999938964844
2008-06-17,1.5521925687789917,87.25,48.540000915527344,135.57000732421875,89.06999969482422
2008-06-18,1.553808331489563,88.27999877929688,48.02000045776367,134.25,89.81999969482422
2008-06-19,1.550988793373108,88.41999816894531,48.77000045776367,134.4199981689453,89.29000091552734
2008-06-20,1.5627930164337158,88.94999694824219,47.41999816894531,131.5800018310547,89.80999755859375
2008-06-23,1.5522888898849487,87.08999633789062,47.04999923706055,131.4499969482422,90.0
2008-06-24,1.5570018291473389,87.47000122070312,46.810001373291016,131.19000244140625,90.5999984741211
2008-06-25,1.5673980712890625,87.41999816894531,47.56999969482422,131.80999755859375,90.63999938964844
2008-06-26,1.5752992630004883,90.61000061035156,45.650001525878906,128.22999572753906,91.25
2008-06-27,1.5752992630004883,91.47000122070312,45.650001525878906,127.52999877929688,92.31999969482422
2008-06-30,1.57500159740448,91.4000015258789,45.16999816894531,127.9800033569336,92.33999633789062
2008-07-02,1.5878056287765503,93.16999816894531,44.709999084472656,126.18000030517578,92.2699966430664
2008-07-03,1.5700066089630127,92.05999755859375,44.630001068115234,126.30999755859375,92.06999969482422
2008-07-07,1.5720057487487793,91.2300033569336,44.900001525878906,125.0199966430664,92.48999786376953
2008-07-08,1.5333895683288574,90.86000061035156,45.970001220703125,127.23999786376953,93.08999633789062
2008-07-09,1.5735888481140137,91.5,44.75,124.79000091552734,93.5
2008-07-10,1.5785070657730103,93.52999877929688,45.279998779296875,125.30000305175781,93.48999786376953
2008-07-11,1.5948964357376099,95.16000366210938,44.560001373291016,123.83999633789062,92.16000366210938
2008-07-14,1.589092493057251,95.91000366210938,44.22999954223633,122.72000122070312,92.97000122070312
2008-07-15,1.5899008512496948,96.16999816894531,44.2400016784668,120.98999786376953,92.94000244140625
2008-07-16,1.5822033882141113,94.44000244140625,45.34000015258789,123.95999908447266,91.26000213623047
2008-07-17,1.585590124130249,94.22000122070312,45.63999938964844,125.19999694824219,90.79000091552734
2008-07-18,1.5853890180587769,94.16999816894531,44.59000015258789,125.9800033569336,90.44999694824219
2008-07-21,1.5913937091827393,95.12000274658203,44.779998779296875,126.05000305175781,90.80000305175781
2008-07-22,1.5792051553726196,93.05999755859375,44.779998779296875,127.4800033569336,90.3499984741211
2008-07-23,1.5692428350448608,90.56999969482422,45.369998931884766,128.1699981689453,90.16999816894531
2008-07-24,1.568873643875122,91.33000183105469,44.689998626708984,125.51000213623047,91.05000305175781
2008-07-25,1.5672998428344727,91.69000244140625,45.27000045776367,125.4800033569336,90.13999938964844
2008-07-28,1.5741338729858398,91.7300033569336,44.41999816894531,123.63999938964844,91.05000305175781
2008-07-29,1.5590895414352417,90.58999633789062,45.34000015258789,126.27999877929688,90.68000030517578
2008-07-30,1.5573655366897583,89.5199966430664,45.56999969482422,128.52999877929688,90.7699966430664
2008-07-31,1.5593082904815674,90.08000183105469,45.459999084472656,126.83000183105469,91.66999816894531
2008-08-08,1.5048909187316895,84.43000030517578,47.31999969482422,129.3699951171875,92.0
2008-08-26,1.4647936820983887,81.2300033569336,46.43000030517578,127.38999938964844,94.08999633789062
2008-08-27,1.4725805521011353,81.36000061035156,46.72999954223633,128.6300048828125,94.25
2008-08-28,1.4714103937149048,82.18000030517578,47.11000061035156,130.19000244140625,94.26000213623047
2008-08-29,1.4670931100845337,81.70999908447266,46.119998931884766,128.7899932861328,93.83999633789062
2008-09-02,1.4515894651412964,79.19999694824219,45.54999923706055,127.98999786376953,94.37000274658203
2008-09-03,1.4486035108566284,78.88999938964844,45.119998931884766,127.87999725341797,94.7699966430664
2008-09-04,1.4264928102493286,78.38999938964844,43.65999984741211,124.02999877929688,95.52999877929688
2008-09-05,1.4274905920028687,78.9800033569336,43.45000076293945,124.41999816894531,95.4800033569336
2008-09-08,1.5050041675567627,78.86000061035156,43.369998931884766,126.98999786376953,95.87999725341797
2008-09-09,1.414847493171692,76.48999786376953,42.45000076293945,123.22000122070312,96.83000183105469
2008-09-10,1.3984057903289795,74.22000122070312,42.79999923706055,123.72000122070312,96.2300033569336
2008-09-11,1.3995996713638306,73.08000183105469,43.599998474121094,125.51000213623047,96.18000030517578
2008-09-12,1.4239943027496338,75.55000305175781,43.43000030517578,126.08999633789062,94.94000244140625
2008-09-15,1.4268999099731445,77.55999755859375,42.08000183105469,120.08999633789062,98.0199966430664
2008-09-16,1.4135074615478516,76.79000091552734,42.40999984741211,122.0999984741211,98.0
2008-09-17,1.4329315423965454,85.45999908447266,40.209999084472656,116.61000061035156,98.48999786376953
2008-09-18,1.4304922819137573,82.80000305175781,41.56999969482422,120.06999969482422,97.05000305175781
2008-09-19,1.441794753074646,85.9800033569336,42.900001525878906,124.12000274658203,93.97000122070312
2008-09-22,1.4795963764190674,89.18000030517578,40.880001068115234,121.30999755859375,93.95999908447266
2008-09-23,1.4692918062210083,88.31999969482422,40.56999969482422,118.55000305175781,93.5999984741211
2008-09-24,1.4633146524429321,86.70999908447266,40.849998474121094,118.93000030517578,94.01000213623047
2008-09-25,1.4641932249069214,86.44999694824219,41.5,120.79000091552734,93.81999969482422
2008-09-26,1.4598966836929321,86.63999938964844,41.08000183105469,120.8499984741211,94.5
2008-09-29,1.4393253326416016,89.56999969482422,37.81999969482422,111.37999725341797,97.25
2008-09-30,1.409641981124878,85.06999969482422,38.90999984741211,115.98999786376953,94.87999725341797
2008-10-01,1.4016202688217163,85.97000122070312,38.5,116.05999755859375,95.77999877929688
2008-10-02,1.380795955657959,82.33000183105469,36.75,111.8499984741211,96.55000305175781
2008-10-03,1.3784927129745483,82.58999633789062,36.18000030517578,110.33999633789062,97.4000015258789
2008-10-06,1.3504936695098877,84.27999877929688,34.86000061035156,104.72000122070312,99.16999816894531
2008-10-07,1.3588064908981323,87.2699966430664,32.650001525878906,100.02999877929688,98.87000274658203
2008-10-08,1.4957072734832764,89.41999816894531,32.38999938964844,97.51000213623047,97.44999694824219
2008-10-09,1.3598041534423828,89.9000015258789,31.520000457763672,90.69999694824219,96.62999725341797
2008-10-10,1.3398001194000244,83.22000122070312,31.31999969482422,88.5,95.94999694824219
2008-10-13,1.3621937036514282,81.98999786376953,35.130001068115234,101.3499984741211,94.72000122070312
2008-10-14,1.3618041276931763,82.19999694824219,33.61000061035156,99.8499984741211,94.11000061035156
2008-10-15,1.3443931341171265,83.30999755859375,30.600000381469727,90.0199966430664,95.01000213623047
2008-10-16,1.3489997386932373,79.29000091552734,32.2599983215332,93.7699966430664,94.5199966430664
2008-10-17,1.3422999382019043,77.20999908447266,32.29999923706055,93.20999908447266,93.87000274658203
2008-10-20,1.3313274383544922,78.5,33.20000076293945,98.80999755859375,94.62000274658203
2008-10-21,1.3061139583587646,76.02999877929688,31.479999542236328,95.86000061035156,95.12000274658203
2008-10-22,1.2816734313964844,71.70999908447266,30.610000610351562,90.63999938964844,97.05000305175781
2008-10-23,1.2944984436035156,70.6500015258789,30.489999771118164,91.69000244140625,97.7699966430664
2008-10-24,1.2629930973052979,72.20999908447266,29.510000228881836,87.04000091552734,96.7300033569336
2008-10-27,1.2464631795883179,72.18000030517578,28.690000534057617,83.94999694824219,96.80000305175781
2008-10-28,1.2809016704559326,73.79000091552734,31.860000610351562,93.76000213623047,95.38999938964844
2008-10-29,1.2959243059158325,74.0,31.780000686645508,93.08000183105469,94.91000366210938
2008-10-30,1.2868025302886963,72.70999908447266,32.84000015258789,96.30000305175781,94.05000305175781
2008-10-31,1.2701960802078247,71.33999633789062,32.88999938964844,96.83000183105469,92.83000183105469
2008-11-03,1.2617977857589722,71.0999984741211,32.81999969482422,97.11000061035156,92.70999908447266
2008-11-04,1.2983977794647217,75.4800033569336,33.75,100.41000366210938,94.44999694824219
2008-11-05,1.2918059825897217,72.80000305175781,31.989999771118164,96.19000244140625,95.56999969482422
2008-11-06,1.2695027589797974,72.22000122070312,30.559999465942383,90.86000061035156,94.87999725341797
2008-11-07,1.2714072465896606,72.5,31.190000534057617,93.86000061035156,94.26000213623047
2008-11-10,1.2747948169708252,73.58000183105469,30.770000457763672,92.62999725341797,94.72000122070312
2008-11-11,1.2515957355499268,72.05000305175781,30.100000381469727,89.7699966430664,95.0
2008-11-12,1.2459040880203247,70.0,28.709999084472656,85.81999969482422,95.61000061035156
2008-11-13,1.2788705825805664,72.1500015258789,30.459999084472656,91.16999816894531,93.31999969482422
2008-11-14,1.2596997022628784,73.30000305175781,28.979999542236328,86.62000274658203,95.16999816894531
2008-11-17,1.2643983364105225,72.6500015258789,28.3700008392334,85.47000122070312,95.58999633789062
2008-11-18,1.2636953592300415,72.51000213623047,28.34000015258789,87.08000183105469,96.81999969482422
2008-11-19,1.2505314350128174,72.26000213623047,26.860000610351562,81.5,99.30000305175781
2008-11-20,1.243904948234558,73.44999694824219,25.559999465942383,75.44999694824219,104.43000030517578
2008-11-21,1.2590969800949097,78.8499984741211,26.670000076293945,79.5199966430664,102.91999816894531
2008-11-24,1.291772723197937,80.91000366210938,28.299999237060547,85.02999877929688,101.30999755859375
2008-11-25,1.303407073020935,80.87000274658203,28.170000076293945,85.66000366210938,104.29000091552734
2008-11-26,1.289923071861267,80.37999725341797,29.350000381469727,88.97000122070312,104.43000030517578
2008-11-28,1.269792914390564,80.30999755859375,29.1200008392334,90.08999633789062,105.72000122070312
2008-12-01,1.2599060535430908,75.6500015258789,26.93000030517578,82.11000061035156,109.4000015258789
2008-12-02,1.2713264226913452,76.94999694824219,27.829999923706055,85.2699966430664,109.81999969482422
2008-12-03,1.2707933187484741,76.18000030517578,28.6200008392334,87.31999969482422,110.12999725341797
2008-12-04,1.277400255203247,75.5,27.809999465942383,85.30000305175781,112.30000305175781
2008-12-05,1.2716983556747437,74.5199966430664,28.940000534057617,87.93000030517578,110.4800033569336
2008-12-08,1.4918025732040405,76.19999694824219,30.079999923706055,91.0,110.23999786376953
2008-12-09,1.2926075458526611,76.33000183105469,30.010000228881836,89.5,112.41999816894531
2008-12-10,1.3014055490493774,79.75,29.90999984741211,90.11000061035156,112.1500015258789
2008-12-11,1.3329956531524658,80.6500015258789,29.09000015258789,87.94000244140625,112.37000274658203
2008-12-12,1.33539879322052,80.80999755859375,29.68000030517578,88.98999786376953,112.37000274658203
2008-12-15,1.3696004152297974,82.5999984741211,29.15999984741211,87.75,113.6500015258789
2008-12-16,1.4061928987503052,84.45999908447266,30.559999465942383,91.87999725341797,116.45999908447266
2008-12-17,1.440839171409607,85.43000030517578,30.190000534057617,90.98999786376953,119.62000274658203
2008-12-18,1.4293065071105957,83.87000274658203,29.65999984741211,89.29000091552734,122.12999725341797
2008-12-19,1.392602562904358,82.62999725341797,29.860000610351562,88.19000244140625,122.26000213623047
2008-12-22,1.3959071636199951,83.45999908447266,29.209999084472656,87.05999755859375,121.31999969482422
2008-12-23,1.3937865495681763,82.62999725341797,29.059999465942383,86.16000366210938,121.16000366210938
2008-12-24,1.4008938074111938,83.45999908447266,29.139999389648438,86.66000366210938,120.9000015258789
2008-12-26,1.4027016162872314,85.5999984741211,29.1299991607666,87.16000366210938,121.30000305175781
2008-12-29,1.4039028882980347,86.3499984741211,28.889999389648438,86.91000366210938,120.75
2008-12-30,1.4140071868896484,85.9000015258789,29.489999771118164,88.97000122070312,121.9000015258789
2008-12-31,1.3979953527450562,86.5199966430664,29.739999771118164,90.23999786376953,119.3499984741211
2009-01-02,1.3922922611236572,86.2300033569336,31.030000686645508,92.95999908447266,116.3499984741211
2009-01-05,1.3645915985107422,84.4800033569336,31.020000457763672,92.8499984741211,113.3499984741211
2009-01-06,1.3510043621063232,85.12999725341797,31.329999923706055,93.47000122070312,112.20999908447266
2009-01-07,1.3610997200012207,82.75,30.440000534057617,90.66999816894531,112.6500015258789
2009-01-08,1.3699005842208862,84.45999908447266,30.760000228881836,91.04000091552734,112.55999755859375
2009-01-09,1.345496654510498,83.91999816894531,30.06999969482422,89.08999633789062,112.7300033569336
2009-01-12,1.3360053300857544,80.76000213623047,29.520000457763672,86.94999694824219,113.9000015258789
2009-01-13,1.3202017545700073,80.87999725341797,29.530000686645508,87.11000061035156,114.0199966430664
2009-01-14,1.3217023611068726,79.79000091552734,28.6299991607666,84.37000274658203,115.9000015258789
2009-01-15,1.3158068656921387,80.38999938964844,29.100000381469727,84.4000015258789,116.08999633789062
2009-01-16,1.3292039632797241,82.70999908447266,29.420000076293945,85.05999755859375,114.30000305175781
2009-01-20,1.2884937524795532,84.5199966430664,27.959999084472656,80.56999969482422,114.27999877929688
2009-01-21,1.3005084991455078,84.1500015258789,29.149999618530273,84.05000305175781,110.66999816894531
2009-01-22,1.3006776571273804,84.58000183105469,28.760000228881836,82.75,108.54000091552734
2009-01-23,1.2964956760406494,88.52999877929688,28.899999618530273,83.11000061035156,107.69000244140625
2009-01-26,1.319191575050354,88.94999694824219,29.110000610351562,83.68000030517578,106.75
2009-01-27,1.3215975761413574,88.37999725341797,29.31999969482422,84.52999877929688,109.26000213623047
2009-01-28,1.3153221607208252,87.41999816894531,30.350000381469727,87.38999938964844,106.52999877929688
2009-01-29,1.2937949895858765,89.5,29.579999923706055,84.55000305175781,104.08000183105469
2009-01-30,1.2836971282958984,91.30999755859375,29.059999465942383,82.83000183105469,103.75
2009-02-02,1.2814927101135254,88.83999633789062,29.40999984741211,82.58000183105469,105.38999938964844
2009-02-03,1.3012869358062744,88.47000122070312,29.8700008392334,83.73999786376953,102.87999725341797
2009-02-04,1.2855618000030518,89.18000030517578,29.90999984741211,83.33000183105469,102.5199966430664
2009-02-05,1.2791157960891724,90.12000274658203,30.56999969482422,84.56999969482422,102.61000061035156
2009-02-06,1.2927078008651733,89.58999633789062,31.3700008392334,86.9800033569336,102.29000091552734
2009-02-09,1.2959076166152954,88.31999969482422,31.5,87.0999984741211,102.62000274658203
2009-02-10,1.2914056777954102,90.20999908447266,30.34000015258789,83.11000061035156,104.8499984741211
2009-02-11,1.2868025302886963,92.29000091552734,30.200000762939453,83.5999984741211,106.20999908447266
2009-02-12,1.28909170627594,93.16999816894531,30.56999969482422,83.66000366210938,105.20999908447266
2009-02-13,1.2866039276123047,92.55000305175781,30.43000030517578,82.76000213623047,102.41000366210938
2009-02-17,1.2581939697265625,95.44999694824219,29.219999313354492,79.22000122070312,105.5999984741211
2009-02-18,1.256897211074829,96.91000366210938,29.239999771118164,79.02999877929688,104.69999694824219
2009-02-19,1.2659028768539429,95.7699966430664,28.790000915527344,78.18000030517578,102.91999816894531
2009-02-20,1.2932929992675781,97.80000305175781,28.8700008392334,77.41999816894531,103.91999816894531
2009-02-23,1.267812728881836,97.7300033569336,27.860000610351562,74.6500015258789,104.87999725341797
2009-02-24,1.2873989343643188,94.7300033569336,28.780000686645508,77.4800033569336,104.7699966430664
2009-02-25,1.2724264860153198,93.1500015258789,28.59000015258789,76.87000274658203,103.55999755859375
2009-02-26,1.2720541954040527,93.05999755859375,27.790000915527344,75.62000274658203,102.47000122070312
2009-02-27,1.2678931951522827,92.62999725341797,27.530000686645508,73.93000030517578,101.87999725341797
2009-03-02,1.256407618522644,90.93000030517578,26.639999389648438,70.5999984741211,103.27999877929688
2009-03-03,1.253179907798767,90.04000091552734,26.6200008392334,70.06999969482422,102.58999633789062
2009-03-04,1.2638070583343506,88.98999786376953,27.329999923706055,71.7300033569336,102.12000274658203
2009-03-05,1.2546736001968384,91.98999786376953,26.510000228881836,68.80000305175781,104.95999908447266
2009-03-06,1.2638070583343506,92.29000091552734,26.299999237060547,68.91999816894531,104.26000213623047
2009-03-09,1.2622755765914917,90.56999969482422,25.739999771118164,68.11000061035156,103.6500015258789
2009-03-10,1.2716660499572754,88.13999938964844,27.329999923706055,72.16999816894531,101.66000366210938
2009-03-11,1.2806720733642578,89.22000122070312,27.75,72.63999938964844,102.76000213623047
2009-03-12,1.289889931678772,91.0999984741211,28.670000076293945,75.5,103.25
2009-03-13,1.2929919958114624,91.30000305175781,28.739999771118164,76.08999633789062,102.7300033569336
2009-03-16,1.2976058721542358,90.80000305175781,28.260000228881836,75.86000061035156,101.11000061035156
2009-03-17,1.3033220767974854,90.04000091552734,29.329999923706055,78.18000030517578,100.55999755859375
2009-03-18,1.3483994007110596,93.08999633789062,29.700000762939453,79.93000030517578,104.37000274658203
2009-03-19,1.3661948442459106,94.3499984741211,29.68000030517578,78.94000244140625,104.5
2009-03-20,1.3581973314285278,93.58999633789062,29.18000030517578,76.70999908447266,103.91999816894531
2009-03-23,1.3620452880859375,92.08000183105469,30.899999618530273,82.22000122070312,103.0199966430664
2009-03-24,1.348126769065857,90.94999694824219,30.329999923706055,80.5999984741211,104.0
2009-03-25,1.3576995134353638,91.9800033569336,30.469999313354492,81.44999694824219,102.5999984741211
2009-03-26,1.3530701398849487,91.93000030517578,31.40999984741211,83.11000061035156,103.79000091552734
2009-03-27,1.3292039632797241,90.69000244140625,30.81999969482422,81.61000061035156,104.55999755859375
2009-03-30,1.318617582321167,89.9800033569336,30.059999465942383,78.79000091552734,104.95999908447266
2009-03-31,1.3246963024139404,90.27999877929688,30.31999969482422,79.5199966430664,105.70999908447266
2009-04-01,1.3240998983383179,91.02999877929688,30.770000457763672,81.05999755859375,106.37000274658203
2009-04-02,1.346692442893982,88.80000305175781,31.760000228881836,83.43000030517578,105.06999969482422
2009-04-03,1.34890878200531,87.58999633789062,32.349998474121094,84.26000213623047,102.91999816894531
2009-04-06,1.340572476387024,85.2699966430664,32.27000045776367,83.5999984741211,102.4800033569336
2009-04-07,1.3277391195297241,86.73999786376953,31.420000076293945,81.6500015258789,102.73999786376953
2009-04-08,1.3251352310180664,86.61000061035156,31.950000762939453,82.52999877929688,103.6500015258789
2009-04-09,1.3159972429275513,86.30999755859375,32.939998626708984,85.80999755859375,102.3499984741211
2009-04-13,1.3363981246948242,87.87999725341797,32.88999938964844,85.83000183105469,103.29000091552734
2009-04-14,1.327404260635376,87.37000274658203,32.4900016784668,84.3499984741211,103.83000183105469
2009-04-15,1.3225939273834229,87.5,32.400001525878906,85.25,103.6500015258789
2009-04-16,1.3180439472198486,85.80999755859375,33.2400016784668,86.5,102.83000183105469
2009-04-17,1.3044953346252441,85.22000122070312,33.310001373291016,87.08000183105469,101.69999694824219
2009-04-20,1.2928917407989502,86.94999694824219,32.2400016784668,83.43000030517578,103.23999786376953
2009-04-21,1.2934937477111816,86.88999938964844,32.689998626708984,85.05999755859375,102.22000122070312
2009-04-22,1.300576090812683,87.37999725341797,32.790000915527344,84.54000091552734,101.5999984741211
2009-04-23,1.3140950202941895,88.80000305175781,33.11000061035156,85.37000274658203,101.58999633789062
2009-04-24,1.3258028030395508,89.72000122070312,33.689998626708984,86.66000366210938,100.56999969482422
2009-04-27,1.3018969297409058,89.01000213623047,33.72999954223633,85.83999633789062,101.0
2009-04-28,1.313094139099121,87.75,33.47999954223633,85.56999969482422,99.3499984741211
2009-04-29,1.3265942335128784,88.33000183105469,33.939998626708984,87.38999938964844,98.47000122070312
2009-04-30,1.323521614074707,87.2699966430664,34.279998779296875,87.41999816894531,98.08000183105469
2009-05-01,1.3268054723739624,86.94999694824219,34.369998931884766,87.88999938964844,97.11000061035156
2009-05-04,1.3418675661087036,88.63999938964844,35.04999923706055,90.87999725341797,97.43000030517578
2009-05-05,1.33159339427948,88.25,35.02000045776367,90.56999969482422,97.30999755859375
2009-05-06,1.3312920331954956,89.54000091552734,35.029998779296875,92.13999938964844,97.08000183105469
2009-05-07,1.3392080068588257,89.44000244140625,34.209999084472656,90.86000061035156,94.70999908447266
2009-05-08,1.3639029264450073,89.9800033569336,34.22999954223633,92.9800033569336,94.94000244140625
2009-05-11,1.358991026878357,89.69000244140625,34.349998474121094,91.23999786376953,96.29000091552734
2009-05-12,1.364498496055603,90.69999694824219,33.93000030517578,90.97000122070312,96.63999938964844
2009-05-13,1.3588618040084839,91.08999633789062,33.02000045776367,88.68000030517578,97.69000244140625
2009-05-14,1.3636053800582886,91.02999877929688,33.38999938964844,89.44000244140625,98.06999969482422
2009-05-15,1.350201964378357,91.55000305175781,33.369998931884766,88.70999908447266,98.04000091552734
2009-05-18,1.3558034896850586,90.36000061035156,34.2400016784668,91.2300033569336,96.5199966430664
2009-05-19,1.3632335662841797,90.95999908447266,34.400001525878906,91.12000274658203,96.01000213623047
2009-05-20,1.3772966861724854,92.25,34.279998779296875,90.51000213623047,97.0199966430664
2009-05-21,1.3906078338623047,93.8499984741211,33.650001525878906,89.20999908447266,94.58000183105469
2009-05-22,1.4003052711486816,94.1500015258789,33.540000915527344,89.0199966430664,93.52999877929688
2009-05-26,1.3994038105010986,93.76000213623047,34.790000915527344,91.30000305175781,92.12000274658203
2009-05-27,1.3833937644958496,93.44999694824219,34.54999923706055,89.66999816894531,90.48999786376953
2009-05-28,1.3931069374084473,94.23999786376953,34.95000076293945,90.91999816894531,91.80000305175781
2009-05-29,1.4157087802886963,96.19999694824219,35.380001068115234,92.52999877929688,94.16999816894531
2009-06-01,1.4163904190063477,95.7300033569336,36.38999938964844,94.7699966430664,91.08999633789062
2009-06-02,1.4308607578277588,96.36000061035156,36.439998626708984,94.8499984741211,91.58000183105469
2009-06-03,1.4149675369262695,94.41000366210938,36.33000183105469,93.6500015258789,92.44000244140625
2009-06-04,1.4177961349487305,96.2300033569336,36.7400016784668,94.52999877929688,90.52999877929688
2009-06-05,1.3971943855285645,93.70999908447266,36.779998779296875,94.55000305175781,89.83999633789062
2009-06-08,1.3902984857559204,93.55999755859375,36.66999816894531,94.16000366210938,89.61000061035156
2009-06-09,1.4063313007354736,93.83000183105469,36.95000076293945,94.63999938964844,89.5999984741211
2009-06-10,1.3983862400054932,93.86000061035156,36.81999969482422,94.4000015258789,88.19000244140625
2009-06-11,1.4110939502716064,93.69999694824219,36.81999969482422,94.81999969482422,89.16999816894531
2009-06-12,1.4001091718673706,92.16999816894531,36.650001525878906,95.08000183105469,89.97000122070312
2009-06-15,1.3784927129745483,91.0999984741211,35.900001525878906,92.9000015258789,90.77999877929688
2009-06-16,1.382991909980774,91.93000030517578,35.54999923706055,91.63999938964844,92.36000061035156
2009-06-17,1.393805980682373,92.3499984741211,35.88999938964844,91.55000305175781,91.83999633789062
2009-06-18,1.3914979696273804,91.61000061035156,35.81999969482422,92.22000122070312,90.44999694824219
2009-06-19,1.3947001695632935,91.9000015258789,36.15999984741211,92.04000091552734,91.69000244140625
2009-06-22,1.386520266532898,90.54000091552734,35.08000183105469,89.27999877929688,92.58000183105469
2009-06-23,1.4072020053863525,90.91999816894531,35.0,89.3499984741211,93.66999816894531
2009-06-24,1.3940973281860352,91.44999694824219,35.59000015258789,90.12000274658203,92.7300033569336
2009-06-25,1.3985623121261597,92.30999755859375,36.290000915527344,92.08000183105469,94.43000030517578
2009-06-26,1.4053035974502563,92.29000091552734,36.369998931884766,91.83999633789062,94.58999633789062
2009-06-29,1.408609390258789,92.04000091552734,36.45000076293945,92.69999694824219,94.7300033569336
2009-06-30,1.4038830995559692,91.18000030517578,36.380001068115234,91.94999694824219,94.56999969482422
2009-07-01,1.414087176322937,92.38999938964844,36.400001525878906,92.33000183105469,94.08000183105469
2009-07-02,1.3957513570785522,91.25,35.599998474121094,89.80999755859375,94.30000305175781
2009-07-06,1.3977022171020508,90.76000213623047,35.40999984741211,89.80000305175781,94.12000274658203
2009-07-07,1.3915947675704956,90.70999908447266,34.529998779296875,88.05999755859375,94.75
2009-07-08,1.3879058361053467,89.2699966430664,34.709999084472656,88.0,96.5
2009-07-09,1.4027999639511108,89.51000213623047,34.77000045776367,88.16999816894531,95.3499984741211
2009-07-10,1.3933980464935303,89.58000183105469,34.91999816894531,87.95999908447266,96.2300033569336
2009-07-13,1.3990123271942139,90.19000244140625,35.59000015258789,90.0999984741211,95.69000244140625
2009-07-14,1.3971552848815918,90.80999755859375,35.720001220703125,90.61000061035156,94.0999984741211
2009-07-15,1.4101985692977905,92.23999786376953,36.91999816894531,93.26000213623047,91.68000030517578
2009-07-16,1.414107084274292,91.9800033569336,37.36000061035156,93.11000061035156,92.66999816894531
2009-07-17,1.4104969501495361,91.93000030517578,37.560001373291016,94.12999725341797,91.23999786376953
2009-07-20,1.421181321144104,93.27999877929688,37.91999816894531,95.12999725341797,91.72000122070312
2009-07-21,1.4198495149612427,93.12999725341797,38.18000030517578,95.56999969482422,93.55000305175781
2009-07-22,1.4205957651138306,93.44000244140625,38.5,95.55000305175781,92.70999908447266
2009-07-23,1.416330337524414,93.26000213623047,39.349998474121094,97.66000366210938,91.01000213623047
2009-07-24,1.4212015867233276,93.41000366210938,39.04999923706055,98.05999755859375,91.44999694824219
2009-07-27,1.4247043132781982,93.70999908447266,39.349998474121094,98.3499984741211,90.4000015258789
2009-07-28,1.4146071672439575,92.11000061035156,39.08000183105469,97.88999938964844,91.19999694824219
2009-07-29,1.4014631509780884,91.19999694824219,39.34000015258789,97.6500015258789,91.69999694824219
2009-07-30,1.4084903001785278,91.62000274658203,39.56999969482422,98.66999816894531,93.0
2009-07-31,1.4260046482086182,93.3499984741211,39.45000076293945,98.80999755859375,94.80999755859375
2009-08-03,1.4411921501159668,93.87000274658203,40.040000915527344,100.44000244140625,93.05999755859375
2009-08-04,1.4419610500335693,94.68000030517578,40.040000915527344,100.69999694824219,92.31999969482422
2009-08-05,1.4411712884902954,94.77999877929688,39.72999954223633,100.41000366210938,90.94000244140625
2009-08-06,1.4372979402542114,94.5999984741211,39.380001068115234,99.88999938964844,91.25
2009-08-07,1.419103980064392,93.75,39.880001068115234,101.19999694824219,90.48999786376953
2009-08-10,1.413107991218567,92.93000030517578,39.599998474121094,100.98999786376953,91.62000274658203
2009-08-11,1.4150075912475586,92.79000091552734,39.2599983215332,99.7300033569336,92.68000030517578
2009-08-12,1.4217066764831543,92.94999694824219,39.869998931884766,100.80000305175781,91.69000244140625
2009-08-13,1.4275925159454346,93.72000122070312,40.09000015258789,101.56999969482422,92.98999786376953
2009-08-14,1.42069673538208,93.0,39.630001068115234,100.79000091552734,93.3499984741211
2009-08-17,1.4105963706970215,91.61000061035156,38.47999954223633,98.30999755859375,94.7300033569336
2009-08-18,1.4165109395980835,92.05999755859375,39.029998779296875,99.08999633789062,94.18000030517578
2009-08-19,1.4253947734832764,92.52999877929688,39.29999923706055,99.95999908447266,94.95999908447266
2009-08-20,1.4260046482086182,92.2699966430664,39.7599983215332,100.98999786376953,95.73999786376953
2009-08-21,1.4320902824401855,93.6500015258789,40.290000915527344,102.97000122070312,93.7699966430664
2009-08-24,1.4293065071105957,92.33999633789062,40.25,102.95999908447266,95.47000122070312
2009-08-25,1.4284082651138306,92.76000213623047,40.369998931884766,103.16000366210938,96.01000213623047
2009-08-26,1.4236294031143188,92.79000091552734,40.29999923706055,103.16999816894531,96.44999694824219
2009-08-27,1.4372979402542114,93.19000244140625,40.400001525878906,103.4000015258789,96.06999969482422
2009-08-28,1.4359976053237915,93.87000274658203,40.439998626708984,103.37999725341797,96.51000213623047
2009-08-31,1.434267520904541,93.4000015258789,40.029998779296875,102.45999908447266,96.5999984741211
2009-09-01,1.4212015867233276,93.9000015258789,39.279998779296875,100.19999694824219,96.05999755859375
2009-09-02,1.4274091720581055,96.19000244140625,39.25,99.81999969482422,97.45999908447266
2009-09-03,1.4256386756896973,97.45999908447266,39.5099983215332,100.6500015258789,96.86000061035156
2009-09-04,1.4294085502624512,97.52999877929688,40.36000061035156,102.05999755859375,95.20999908447266
2009-09-08,1.4504104852676392,97.43000030517578,40.7400016784668,102.94000244140625,94.54000091552734
2009-09-09,1.4547992944717407,97.08000183105469,41.09000015258789,103.7300033569336,94.43000030517578
2009-09-10,1.4581297636032104,97.69999694824219,41.47999954223633,104.79000091552734,96.16999816894531
2009-09-11,1.4580022096633911,98.77999877929688,41.52000045776367,104.7699966430664,96.69999694824219
2009-09-14,1.4643217325210571,97.95999908447266,41.68000030517578,105.27999877929688,95.73999786376953
2009-09-15,1.4670931100845337,98.9000015258789,41.810001373291016,105.72000122070312,95.25
2009-09-16,1.4711940288543701,99.91000366210938,42.41999816894531,107.31999969482422,95.41999816894531
2009-09-17,1.4732965230941772,99.33999633789062,42.40999984741211,107.16000366210938,96.62000274658203
2009-09-18,1.4716053009033203,98.66999816894531,42.439998626708984,106.72000122070312,95.76000213623047
2009-09-21,1.468407154083252,98.36000061035156,42.56999969482422,106.44999694824219,95.9800033569336
2009-09-22,1.4811961650848389,99.66999816894531,42.650001525878906,107.06999969482422,96.18000030517578
2009-09-23,1.4726022481918335,98.83000183105469,42.45000076293945,106.18000030517578,96.47000122070312
2009-09-24,1.4650940895080566,97.55000305175781,42.06999969482422,105.01000213623047,96.75
2009-09-25,1.4684934616088867,97.0,41.70000076293945,104.44999694824219,97.9800033569336
2009-09-28,1.462159276008606,97.05000305175781,42.40999984741211,106.31999969482422,98.83999633789062
2009-09-29,1.4591723680496216,97.43000030517578,42.220001220703125,106.0,98.75
2009-09-30,1.465502142906189,98.8499984741211,42.25,105.58999633789062,98.66000366210938
2009-10-01,1.4515894651412964,97.88999938964844,41.0,102.97000122070312,99.69999694824219
2009-10-02,1.4590020179748535,98.37000274658203,40.880001068115234,102.48999786376953,99.01000213623047
2009-10-05,1.465996265411377,99.81999969482422,41.209999084472656,104.0199966430664,99.0199966430664
2009-10-06,1.4721685647964478,102.27999877929688,41.939998626708984,105.51000213623047,98.04000091552734
2009-10-07,1.4711507558822632,102.36000061035156,42.060001373291016,105.80000305175781,99.19000244140625
2009-10-08,1.4781310558319092,103.63999938964844,42.2400016784668,106.61000061035156,98.1500015258789
2009-10-09,1.473405122756958,102.83999633789062,42.47999954223633,107.26000213623047,95.9000015258789
2009-10-12,1.4792898893356323,103.55999755859375,42.56999969482422,107.68000030517578,96.05000305175781
2009-10-13,1.4846047163009644,104.26000213623047,42.58000183105469,107.45999908447266,96.55000305175781
2009-10-14,1.4932059049606323,104.18000030517578,43.15999984741211,109.30999755859375,95.12000274658203
2009-10-15,1.4955954551696777,102.86000061035156,43.060001373291016,109.70999908447266,94.68000030517578
2009-10-16,1.4908016920089722,103.18000030517578,42.779998779296875,108.88999938964844,95.44999694824219
2009-10-19,1.496490716934204,104.2300033569336,43.209999084472656,109.79000091552734,96.19999694824219
2009-10-20,1.4934512376785278,103.41999816894531,43.220001220703125,109.20999908447266,96.72000122070312
2009-10-21,1.500690221786499,103.75,43.13999938964844,108.2300033569336,96.13999938964844
2009-10-22,1.504189133644104,103.91999816894531,43.310001373291016,109.33000183105469,95.66999816894531
2009-10-23,1.5010056495666504,103.48999786376953,43.130001068115234,108.08000183105469,94.94999694824219
2009-10-26,1.4861712455749512,101.86000061035156,42.9900016784668,106.91000366210938,93.72000122070312
2009-10-27,1.4817010164260864,101.8499984741211,42.34000015258789,106.41999816894531,95.0
2009-10-28,1.4718002080917358,100.7300033569336,41.38999938964844,104.41000366210938,95.44999694824219
2009-10-29,1.4840097427368164,102.69000244140625,42.09000015258789,106.6500015258789,94.41000366210938
2009-10-30,1.4732965230941772,102.52999877929688,40.959999084472656,103.55999755859375,95.77999877929688
2009-11-02,1.4774104356765747,103.94999694824219,41.130001068115234,104.31999969482422,95.05000305175781
2009-11-03,1.473101258277893,106.45999908447266,41.2599983215332,104.6500015258789,94.0999984741211
2009-11-04,1.4869003295898438,107.0999984741211,41.33000183105469,104.91999816894531,93.23999786376953
2009-11-05,1.4878073930740356,106.9800033569336,42.349998474121094,106.8499984741211,93.23999786376953
2009-11-06,1.4848912954330444,107.43000030517578,42.599998474121094,107.12999725341797,93.33000183105469
2009-11-09,1.5008028745651245,108.19000244140625,43.5099983215332,109.56999969482422,93.44000244140625
2009-11-10,1.4989807605743408,108.38999938964844,43.619998931884766,109.58999633789062,93.2699966430664
2009-11-11,1.4983967542648315,109.5999984741211,43.900001525878906,110.1500015258789,93.66000366210938
2009-11-12,1.4856854677200317,108.20999908447266,43.650001525878906,109.02999877929688,93.48999786376953
2009-11-13,1.490890622138977,109.73999786376953,44.0099983215332,109.62000274658203,93.91999816894531
2009-11-16,1.498374342918396,111.62999725341797,44.459999084472656,111.20999908447266,95.0199966430664
2009-11-17,1.4876967668533325,111.97000122070312,44.599998474121094,111.33999633789062,95.52999877929688
2009-11-18,1.495394229888916,112.25,44.349998474121094,111.2699966430664,94.97000122070312
2009-11-19,1.4916245937347412,112.30000305175781,43.65999984741211,109.81999969482422,95.13999938964844
2009-11-20,1.4863920211791992,112.94000244140625,43.439998626708984,109.43000030517578,95.12000274658203
2009-11-23,1.496199607849121,114.29000091552734,44.13999938964844,110.81999969482422,95.0
2009-11-24,1.496669888496399,114.7300033569336,43.9900016784668,110.98999786376953,95.5999984741211
2009-11-25,1.5127906799316406,116.62000274658203,44.18000030517578,111.37999725341797,96.04000091552734
2009-11-27,1.4990930557250977,115.05999755859375,43.5099983215332,109.56999969482422,96.4000015258789
2009-11-30,1.5038950443267822,115.63999938964844,43.560001373291016,109.94000244140625,96.62999725341797
2009-12-01,1.5090012550354004,117.37999725341797,44.0099983215332,111.30000305175781,95.25
2009-12-02,1.5069773197174072,119.18000030517578,44.06999969482422,111.25,95.33000183105469
2009-12-03,1.506545901298523,118.69999694824219,43.88999938964844,110.37999725341797,94.33999633789062
2009-12-04,1.485707402229309,113.75,44.119998931884766,111.01000213623047,93.33999633789062
2009-12-07,1.4841198921203613,113.11000061035156,43.90999984741211,110.83999633789062,93.45999908447266
2009-12-08,1.4697020053863525,110.94999694824219,43.63999938964844,109.61000061035156,93.5999984741211
2009-12-09,1.4737958908081055,110.83999633789062,44.08000183105469,110.0199966430664,93.16999816894531
2009-12-10,1.4729492664337158,110.81999969482422,44.29999923706055,110.63999938964844,92.0999984741211
2009-12-11,1.4619027376174927,109.31999969482422,44.130001068115234,111.11000061035156,92.08999633789062
2009-12-14,1.4656953811645508,110.23999786376953,44.54999923706055,111.87000274658203,92.19999694824219
2009-12-15,1.4542070627212524,110.20999908447266,44.29999923706055,111.3499984741211,91.79000091552734
2009-12-16,1.452601671218872,111.58999633789062,44.36000061035156,111.5199966430664,91.68000030517578
2009-12-17,1.4346996545791626,107.33999633789062,43.81999969482422,110.18000030517578,93.19000244140625
2009-12-18,1.4349054098129272,108.94999694824219,44.459999084472656,110.20999908447266,92.79000091552734
2009-12-21,1.428673505783081,106.94999694824219,44.959999084472656,111.33000183105469,91.13999938964844
2009-12-22,1.4254355430603027,106.16999816894531,45.22999954223633,111.7300033569336,90.62999725341797
2009-12-23,1.4336096048355103,106.55000305175781,45.560001373291016,111.94999694824219,90.6500015258789
2009-12-24,1.4384970664978027,108.36000061035156,45.97999954223633,112.4800033569336,89.70999908447266
2009-12-28,1.437504529953003,108.55000305175781,46.220001220703125,112.72000122070312,89.45999908447266
2009-12-29,1.434308648109436,107.47000122070312,46.029998779296875,112.55999755859375,89.7300033569336
2009-12-30,1.4342057704925537,106.93000030517578,46.16999816894531,112.5199966430664,90.31999969482422
2009-12-31,1.4327058792114258,107.30999755859375,45.75,111.44000244140625,89.88999938964844
2010-01-04,1.4423978328704834,109.80000305175781,46.41999816894531,113.33000183105469,89.80999755859375
2010-01-05,1.4365959167480469,109.69999694824219,46.41999816894531,113.62999725341797,90.38999938964844
2010-01-06,1.4404033422470093,111.51000213623047,46.13999938964844,113.70999908447266,89.18000030517578
2010-01-07,1.4318032264709473,110.81999969482422,46.16999816894531,114.19000244140625,89.33000183105469
2010-01-08,1.44110906124115,111.37000274658203,46.54999923706055,114.56999969482422,89.29000091552734
2010-01-11,1.4511260986328125,112.8499984741211,46.36000061035156,114.7300033569336,88.80000305175781
2010-01-12,1.447659969329834,110.48999786376953,45.779998779296875,113.66000366210938,90.31999969482422
2010-01-13,1.4523905515670776,111.54000091552734,46.349998474121094,114.62000274658203,89.2699966430664
2010-01-14,1.4499897956848145,112.02999877929688,46.38999938964844,114.93000030517578,90.5199966430664
2010-01-15,1.4390974044799805,110.86000061035156,45.849998474121094,113.63999938964844,91.08000183105469
2010-01-19,1.4281021356582642,111.5199966430664,46.59000015258789,115.05999755859375,90.81999969482422
2010-01-20,1.4110342264175415,108.94000244140625,45.91999816894531,113.88999938964844,91.73999786376953
2010-01-21,1.4097015857696533,107.37000274658203,45.4900016784668,111.69999694824219,92.16000366210938
2010-01-22,1.414107084274292,107.16999816894531,44.15999984741211,109.20999908447266,92.0
2010-01-25,1.4150075912475586,107.4800033569336,44.310001373291016,109.7699966430664,91.58000183105469
2010-01-26,1.4082324504852295,107.55999755859375,44.349998474121094,109.30999755859375,91.61000061035156
2010-01-27,1.4030951261520386,106.52999877929688,44.70000076293945,109.83000183105469,91.55999755859375
2010-01-28,1.3968042135238647,106.4800033569336,43.54999923706055,108.56999969482422,91.51000213623047
2010-01-29,1.3866932392120361,105.95999908447266,42.790000915527344,107.38999938964844,92.30999755859375
2010-02-01,1.3926994800567627,108.3499984741211,43.2599983215332,109.05999755859375,91.1500015258789
2010-02-02,1.3976240158081055,109.12999725341797,43.650001525878906,110.37999725341797,91.41000366210938
2010-02-03,1.3901052474975586,108.69999694824219,43.88999938964844,109.83000183105469,90.3499984741211
2010-02-04,1.3744947910308838,104.37000274658203,42.619998931884766,106.44000244140625,91.77999877929688
2010-02-05,1.368007779121399,104.68000030517578,42.97999954223633,106.66000366210938,91.9800033569336
2010-02-08,1.3654673099517822,104.04000091552734,42.66999816894531,105.88999938964844,92.0999984741211
2010-02-09,1.378207802772522,105.41000366210938,43.11000061035156,107.22000122070312,91.18000030517578
2010-02-10,1.3753266334533691,105.12000274658203,43.02000045776367,107.01000213623047,90.30999755859375
2010-02-11,1.3681762218475342,107.12999725341797,43.66999816894531,108.12999725341797,89.81999969482422
2010-02-12,1.363493800163269,107.04000091552734,43.7599983215332,108.04000091552734,90.19000244140625
2010-02-16,1.3767088651657104,109.62000274658203,44.31999969482422,109.73999786376953,90.36000061035156
2010-02-17,1.3606922626495361,109.25,44.56999969482422,110.26000213623047,89.33000183105469
2010-02-18,1.3461486101150513,109.9800033569336,44.849998474121094,110.91000366210938,88.97000122070312
2010-02-19,1.3615074157714844,109.47000122070312,44.83000183105469,111.13999938964844,89.44999694824219
2010-02-22,1.3605626821517944,109.06999969482422,44.7400016784668,111.16000366210938,89.08000183105469
2010-02-23,1.3527040481567383,107.88999938964844,44.15999984741211,109.80999755859375,90.47000122070312
2010-02-24,1.354316234588623,107.36000061035156,44.61000061035156,110.81999969482422,90.69000244140625
2010-02-25,1.3536012172698975,108.30999755859375,44.599998474121094,110.66999816894531,91.19999694824219
2010-02-26,1.3631035089492798,109.43000030517578,44.7599983215332,110.73999786376953,91.66999816894531
2010-03-01,1.356208086013794,109.43000030517578,45.40999984741211,111.88999938964844,91.33999633789062
2010-03-02,1.3620638847351074,111.0199966430664,45.54999923706055,112.19999694824219,91.22000122070312
2010-03-03,1.3701633214950562,111.62999725341797,45.599998474121094,112.30000305175781,90.98999786376953
2010-03-04,1.3584003448486328,110.83000183105469,45.75,112.63999938964844,91.47000122070312
2010-03-05,1.3628991842269897,110.80999755859375,46.439998626708984,114.25,90.2699966430664
2010-03-08,1.3616927862167358,109.87999725341797,46.529998779296875,114.2699966430664,89.80000305175781
2010-03-09,1.3606922626495361,109.72000122070312,46.790000915527344,114.45999908447266,89.81999969482422
2010-03-10,1.3643310070037842,108.47000122070312,47.16999816894531,114.97000122070312,89.58999633789062
2010-03-11,1.3685319423675537,108.5999984741211,47.349998474121094,115.44999694824219,89.91999816894531
2010-03-12,1.376993179321289,107.94999694824219,47.36000061035156,115.45999908447266,90.4800033569336
2010-03-15,1.3677457571029663,108.36000061035156,47.2400016784668,115.48999786376953,90.36000061035156
2010-03-16,1.3768794536590576,110.4000015258789,47.540000915527344,116.41000366210938,91.08000183105469
2010-03-17,1.3738338947296143,109.58999633789062,47.66999816894531,117.0999984741211,91.47000122070312
2010-03-18,1.361396312713623,110.33999633789062,47.83000183105469,117.04000091552734,91.16999816894531
2010-03-19,1.353692889213562,108.27999877929688,47.4900016784668,115.97000122070312,91.26000213623047
2010-03-22,1.356704831123352,107.75,47.91999816894531,116.58999633789062,91.36000061035156
2010-03-23,1.3468012809753418,108.31999969482422,48.25,117.41000366210938,90.93000030517578
2010-03-24,1.3331022262573242,106.30000305175781,48.02000045776367,116.83999633789062,89.2699966430664
2010-03-25,1.3307074308395386,106.77999877929688,47.95000076293945,116.6500015258789,88.69999694824219
2010-03-26,1.3410038948059082,108.58999633789062,48.0,116.58000183105469,88.94999694824219
2010-03-29,1.3481086492538452,108.75,48.22999954223633,117.31999969482422,88.61000061035156
2010-03-30,1.3424079418182373,107.97000122070312,48.38999938964844,117.4000015258789,88.88999938964844
2010-03-31,1.3508037328720093,108.94999694824219,48.15999984741211,117.0,89.5
2010-04-01,1.3584003448486328,110.26000213623047,48.15999984741211,117.80000305175781,88.94999694824219
2010-04-05,1.34890878200531,110.88999938964844,48.61000061035156,118.76000213623047,87.47000122070312
2010-04-06,1.3401951789855957,111.02999877929688,48.75,119.04000091552734,87.61000061035156
2010-04-07,1.3348461389541626,112.48999786376953,48.630001068115234,118.36000061035156,88.7300033569336
2010-04-08,1.336112380027771,112.6500015258789,48.7400016784668,118.7699966430664,88.7699966430664
2010-04-09,1.3500925302505493,113.63999938964844,49.029998779296875,119.55000305175781,88.9800033569336
2010-04-12,1.3596007823944092,113.01000213623047,49.06999969482422,119.73999786376953,89.44999694824219
2010-04-13,1.3608589172363281,112.69000244140625,49.31999969482422,119.83000183105469,89.73999786376953
2010-04-14,1.3655978441238403,113.02999877929688,49.90999984741211,121.19000244140625,89.11000061035156
2010-04-15,1.3574045896530151,113.6500015258789,50.130001068115234,121.29000091552734,89.20999908447266
2010-04-16,1.3504024744033813,111.23999786376953,49.529998779296875,119.36000061035156,89.86000061035156
2010-04-19,1.348726749420166,111.1500015258789,49.5,119.80999755859375,89.63999938964844
2010-04-20,1.343508243560791,111.45999908447266,49.75,120.87999725341797,89.95999908447266
2010-04-21,1.3389928340911865,112.30999755859375,50.029998779296875,120.66000366210938,90.69999694824219
2010-04-22,1.3269991874694824,111.83999633789062,50.310001373291016,121.0199966430664,90.43000030517578
2010-04-23,1.338401436805725,113.19000244140625,50.52000045776367,121.80999755859375,90.11000061035156
2010-04-26,1.3401232957839966,112.75,50.40999984741211,121.3499984741211,90.20999908447266
2010-04-27,1.3170719146728516,114.62999725341797,49.34000015258789,118.4800033569336,91.4800033569336
2010-04-28,1.321283221244812,114.30999755859375,49.369998931884766,119.37999725341797,90.69999694824219
2010-04-29,1.3262951374053955,114.27999877929688,50.22999954223633,120.86000061035156,91.08000183105469
2010-04-30,1.3298048973083496,115.36000061035156,49.2400016784668,118.80999755859375,92.12999725341797
2010-05-03,1.3199926614761353,115.7300033569336,49.93000030517578,120.3499984741211,91.69000244140625
2010-05-04,1.2963947057724,114.87000274658203,48.43000030517578,117.5199966430664,93.33999633789062
2010-05-05,1.2814927101135254,115.08999633789062,48.18000030517578,116.81999969482422,93.88999938964844
2010-05-06,1.263296127319336,118.48999786376953,46.56999969482422,112.94000244140625,96.79000091552734
2010-05-07,1.2756078243255615,118.2699966430664,45.40999984741211,111.26000213623047,95.58000183105469
2010-05-10,1.2779226303100586,117.56999969482422,47.77000045776367,116.16000366210938,93.5999984741211
2010-05-11,1.2629930973052979,120.66000366210938,47.720001220703125,115.83000183105469,93.36000061035156
2010-05-12,1.2639029026031494,121.4000015258789,48.619998931884766,117.44999694824219,92.6500015258789
2010-05-13,1.2541072368621826,120.55999755859375,47.849998474121094,115.98999786376953,93.26000213623047
2010-05-14,1.2360023260116577,120.37000274658203,46.93000030517578,113.88999938964844,94.87999725341797
2010-05-17,1.2392956018447876,119.36000061035156,47.08000183105469,113.94999694824219,94.52999877929688
2010-05-18,1.217893362045288,119.48999786376953,46.43000030517578,112.4000015258789,95.9800033569336
2010-05-19,1.2393416166305542,116.62999725341797,46.060001373291016,111.76000213623047,96.30000305175781
2010-05-20,1.2478941679000854,115.83999633789062,44.349998474121094,107.54000091552734,98.33000183105469
2010-05-21,1.2567076683044434,115.22000122070312,44.84000015258789,109.11000061035156,98.43000030517578
2010-05-24,1.234994888305664,116.83999633789062,44.65999984741211,107.70999908447266,98.08999633789062
2010-05-25,1.2345983982086182,117.36000061035156,44.70000076293945,107.81999969482422,98.56999969482422
2010-05-26,1.217300295829773,118.47000122070312,44.20000076293945,107.16999816894531,98.29000091552734
2010-05-27,1.2347966432571411,118.69000244140625,45.869998931884766,110.76000213623047,96.05999755859375
2010-05-28,1.227400541305542,118.87999725341797,45.599998474121094,109.37000274658203,96.5
2010-06-01,1.2233014106750488,119.91000366210938,45.18000030517578,107.52999877929688,96.8499984741211
2010-06-02,1.223900318145752,119.77999877929688,46.25,110.33000183105469,95.93000030517578
2010-06-03,1.216944694519043,117.95999908447266,46.689998626708984,110.70999908447266,95.2300033569336
2010-06-04,1.1971030235290527,119.19000244140625,45.09000015258789,106.81999969482422,97.79000091552734
2010-06-07,1.1922929286956787,121.48999786376953,44.27000045776367,105.48999786376953,98.54000091552734
2010-06-08,1.197203278541565,121.0,44.189998626708984,106.62000274658203,98.05000305175781
2010-06-09,1.1991989612579346,120.55999755859375,43.81999969482422,106.05000305175781,97.94000244140625
2010-06-10,1.2109030485153198,118.97000122070312,45.06999969482422,109.1500015258789,96.19000244140625
2010-06-11,1.2114017009735107,120.01000213623047,45.5,109.68000030517578,97.41000366210938
2010-06-14,1.2218068838119507,119.5999984741211,45.4900016784668,109.51000213623047,96.91000366210938
2010-06-15,1.2319064140319824,120.98999786376953,46.709999084472656,112.0,96.51000213623047
2010-06-16,1.2311935424804688,120.33000183105469,46.900001525878906,111.95999908447266,97.05999755859375
2010-06-17,1.238206148147583,121.9000015258789,47.04999923706055,112.13999938964844,97.8499984741211
2010-06-18,1.2392956018447876,122.83000183105469,47.0,111.7300033569336,97.69000244140625
2010-06-21,1.2316029071807861,120.38999938964844,46.599998474121094,111.41000366210938,97.41000366210938
2010-06-22,1.2275059223175049,121.44999694824219,46.2400016784668,109.56999969482422,98.56999969482422
2010-06-23,1.2319064140319824,120.94999694824219,46.04999923706055,109.2300033569336,99.23999786376953
2010-06-24,1.2337453365325928,121.30000305175781,45.349998474121094,107.41999816894531,98.6500015258789
2010-06-25,1.2373021841049194,122.76000213623047,45.27000045776367,107.87000274658203,99.05000305175781
2010-06-28,1.2277017831802368,121.08999633789062,45.11000061035156,107.52999877929688,99.9800033569336
2010-06-29,1.2186353206634521,121.2699966430664,43.369998931884766,104.20999908447266,101.06999969482422
2010-06-30,1.223002314567566,121.68000030517578,42.709999084472656,103.22000122070312,101.75
2010-07-01,1.2507504224777222,117.04000091552734,42.59000015258789,102.76000213623047,101.5999984741211
2010-07-02,1.257102608680725,118.48999786376953,42.470001220703125,102.19999694824219,100.79000091552734
2010-07-06,1.262403130531311,116.51000213623047,42.599998474121094,102.87000274658203,101.62000274658203
2010-07-07,1.2633121013641357,117.7300033569336,43.959999084472656,106.11000061035156,100.43000030517578
2010-07-08,1.2694060802459717,117.20999908447266,44.20000076293945,107.16000366210938,99.79000091552734
2010-07-09,1.2643983364105225,118.36000061035156,44.619998931884766,107.95999908447266,99.22000122070312
2010-07-12,1.2590018510818481,117.33999633789062,44.75,108.02999877929688,99.18000030517578
2010-07-13,1.2720866203308105,118.36000061035156,45.33000183105469,109.66000366210938,98.33000183105469
2010-07-14,1.274047613143921,118.30000305175781,45.560001373291016,109.6500015258789,99.31999969482422
2010-07-15,1.2928582429885864,118.2300033569336,45.599998474121094,109.68000030517578,100.30999755859375
2010-07-16,1.2931926250457764,116.66999816894531,44.34000015258789,106.66000366210938,100.80000305175781
2010-07-19,1.2939456701278687,115.7300033569336,44.720001220703125,107.29000091552734,100.18000030517578
2010-07-20,1.289307713508606,116.6500015258789,45.2599983215332,108.4800033569336,100.33000183105469
2010-07-21,1.276796817779541,115.8499984741211,44.63999938964844,107.06999969482422,102.02999877929688
2010-07-22,1.2903059720993042,116.86000061035156,45.77000045776367,109.45999908447266,100.8499984741211
2010-07-23,1.291305661201477,116.08999633789062,46.060001373291016,110.41000366210938,99.77999877929688
2010-07-26,1.299899935722351,115.5199966430664,46.439998626708984,111.55999755859375,99.61000061035156
2010-07-27,1.2990893125534058,113.51000213623047,46.41999816894531,111.55000305175781,98.6500015258789
2010-07-28,1.2992243766784668,113.77999877929688,46.04999923706055,110.83000183105469,98.97000122070312
2010-07-29,1.307805061340332,114.29000091552734,45.709999084472656,110.29000091552734,98.94000244140625
2010-07-30,1.3039000034332275,115.48999786376953,45.810001373291016,110.2699966430664,100.4800033569336
2010-08-02,1.3175925016403198,115.54000091552734,46.66999816894531,112.76000213623047,98.75
2010-08-03,1.3225064277648926,115.98999786376953,46.470001220703125,112.22000122070312,99.31999969482422
2010-08-04,1.3225064277648926,116.72000122070312,46.939998626708984,112.97000122070312,98.55999755859375
2010-08-05,1.3158068656921387,116.9800033569336,46.83000183105469,112.8499984741211,99.0199966430664
2010-08-06,1.3181308507919312,117.83999633789062,46.7599983215332,112.38999938964844,100.0999984741211
2010-08-09,1.3285682201385498,117.4000015258789,47.08000183105469,112.98999786376953,99.7300033569336
2010-08-10,1.3229963779449463,117.7300033569336,46.66999816894531,112.37999725341797,99.94000244140625
2010-08-11,1.3184958696365356,117.33999633789062,45.400001525878906,109.30000305175781,101.27999877929688
2010-08-12,1.284406065940857,118.7699966430664,45.040000915527344,108.62999725341797,101.02999877929688
2010-08-13,1.2829889059066772,118.73999786376953,44.720001220703125,108.30999755859375,102.29000091552734
2010-08-16,1.277090311050415,119.7300033569336,44.79999923706055,108.26000213623047,104.8499984741211
2010-08-17,1.2811970710754395,119.75,45.369998931884766,109.58999633789062,104.25
2010-08-18,1.2879958152770996,120.22000122070312,45.54999923706055,109.79000091552734,104.52999877929688
2010-08-19,1.28564453125,120.38999938964844,44.86000061035156,107.87999725341797,106.16000366210938
2010-08-20,1.2808033227920532,119.97000122070312,44.91999816894531,107.52999877929688,106.04000091552734
2010-08-23,1.2710033655166626,119.77999877929688,44.47999954223633,107.12000274658203,106.05999755859375
2010-08-24,1.2635036706924438,120.36000061035156,43.650001525878906,105.52999877929688,107.76000213623047
2010-08-25,1.263296127319336,121.36000061035156,44.06999969482422,105.94000244140625,107.41000366210938
2010-08-26,1.26639986038208,120.95999908447266,43.540000915527344,105.2300033569336,108.41999816894531
2010-08-27,1.2706480026245117,121.01000213623047,44.06999969482422,106.86000061035156,105.3499984741211
2010-08-30,1.2753963470458984,120.91000366210938,43.61000061035156,105.30999755859375,107.37000274658203
2010-08-31,1.266592264175415,122.08000183105469,43.459999084472656,105.30999755859375,108.55999755859375
2010-09-01,1.268729567527771,121.69000244140625,44.7599983215332,108.45999908447266,106.0
2010-09-02,1.2802950143814087,122.29000091552734,45.2599983215332,109.47000122070312,104.87999725341797
2010-09-03,1.2825939655303955,121.86000061035156,46.0099983215332,110.88999938964844,103.58000183105469
2010-09-07,1.2868356704711914,122.69999694824219,45.70000076293945,109.63999938964844,105.69999694824219
2010-09-08,1.2677966356277466,122.70999908447266,46.25,110.41000366210938,104.86000061035156
2010-09-09,1.2732040882110596,121.55999755859375,46.43000030517578,110.91999816894531,102.79000091552734
2010-09-10,1.269309401512146,121.7300033569336,46.599998474121094,111.4800033569336,102.31999969482422
2010-09-13,1.2716983556747437,121.62000274658203,47.25,112.72000122070312,102.81999969482422
2010-09-14,1.2872000932693481,124.0199966430664,47.45000076293945,112.6500015258789,103.80999755859375
2010-09-15,1.2991737127304077,123.94000244140625,47.75,113.08000183105469,102.2699966430664
2010-09-16,1.3015071153640747,124.62999725341797,47.939998626708984,113.05000305175781,101.26000213623047
2010-09-17,1.3075997829437256,124.54000091552734,47.9900016784668,112.48999786376953,101.66999816894531
2010-09-20,1.3043931722640991,124.87000274658203,48.83000183105469,114.20999908447266,102.26000213623047
2010-09-21,1.3066941499710083,126.01000213623047,48.81999969482422,113.9800033569336,103.68000030517578
2010-09-22,1.3256973028182983,126.19999694824219,48.689998626708984,113.41999816894531,104.61000061035156
2010-09-23,1.3391003608703613,126.30000305175781,48.66999816894531,112.5,104.91000366210938
2010-09-24,1.331912636756897,126.69000244140625,49.65999984741211,114.81999969482422,103.5
2010-09-27,1.3479087352752686,126.72000122070312,49.38999938964844,114.2699966430664,105.30000305175781
2010-09-28,1.3439054489135742,127.8499984741211,49.369998931884766,114.66999816894531,106.0199966430664
2010-09-29,1.3570915460586548,127.94999694824219,49.290000915527344,114.47000122070312,105.58000183105469
2010-09-30,1.3628062009811401,127.91000366210938,49.06999969482422,114.12999725341797,105.51000213623047
2010-10-01,1.3622123003005981,128.91000366210938,49.0099983215332,114.61000061035156,104.61000061035156
2010-10-04,1.377695083618164,128.4600067138672,48.47999954223633,113.75,104.87999725341797
2010-10-05,1.367409110069275,130.99000549316406,49.65999984741211,116.04000091552734,104.25
2010-10-06,1.3833937644958496,131.80999755859375,49.22999954223633,116.02999877929688,105.55999755859375
2010-10-07,1.3920016288757324,130.3699951171875,49.40999984741211,115.88999938964844,104.68000030517578
2010-10-08,1.3927963972091675,131.66000366210938,49.75,116.54000091552734,104.22000122070312
2010-10-11,1.3977607488632202,132.2899932861328,49.77000045776367,116.6500015258789,104.23999786376953
2010-10-12,1.3880213499069214,131.9600067138672,50.11000061035156,117.01000213623047,103.20999908447266
2010-10-13,1.3916915655136108,134.07000732421875,50.52000045776367,117.91999816894531,103.05000305175781
2010-10-14,1.3967260122299194,134.75,50.41999816894531,117.45999908447266,101.51000213623047
2010-10-15,1.4072020053863525,133.67999267578125,51.4900016784668,117.69999694824219,100.2699966430664
2010-10-18,1.3964334726333618,134.27999877929688,51.29999923706055,118.27999877929688,101.08000183105469
2010-10-19,1.3935922384262085,130.11000061035156,50.81999969482422,116.7300033569336,101.69000244140625
2010-10-20,1.3739094734191895,131.32000732421875,51.189998626708984,117.87000274658203,101.91000366210938
2010-10-21,1.3963165283203125,129.47000122070312,51.290000915527344,118.12999725341797,100.69999694824219
2010-10-22,1.3916915655136108,129.72999572753906,51.63999938964844,118.3499984741211,101.37999725341797
2010-10-25,1.3944084644317627,130.85000610351562,51.88999938964844,118.69999694824219,101.66999816894531
2010-10-26,1.3948947191238403,130.8800048828125,52.029998779296875,118.72000122070312,100.0999984741211
2010-10-27,1.3854252099990845,129.52000427246094,52.189998626708984,118.37999725341797,99.22000122070312
2010-10-28,1.377808928489685,131.24000549316406,52.29999923706055,118.4000015258789,99.48999786376953
2010-10-29,1.377808928489685,132.6199951171875,52.18000030517578,118.48999786376953,100.41999816894531
2010-11-01,1.397506833076477,131.9199981689453,52.220001220703125,118.52999877929688,99.66999816894531
2010-11-02,1.3910914659500122,132.49000549316406,52.779998779296875,119.47000122070312,100.9800033569336
2010-11-03,1.4036072492599487,131.57000732421875,53.02000045776367,119.94999694824219,98.91999816894531
2010-11-04,1.4127286672592163,136.02999877929688,53.66999816894531,122.26000213623047,99.69000244140625
2010-11-05,1.422798991203308,136.3800048828125,53.66999816894531,122.72000122070312,97.9800033569336
2010-11-08,1.407578468322754,137.77999877929688,53.7400016784668,122.48999786376953,98.41999816894531
2010-11-09,1.3869625329971313,135.58999633789062,53.45000076293945,121.61000061035156,96.25
2010-11-10,1.377201795578003,137.24000549316406,53.720001220703125,122.0999984741211,96.37999725341797
2010-11-11,1.3775622844696045,137.66000366210938,53.380001068115234,121.63999938964844,96.33000183105469
2010-11-12,1.3621008396148682,133.69000244140625,52.5099983215332,120.19999694824219,95.80999755859375
2010-11-15,1.3693190813064575,132.4199981689453,52.310001373291016,120.02999877929688,93.80999755859375
2010-11-16,1.357478380203247,130.97000122070312,51.45000076293945,118.16000366210938,96.13999938964844
2010-11-17,1.3490543365478516,130.3800048828125,51.599998474121094,118.22000122070312,95.61000061035156
2010-11-18,1.355399250984192,132.08999633789062,52.43000030517578,119.95999908447266,96.0
2010-11-19,1.365728497505188,132.1999969482422,52.470001220703125,120.29000091552734,96.58999633789062
2010-11-22,1.3744381666183472,133.47999572753906,52.90999984741211,120.19000244140625,97.0
2010-11-23,1.3601926565170288,134.41000366210938,52.06999969482422,118.44999694824219,97.4800033569336
2010-11-24,1.3386342525482178,134.17999267578125,53.119998931884766,120.19999694824219,95.73999786376953
2010-11-26,1.3339736461639404,133.11000061035156,52.77000045776367,118.80000305175781,97.06999969482422
2010-11-29,1.3238019943237305,133.50999450683594,52.72999954223633,119.16000366210938,97.9000015258789
2010-11-30,1.3103927373886108,135.4199981689453,52.09000015258789,118.48999786376953,98.41000366210938
2010-12-01,1.2992074489593506,135.3800048828125,53.189998626708984,121.01000213623047,95.88999938964844
2010-12-02,1.3124909400939941,135.1999969482422,53.72999954223633,122.55999755859375,95.63999938964844
2010-12-03,1.3215975761413574,138.07000732421875,53.869998931884766,122.88999938964844,94.88999938964844
2010-12-06,1.341597557067871,139.11000061035156,53.849998474121094,122.76000213623047,96.2300033569336
2010-12-07,1.328691840171814,136.5,53.880001068115234,122.83000183105469,94.16999816894531
2010-12-08,1.3244681358337402,134.7899932861328,54.08000183105469,123.27999877929688,93.26000213623047
2010-12-09,1.3250824213027954,135.3699951171875,54.130001068115234,123.76000213623047,93.72000122070312
2010-12-10,1.3242051601409912,135.41000366210938,54.4900016784668,124.4800033569336,93.1500015258789
2010-12-13,1.319713830947876,136.0500030517578,54.29999923706055,124.55999755859375,93.5
2010-12-14,1.3395488262176514,136.17999267578125,54.400001525878906,124.66999816894531,92.13999938964844
2010-12-15,1.336094617843628,134.6999969482422,54.15999984741211,124.0999984741211,90.94000244140625
2010-12-16,1.3224014043807983,133.80999755859375,54.58000183105469,124.81999969482422,91.56999969482422
2010-12-17,1.323994755744934,134.1999969482422,54.52000045776367,124.30000305175781,93.23999786376953
2010-12-20,1.3164995908737183,135.11000061035156,54.560001373291016,124.5999984741211,93.13999938964844
2010-12-21,1.3118022680282593,135.32000732421875,54.88999938964844,125.38999938964844,93.79000091552734
2010-12-22,1.3090033531188965,135.0500030517578,54.880001068115234,125.77999877929688,93.12000274658203
2010-12-23,1.3115441799163818,134.66000366210938,54.7400016784668,125.5999984741211,92.93000030517578
2010-12-27,1.3079760074615479,135.02000427246094,54.77000045776367,125.6500015258789,93.76000213623047
2010-12-28,1.3189654350280762,137.22000122070312,54.66999816894531,125.83000183105469,91.61000061035156
2010-12-29,1.3086265325546265,137.7100067138672,54.790000915527344,125.91999816894531,93.16000366210938
2010-12-30,1.3224539756774902,137.02999877929688,54.65999984741211,125.72000122070312,93.08999633789062
2010-12-31,1.3301233053207397,138.72000122070312,54.459999084472656,125.75,94.12000274658203
2011-01-03,1.3357912302017212,138.0,55.310001373291016,127.05000305175781,93.41000366210938
2011-01-04,1.3356841802597046,134.75,55.27000045776367,126.9800033569336,93.5199966430664
2011-01-05,1.3321077823638916,134.3699951171875,55.7400016784668,127.63999938964844,91.45999908447266
2011-01-06,1.3156856298446655,133.8300018310547,55.91999816894531,127.38999938964844,91.86000061035156
2011-01-07,1.2979933023452759,133.5800018310547,55.869998931884766,127.13999938964844,92.3499984741211
2011-01-10,1.289507269859314,134.1199951171875,56.08000183105469,126.9800033569336,92.8499984741211
2011-01-11,1.2964956760406494,134.91000366210938,56.15999984741211,127.43000030517578,92.33000183105469
2011-01-12,1.2983977794647217,135.4600067138672,56.560001373291016,128.5800018310547,91.61000061035156
2011-01-13,1.3128355741500854,134.0500030517578,56.58000183105469,128.3699951171875,92.43000030517578
2011-01-14,1.335327386856079,132.69000244140625,57.0,129.3000030517578,91.83999633789062
2011-01-18,1.3283917903900146,133.42999267578125,57.15999984741211,129.52000427246094,91.41000366210938
2011-01-19,1.3378105163574219,133.72000122070312,56.5099983215332,128.25,92.06999969482422
2011-01-20,1.3452069759368896,131.1999969482422,56.11000061035156,128.0800018310547,90.80000305175781
2011-01-21,1.3468012809753418,131.02999877929688,55.68000030517578,128.3699951171875,91.5199966430664
2011-01-24,1.361952543258667,130.36000061035156,56.45000076293945,129.10000610351562,91.55999755859375
2011-01-25,1.3644053936004639,130.10000610351562,56.529998779296875,129.1699981689453,92.43000030517578
2011-01-26,1.3686069250106812,131.16000366210938,56.83000183105469,129.6699981689453,91.02999877929688
2011-01-27,1.3710086345672607,127.93000030517578,57.18000030517578,129.99000549316406,91.44000244140625
2011-01-28,1.3723068237304688,130.27999877929688,55.72999954223633,127.72000122070312,91.91999816894531
2011-01-31,1.3572757244110107,129.8699951171875,56.0,128.67999267578125,91.22000122070312
2011-02-01,1.3713847398757935,130.8000030517578,57.04999923706055,130.74000549316406,90.44999694824219
2011-02-02,1.382991909980774,130.4499969482422,56.959999084472656,130.49000549316406,90.47000122070312
2011-02-03,1.3817880153656006,132.1999969482422,57.060001373291016,130.77999877929688,89.72000122070312
2011-02-04,1.362453579902649,131.66000366210938,57.380001068115234,131.14999389648438,88.80999755859375
2011-02-07,1.357496738433838,131.67999267578125,57.650001525878906,131.97000122070312,89.2699966430664
2011-02-08,1.359194278717041,133.13999938964844,58.029998779296875,132.57000732421875,88.44999694824219
2011-02-09,1.3626948595046997,133.07000732421875,57.93000030517578,132.27000427246094,89.22000122070312
2011-02-10,1.372099757194519,132.85000610351562,58.02000045776367,132.32000732421875,88.19000244140625
2011-02-11,1.3601926565170288,132.32000732421875,58.439998626708984,133.11000061035156,89.45999908447266
2011-02-14,1.3510043621063232,132.9499969482422,58.58000183105469,133.42999267578125,89.5199966430664
2011-02-15,1.3481086492538452,133.97000122070312,58.5,133.00999450683594,89.91999816894531
2011-02-16,1.3498555421829224,134.10000610351562,58.880001068115234,133.85000610351562,89.62999725341797
2011-02-17,1.357533574104309,135.0399932861328,58.86000061035156,134.25,89.7699966430664
2011-02-18,1.3626019954681396,135.41000366210938,58.72999954223633,134.52999877929688,89.48999786376953
2011-02-22,1.3682323694229126,136.2899932861328,57.029998779296875,131.8300018310547,90.83000183105469
2011-02-23,1.3673717975616455,137.50999450683594,56.560001373291016,131.02000427246094,91.16000366210938
2011-02-24,1.3764055967330933,136.47999572753906,56.86000061035156,130.92999267578125,91.73999786376953
2011-02-25,1.381998062133789,137.3800048828125,57.650001525878906,132.3300018310547,92.27999877929688
2011-02-28,1.373437762260437,137.66000366210938,57.77000045776367,133.14999389648438,92.4000015258789
2011-03-01,1.3821508884429932,140.02999877929688,56.84000015258789,130.92999267578125,92.37000274658203
2011-03-02,1.3771828413009644,139.9199981689453,57.13999938964844,131.2100067138672,90.94999694824219
2011-03-03,1.3866548538208008,138.08999633789062,58.27000045776367,133.47000122070312,90.05999755859375
2011-03-04,1.3958877325057983,139.35000610351562,57.970001220703125,132.47000122070312,90.80999755859375
2011-03-07,1.3990709781646729,139.72000122070312,57.189998626708984,131.42999267578125,90.2300033569336
2011-03-08,1.3963944911956787,139.36000061035156,57.41999816894531,132.5800018310547,89.68000030517578
2011-03-09,1.3897961378097534,139.41000366210938,57.029998779296875,132.38999938964844,90.55000305175781
2011-03-10,1.3902212381362915,137.77000427246094,56.13999938964844,129.94000244140625,92.06999969482422
2011-03-11,1.3801289796829224,138.22000122070312,56.4900016784668,130.83999633789062,91.55000305175781
2011-03-14,1.3934563398361206,138.86000061035156,56.290000915527344,130.0500030517578,91.51000213623047
2011-03-15,1.3992079496383667,136.27000427246094,55.4900016784668,128.55999755859375,92.87999725341797
2011-03-16,1.3986209630966187,136.24000549316406,54.150001525878906,126.18000030517578,93.93000030517578
2011-03-17,1.3884838819503784,136.97000122070312,54.650001525878906,127.8499984741211,93.20999908447266
2011-03-18,1.4032920598983765,138.3699951171875,54.45000076293945,127.76000213623047,93.45999908447266
2011-03-21,1.4170527458190918,139.13999938964844,55.5,129.74000549316406,92.91000366210938
2011-03-22,1.4217066764831543,139.0500030517578,55.400001525878906,129.2899932861328,93.22000122070312
2011-03-23,1.4168118238449097,140.33999633789062,55.709999084472656,129.66000366210938,93.0999984741211
2011-03-24,1.4105963706970215,139.22000122070312,56.70000076293945,130.89999389648438,92.4000015258789
2011-03-25,1.4171934127807617,139.25999450683594,56.84000015258789,131.3000030517578,92.16999816894531
2011-03-28,1.402603268623352,138.5399932861328,56.529998779296875,130.97999572753906,92.30000305175781
2011-03-29,1.4079747200012207,138.2100067138672,57.08000183105469,131.86000061035156,91.58999633789062
2011-03-30,1.411113977432251,138.6699981689453,57.349998474121094,132.77000427246094,92.31999969482422
2011-03-31,1.4121301174163818,139.86000061035156,57.43000030517578,132.58999633789062,92.12999725341797
2011-04-01,1.415869116783142,139.1999969482422,57.459999084472656,133.14999389648438,92.19000244140625
2011-04-04,1.4223334789276123,139.83999633789062,57.27000045776367,133.25999450683594,92.29000091552734
2011-04-05,1.422009825706482,142.0500030517578,57.119998931884766,133.24000549316406,91.91999816894531
2011-04-06,1.4219088554382324,142.3800048828125,57.2599983215332,133.66000366210938,90.54000091552734
2011-04-07,1.4335273504257202,142.50999450683594,57.220001220703125,133.32000732421875,90.36000061035156
2011-04-08,1.430206060409546,143.66000366210938,56.95000076293945,132.86000061035156,89.87999725341797
2011-04-11,1.446215271949768,142.63999938964844,56.7599983215332,132.4600067138672,89.95999908447266
2011-04-12,1.4437931776046753,141.61000061035156,56.369998931884766,131.47000122070312,90.93000030517578
2011-04-13,1.447638988494873,141.89999389648438,56.849998474121094,131.4600067138672,91.5
2011-04-14,1.444210171699524,143.80999755859375,56.75,131.55999755859375,91.43000030517578
2011-04-15,1.4432096481323242,145.0500030517578,56.650001525878906,132.0399932861328,92.66999816894531
2011-04-18,1.4412959814071655,145.92999267578125,56.25,130.55999755859375,92.87999725341797
2011-04-19,1.4223941564559937,145.92999267578125,56.599998474121094,131.30999755859375,93.27999877929688
2011-04-20,1.433794617652893,146.5,57.880001068115234,133.10000610351562,92.68000030517578
2011-04-21,1.4513999223709106,146.74000549316406,58.34000015258789,133.77999877929688,92.5999984741211
2011-04-25,1.4557099342346191,146.8699951171875,58.4900016784668,133.63999938964844,92.94999694824219
2011-04-26,1.4578959941864014,146.3800048828125,58.81999969482422,134.7899932861328,93.8499984741211
2011-04-27,1.4687954187393188,149.1999969482422,59.220001220703125,135.6699981689453,92.88999938964844
2011-04-28,1.4779999256134033,149.82000732421875,59.130001068115234,136.11000061035156,93.5999984741211
2011-04-29,1.4844063520431519,152.3699951171875,59.08000183105469,136.42999267578125,93.88999938964844
2011-05-02,1.4793994426727295,150.41000366210938,58.970001220703125,136.22000122070312,93.63999938964844
2011-05-03,1.4823819398880005,149.8800048828125,58.689998626708984,135.72999572753906,94.16999816894531
2011-05-04,1.4833273887634277,147.72999572753906,58.599998474121094,134.8300018310547,94.58999633789062
2011-05-05,1.4829754829406738,143.47000122070312,58.279998779296875,133.61000061035156,95.48999786376953
2011-05-06,1.454439640045166,145.3000030517578,58.470001220703125,134.1999969482422,95.06999969482422
2011-05-09,1.4352967739105225,147.3800048828125,58.689998626708984,134.72000122070312,94.97000122070312
2011-05-10,1.4376078844070435,147.89999389648438,59.189998626708984,135.8699951171875,94.29000091552734
2011-05-11,1.44110906124115,146.5399932861328,58.7599983215332,134.44000244140625,94.83000183105469
2011-05-12,1.4211004972457886,146.58999633789062,59.11000061035156,135.0800018310547,94.2300033569336
2011-05-13,1.423791527748108,145.6300048828125,58.40999984741211,134.0399932861328,95.08000183105469
2011-05-16,1.4077963829040527,145.3699951171875,57.400001525878906,133.19000244140625,95.61000061035156
2011-05-17,1.415808916091919,144.74000549316406,57.560001373291016,133.1699981689453,96.58999633789062
2011-05-18,1.4268999099731445,145.60000610351562,58.040000915527344,134.36000061035156,95.30999755859375
2011-05-19,1.4255167245864868,145.64999389648438,58.209999084472656,134.67999267578125,95.2699966430664
2011-05-20,1.4316186904907227,147.49000549316406,57.77000045776367,133.61000061035156,95.31999969482422
2011-05-23,1.4105764627456665,147.8300018310547,56.91999816894531,132.05999755859375,95.77999877929688
2011-05-24,1.403666377067566,148.58999633789062,56.56999969482422,131.9499969482422,96.13999938964844
2011-05-25,1.4099003076553345,148.5800018310547,56.790000915527344,132.38999938964844,95.69000244140625
2011-05-26,1.4084903001785278,148.22000122070312,57.13999938964844,133.0,96.51000213623047
2011-05-27,1.4135074615478516,149.6999969482422,57.43000030517578,133.50999450683594,96.47000122070312
2011-05-31,1.4322338104248047,149.63999938964844,58.36000061035156,134.89999389648438,96.69000244140625
2011-06-01,1.4427932500839233,149.91000366210938,57.09000015258789,131.8699951171875,97.63999938964844
2011-06-02,1.434493899345398,149.5,57.209999084472656,131.72999572753906,95.77999877929688
2011-06-03,1.4486035108566284,150.22000122070312,56.349998474121094,130.4199981689453,96.33000183105469
2011-06-06,1.465502142906189,150.47999572753906,55.88999938964844,129.0399932861328,95.5999984741211
2011-06-07,1.458299994468689,150.4199981689453,55.790000915527344,128.9600067138672,96.04000091552734
2011-06-08,1.4686013460159302,149.80999755859375,55.38999938964844,128.4199981689453,96.79000091552734
2011-06-09,1.4601950645446777,150.55999755859375,55.4900016784668,129.39999389648438,96.4000015258789
2011-06-10,1.451568365097046,149.24000549316406,54.63999938964844,127.5999984741211,97.13999938964844
2011-06-13,1.4332603216171265,147.77000427246094,54.63999938964844,127.69999694824219,96.6500015258789
2011-06-14,1.4416908025741577,148.6699981689453,55.34000015258789,129.32000732421875,95.19000244140625
2011-06-15,1.4450031518936157,149.1199951171875,54.290000915527344,127.0199966430664,96.91999816894531
2011-06-16,1.4181982278823853,148.97000122070312,54.08000183105469,127.30000305175781,97.36000061035156
2011-06-17,1.419909954071045,149.94000244140625,53.790000915527344,127.05000305175781,96.9000015258789
2011-06-20,1.4285101890563965,150.02999877929688,54.06999969482422,127.69999694824219,97.0199966430664
2011-06-21,1.4325416088104248,150.75999450683594,55.22999954223633,129.4499969482422,96.58999633789062
2011-06-22,1.4381660223007202,150.99000549316406,54.83000183105469,128.6699981689453,96.6500015258789
2011-06-23,1.4314342737197876,148.33999633789062,55.34000015258789,128.3000030517578,97.38999938964844
2011-06-24,1.427001714706421,146.25999450683594,54.380001068115234,126.80999755859375,96.9800033569336
2011-06-27,1.4171332120895386,145.72999572753906,55.25,127.94000244140625,95.6500015258789
2011-06-28,1.4316802024841309,146.24000549316406,56.06999969482422,129.61000061035156,94.87999725341797
2011-06-29,1.4357914924621582,147.17999267578125,56.29999923706055,130.72000122070312,94.25
2011-06-30,1.4478904008865356,146.0,57.04999923706055,131.97000122070312,94.0999984741211
2011-07-01,1.4496954679489136,144.92999267578125,57.90999984741211,133.9199981689453,93.62999725341797
2011-07-05,1.4553074836730957,147.6300048828125,58.20000076293945,133.80999755859375,93.83999633789062
2011-07-06,1.4428139925003052,148.91000366210938,58.38999938964844,133.97000122070312,94.31999969482422
2011-07-07,1.4331575632095337,149.14999389648438,59.189998626708984,135.36000061035156,94.04000091552734
2011-07-08,1.4364513158798218,150.25,59.029998779296875,134.39999389648438,95.37000274658203
2011-07-11,1.4201923608779907,151.58999633789062,57.959999084472656,131.97000122070312,96.80000305175781
2011-07-12,1.4040604829788208,152.77000427246094,57.52000045776367,131.39999389648438,97.12999725341797
2011-07-13,1.3969016075134277,154.13999938964844,57.7599983215332,131.83999633789062,97.4000015258789
2011-07-14,1.4234267473220825,154.5399932861328,57.09000015258789,130.92999267578125,96.01000213623047
2011-07-15,1.4157286882400513,155.1999969482422,57.849998474121094,131.69000244140625,96.16999816894531
2011-07-18,1.4123096466064453,156.57000732421875,57.540000915527344,130.61000061035156,95.23999786376953
2011-07-19,1.411193609237671,154.66000366210938,58.849998474121094,132.72999572753906,97.22000122070312
2011-07-20,1.417293906211853,156.02000427246094,58.599998474121094,132.64999389648438,96.06999969482422
2011-07-21,1.427001714706421,154.8300018310547,58.9900016784668,134.49000549316406,95.33000183105469
2011-07-22,1.4420026540756226,156.1199951171875,59.599998474121094,134.5800018310547,96.05000305175781
2011-07-25,1.4388489723205566,157.33999633789062,59.47999954223633,133.8300018310547,95.0
2011-07-26,1.4371533393859863,157.77000427246094,59.630001068115234,133.3300018310547,95.6500015258789
2011-07-27,1.450810194015503,157.19000244140625,58.09000015258789,130.60000610351562,95.66000366210938
2011-07-28,1.4372979402542114,157.32000732421875,58.189998626708984,130.22000122070312,96.0199966430664
2011-07-29,1.4331985712051392,158.2899932861328,58.0,129.3300018310547,97.91999816894531
2011-08-01,1.4363688230514526,157.72000122070312,57.72999954223633,128.77999877929688,98.58000183105469
2011-08-02,1.4262080192565918,161.52000427246094,56.27000045776367,125.48999786376953,101.54000091552734
2011-08-03,1.417333960533142,161.49000549316406,56.810001373291016,126.16999816894531,101.73999786376953
2011-08-04,1.4352967739105225,160.63999938964844,54.16999816894531,120.26000213623047,105.36000061035156
2011-08-05,1.4067071676254272,161.75,53.83000183105469,120.08000183105469,102.31999969482422
2011-08-08,1.4294085502624512,167.1199951171875,50.59000015258789,112.26000213623047,105.55000305175781
2011-08-09,1.4170728921890259,168.61000061035156,53.029998779296875,117.4800033569336,105.87000274658203
2011-08-10,1.4383108615875244,174.5800018310547,50.86000061035156,112.29000091552734,109.0199966430664
2011-08-11,1.4124692678451538,170.75,53.099998474121094,117.33000183105469,103.5199966430664
2011-08-12,1.4226369857788086,169.97000122070312,53.56999969482422,118.12000274658203,105.56999969482422
2011-08-15,1.4274091720581055,171.8000030517578,54.36000061035156,120.62000274658203,104.5
2011-08-16,1.4438347816467285,173.9199981689453,53.900001525878906,119.58999633789062,106.2300033569336
2011-08-17,1.439801812171936,174.4199981689453,53.58000183105469,119.66999816894531,108.08999633789062
2011-08-18,1.4429181814193726,177.72000122070312,50.95000076293945,114.51000213623047,110.30999755859375
2011-08-19,1.4324390888214111,179.9499969482422,50.029998779296875,112.63999938964844,111.19999694824219
2011-08-22,1.4369261264801025,184.58999633789062,50.209999084472656,112.7300033569336,110.91999816894531
2011-08-23,1.436100721359253,177.6699981689453,52.279998779296875,116.44000244140625,109.38999938964844
2011-08-24,1.4437098503112793,171.64999389648438,52.689998626708984,118.08000183105469,106.27999877929688
2011-08-25,1.44123375415802,172.36000061035156,51.83000183105469,116.27999877929688,107.43000030517578
2011-08-26,1.4372979402542114,177.47000122070312,53.130001068115234,117.97000122070312,108.48999786376953
2011-08-29,1.449506402015686,173.88999938964844,54.61000061035156,121.36000061035156,106.98999786376953
2011-08-30,1.4524328708648682,179.10000610351562,54.970001220703125,121.68000030517578,108.70999908447266
2011-08-31,1.4433138370513916,177.72000122070312,55.060001373291016,122.22000122070312,107.02999877929688
2011-09-01,1.4374631643295288,177.8699951171875,54.560001373291016,120.94000244140625,108.97000122070312
2011-09-02,1.4262080192565918,183.24000549316406,53.279998779296875,117.8499984741211,112.51000213623047
2011-09-06,1.4063115119934082,182.89999389648438,53.290000915527344,116.98999786376953,113.68000030517578
2011-09-07,1.4003249406814575,177.0800018310547,54.63999938964844,120.29000091552734,111.51000213623047
2011-09-08,1.4085696935653687,181.80999755859375,54.38999938964844,119.04000091552734,112.51000213623047
2011-09-09,1.3904144763946533,180.6999969482422,53.18000030517578,115.91999816894531,113.70999908447266
2011-09-12,1.3600815534591675,176.6699981689453,53.86000061035156,116.66999816894531,113.83000183105469
2011-09-13,1.3660268783569336,178.5399932861328,54.58000183105469,117.73999786376953,112.20999908447266
2011-09-14,1.3686069250106812,177.2100067138672,55.36000061035156,119.37000274658203,113.16000366210938
2011-09-15,1.3746082782745361,174.39999389648438,56.18000030517578,121.43000030517578,111.43000030517578
2011-09-16,1.3869048357009888,176.02999877929688,56.59000015258789,121.5199966430664,112.23999786376953
2011-09-19,1.3701446056365967,173.30999755859375,56.61000061035156,120.30999755859375,114.37999725341797
2011-09-20,1.3605626821517944,175.77999877929688,56.36000061035156,120.16999816894531,114.86000061035156
2011-09-21,1.369394063949585,173.58999633789062,55.380001068115234,116.62999725341797,118.66000366210938
2011-09-22,1.3586033582687378,169.0500030517578,53.58000183105469,112.86000061035156,123.12000274658203
2011-09-23,1.348090410232544,159.8000030517578,54.150001525878906,113.54000091552734,120.83000183105469
2011-09-26,1.3547013998031616,157.5800018310547,54.779998779296875,116.23999786376953,118.88999938964844
2011-09-27,1.351807951927185,160.6300048828125,55.349998474121094,117.54000091552734,117.06999969482422
2011-09-28,1.3582342863082886,156.22000122070312,54.529998779296875,115.13999938964844,117.02999877929688
2011-09-29,1.3537662029266357,157.6999969482422,53.880001068115234,116.05000305175781,117.83999633789062
2011-09-30,1.3585848808288574,158.05999755859375,52.4900016784668,113.1500015258789,120.80000305175781
2011-10-03,1.336094617843628,160.9600067138672,51.13999938964844,109.93000030517578,123.80999755859375
2011-10-04,1.3195048570632935,157.63999938964844,52.189998626708984,112.33999633789062,122.23999786376953
2011-10-05,1.3330134153366089,159.4600067138672,53.529998779296875,114.41999816894531,121.36000061035156
2011-10-06,1.333991527557373,160.49000549316406,54.43000030517578,116.48999786376953,119.12000274658203
2011-10-07,1.3428946733474731,159.17999267578125,54.06999969482422,115.70999908447266,118.23999786376953
2011-10-10,1.3385984897613525,163.27000427246094,55.939998626708984,119.58000183105469,116.56999969482422
2011-10-11,1.3635495901107788,162.10000610351562,56.31999969482422,119.69999694824219,116.18000030517578
2011-10-12,1.3645730018615723,163.25999450683594,56.599998474121094,120.75,114.48999786376953
2011-10-13,1.379196286201477,162.3000030517578,57.119998931884766,120.51000213623047,115.62999725341797
2011-10-14,1.3735508918762207,163.39999389648438,58.18000030517578,122.56999969482422,113.94999694824219
2011-10-17,1.3879058361053467,162.6199951171875,57.279998779296875,120.2300033569336,115.91999816894531
2011-10-18,1.3744003772735596,161.83999633789062,57.9900016784668,122.58000183105469,115.19999694824219
2011-10-19,1.3740037679672241,159.8699951171875,56.869998931884766,121.12999725341797,115.16000366210938
2011-10-20,1.3765003681182861,157.77000427246094,56.59000015258789,121.66000366210938,114.33999633789062
2011-10-21,1.377903938293457,159.52000427246094,57.29999923706055,123.97000122070312,113.12999725341797
2011-10-24,1.3847730159759521,161.02000427246094,58.4900016784668,125.48999786376953,113.31999969482422
2011-10-25,1.3922340869903564,165.58999633789062,57.34000015258789,123.05000305175781,116.19999694824219
2011-10-26,1.3904531002044678,167.39999389648438,57.27000045776367,124.30000305175781,114.16999816894531
2011-10-27,1.387694001197815,169.5500030517578,58.849998474121094,128.6300048828125,110.30000305175781
2011-10-28,1.4173942804336548,169.6199951171875,58.939998626708984,128.60000610351562,111.45999908447266
2011-10-31,1.4140071868896484,167.33999633789062,57.95000076293945,125.5,115.87999725341797
2011-11-01,1.386001467704773,167.3800048828125,56.439998626708984,122.0,119.44999694824219
2011-11-02,1.3655978441238403,169.05999755859375,56.91999816894531,123.98999786376953,117.95999908447266
2011-11-03,1.3690004348754883,171.72000122070312,58.099998474121094,126.25,116.33999633789062
2011-11-04,1.382991909980774,170.85000610351562,57.79999923706055,125.4800033569336,116.4800033569336
2011-11-07,1.3789299726486206,174.97999572753906,58.209999084472656,126.26000213623047,117.22000122070312
2011-11-08,1.3760079145431519,173.52999877929688,58.880001068115234,127.87999725341797,115.72000122070312
2011-11-09,1.3826478719711304,172.07000732421875,56.810001373291016,123.16000366210938,118.12000274658203
2011-11-10,1.3526674509048462,171.13999938964844,56.779998779296875,124.31999969482422,116.36000061035156
2011-11-11,1.3610072135925293,173.9600067138672,57.849998474121094,126.66000366210938,115.6500015258789
2011-11-14,1.3787018060684204,173.1999969482422,57.4900016784668,125.45999908447266,117.51000213623047
2011-11-15,1.362416386604309,173.36000061035156,58.130001068115234,126.08000183105469,117.3499984741211
2011-11-16,1.350712537765503,171.50999450683594,57.16999816894531,124.08000183105469,118.41999816894531
2011-11-17,1.3441040515899658,167.10000610351562,55.83000183105469,122.11000061035156,119.37000274658203
2011-11-18,1.3458044528961182,167.6199951171875,55.400001525878906,121.9800033569336,119.33999633789062
2011-11-21,1.3529969453811646,163.5,54.34000015258789,119.66000366210938,120.05000305175781
2011-11-22,1.348435878753662,165.30999755859375,54.52000045776367,119.19000244140625,121.38999938964844
2011-11-23,1.3521919250488281,164.8300018310547,53.290000915527344,116.55999755859375,122.58000183105469
2011-11-25,1.3331022262573242,163.39999389648438,52.880001068115234,116.33999633789062,120.80000305175781
2011-11-28,1.3313452005386353,166.6300048828125,54.720001220703125,119.70999908447266,120.73999786376953
2011-11-29,1.3316997289657593,166.8800048828125,54.380001068115234,120.05000305175781,119.75
2011-11-30,1.3324095010757446,170.1300048828125,56.38999938964844,124.98999786376953,117.87999725341797
2011-12-01,1.3443931341171265,169.6300048828125,56.779998779296875,124.97000122070312,117.0
2011-12-02,1.346692442893982,169.82000732421875,56.619998931884766,124.86000061035156,118.63999938964844
2011-12-05,1.3419036865234375,167.32000732421875,57.2400016784668,126.22000122070312,118.4000015258789
2011-12-06,1.3386701345443726,168.17999267578125,57.08000183105469,126.26000213623047,117.2699966430664
2011-12-07,1.3412017822265625,169.39999389648438,57.08000183105469,126.7300033569336,117.69000244140625
2011-12-08,1.3403747081756592,165.97999572753906,56.119998931884766,123.94999694824219,119.16000366210938
2011-12-09,1.3345433473587036,166.39999389648438,57.02000045776367,126.05000305175781,116.70999908447266
2011-12-12,1.3371665477752686,161.99000549316406,56.380001068115234,124.20999908447266,118.01000213623047
2011-12-13,1.3171066045761108,158.4499969482422,55.7599983215332,123.05000305175781,119.11000061035156
2011-12-14,1.3019137382507324,152.88999938964844,54.88999938964844,121.73999786376953,121.36000061035156
2011-12-15,1.2988024950027466,152.3300018310547,54.7400016784668,122.18000030517578,120.91000366210938
2011-12-16,1.302965521812439,155.22999572753906,54.86000061035156,121.58999633789062,122.31999969482422
2011-12-19,1.3036959171295166,154.8699951171875,54.31999969482422,120.29000091552734,123.87000274658203
2011-12-20,1.3007792234420776,156.97999572753906,55.93000030517578,123.93000030517578,120.77999877929688
2011-12-21,1.3087977170944214,157.16000366210938,55.130001068115234,124.16999816894531,119.0999984741211
2011-12-22,1.3040019273757935,156.0399932861328,55.599998474121094,125.2699966430664,119.5999984741211
2011-12-23,1.3056023120880127,156.30999755859375,56.08000183105469,126.38999938964844,118.2699966430664
2011-12-27,1.3050570487976074,154.91000366210938,56.2400016784668,126.48999786376953,118.44999694824219
2011-12-28,1.307206630706787,151.02999877929688,55.59000015258789,124.83000183105469,120.63999938964844
2011-12-29,1.292724609375,150.33999633789062,55.9900016784668,126.12000274658203,120.86000061035156
2011-12-30,1.2956053018569946,151.99000549316406,55.83000183105469,125.5,121.25
2012-01-03,1.2940963506698608,155.9199981689453,56.900001525878906,127.5,119.43000030517578
2012-01-04,1.3056023120880127,156.7100067138672,57.13999938964844,127.69999694824219,118.01000213623047
2012-01-05,1.2931424379348755,157.77999877929688,57.61000061035156,128.0399932861328,117.80000305175781
2012-01-06,1.279606819152832,157.1999969482422,57.810001373291016,127.70999908447266,118.7300033569336
2012-01-09,1.2680377960205078,156.5,57.619998931884766,128.02000427246094,118.5199966430664
2012-01-10,1.2775959968566895,158.63999938964844,58.040000915527344,129.1300048828125,118.31999969482422
2012-01-11,1.2751848697662354,159.6699981689453,58.15999984741211,129.1999969482422,119.86000061035156
2012-01-12,1.272394061088562,160.3800048828125,58.38999938964844,129.50999450683594,119.69000244140625
2012-01-13,1.2820513248443604,159.25999450683594,58.18000030517578,128.83999633789062,120.87999725341797
2012-01-17,1.2667046785354614,160.5,58.709999084472656,129.33999633789062,121.44000244140625
2012-01-18,1.2745997905731201,161.60000610351562,59.4900016784668,130.77000427246094,119.97000122070312
2012-01-19,1.2866039276123047,161.22000122070312,59.86000061035156,131.4600067138672,118.31999969482422
2012-01-20,1.2964956760406494,162.07000732421875,59.77000045776367,131.9499969482422,116.9800033569336
2012-01-23,1.2884771823883057,163.16000366210938,59.790000915527344,131.61000061035156,116.23999786376953
2012-01-24,1.3026939630508423,162.00999450683594,59.68000030517578,131.4600067138672,116.44999694824219
2012-01-25,1.304103970527649,166.4199981689453,60.43000030517578,132.55999755859375,116.16999816894531
2012-01-26,1.3107362985610962,167.27000427246094,60.220001220703125,131.8800048828125,117.70999908447266
2012-01-27,1.3092775344848633,168.97000122070312,60.400001525878906,131.82000732421875,118.08000183105469
2012-01-30,1.3207945823669434,168.02999877929688,60.45000076293945,131.3699951171875,119.47000122070312
2012-01-31,1.3139568567276,169.30999755859375,60.529998779296875,131.32000732421875,120.8499984741211
2012-02-01,1.3077024221420288,169.55999755859375,61.02000045776367,132.47000122070312,119.18000030517578
2012-02-02,1.317002534866333,171.0500030517578,61.209999084472656,132.67999267578125,119.12999725341797
2012-02-03,1.3137152194976807,167.63999938964844,62.04999923706055,134.5399932861328,116.56999969482422
2012-02-06,1.31271493434906,167.17999267578125,62.0,134.4499969482422,117.7300033569336
2012-02-07,1.3121638298034668,169.6999969482422,62.130001068115234,134.7899932861328,116.2699966430664
2012-02-08,1.3248542547225952,168.5,62.459999084472656,135.19000244140625,116.36000061035156
2012-02-09,1.3248542547225952,168.02000427246094,62.90999984741211,135.36000061035156,115.48999786376953
2012-02-10,1.3278449773788452,167.13999938964844,62.470001220703125,134.36000061035156,116.98999786376953
2012-02-13,1.3236793279647827,167.50999450683594,63.04999923706055,135.36000061035156,117.13999938964844
2012-02-14,1.3157894611358643,167.1199951171875,63.209999084472656,135.19000244140625,117.76000213623047
2012-02-15,1.3133701086044312,168.11000061035156,62.77000045776367,134.55999755859375,117.55000305175781
2012-02-16,1.3058068752288818,168.0,63.630001068115234,136.0500030517578,116.61000061035156
2012-02-17,1.3126804828643799,167.35000610351562,63.43000030517578,136.41000366210938,116.58000183105469
2012-02-21,1.3204805850982666,171.02000427246094,63.61000061035156,136.47000122070312,115.29000091552734
2012-02-22,1.324327826499939,172.94000244140625,63.31999969482422,136.02999877929688,116.73999786376953
2012-02-23,1.325574278831482,173.02000427246094,63.7400016784668,136.6300048828125,116.73999786376953
2012-02-24,1.337363362312317,172.22999572753906,63.959999084472656,136.92999267578125,117.5
2012-02-27,1.3467106819152832,171.6999969482422,64.05000305175781,137.16000366210938,118.54000091552734
2012-02-28,1.3406623601913452,173.49000549316406,64.69999694824219,137.55999755859375,118.1500015258789
2012-02-29,1.3477997779846191,164.2899932861328,64.41000366210938,137.02000427246094,117.43000030517578
2012-03-01,1.3320900201797485,166.61000061035156,64.91999816894531,137.72999572753906,116.05999755859375
2012-03-02,1.3322675228118896,166.33999633789062,64.87000274658203,137.30999755859375,117.1500015258789
2012-03-05,1.318617582321167,165.64999389648438,64.19999694824219,136.75,116.22000122070312
2012-03-06,1.3225764036178589,162.6999969482422,63.56999969482422,134.75,117.62999725341797
2012-03-07,1.3123359680175781,163.6300048828125,64.05999755859375,135.69000244140625,116.91000366210938
2012-03-08,1.3139914274215698,165.27999877929688,64.75,137.0399932861328,115.73999786376953
2012-03-09,1.327492356300354,166.3800048828125,65.0199966430664,137.57000732421875,115.97000122070312
2012-03-12,1.312508225440979,165.07000732421875,65.05000305175781,137.5800018310547,115.94999694824219
2012-03-13,1.3168290853500366,162.3000030517578,66.26000213623047,140.05999755859375,113.91000366210938
2012-03-14,1.30804443359375,159.57000732421875,66.48999786376953,139.91000366210938,111.04000091552734
2012-03-15,1.3022528886795044,161.0800018310547,66.68000030517578,140.72000122070312,111.20999908447266
2012-03-16,1.3078734874725342,161.3000030517578,66.5199966430664,140.3000030517578,111.43000030517578
2012-03-19,1.3177140951156616,161.58999633789062,66.98999786376953,140.85000610351562,110.0999984741211
2012-03-20,1.3229262828826904,160.1300048828125,67.11000061035156,140.44000244140625,110.54000091552734
2012-03-21,1.323766827583313,160.2100067138672,67.12000274658203,140.2100067138672,111.79000091552734
2012-03-22,1.3218770027160645,159.57000732421875,66.9800033569336,139.1999969482422,112.1500015258789
2012-03-23,1.3204805850982666,161.52999877929688,66.94000244140625,139.64999389648438,113.20999908447266
2012-03-26,1.328303575515747,164.39999389648438,68.11000061035156,141.61000061035156,112.62999725341797
2012-03-27,1.3360053300857544,163.24000549316406,68.20999908447266,141.1699981689453,113.44000244140625
2012-03-28,1.3328713178634644,161.50999450683594,67.94000244140625,140.47000122070312,113.27999877929688
2012-03-29,1.3326226472854614,161.27999877929688,67.68000030517578,140.22999572753906,114.12999725341797
2012-03-30,1.3313806056976318,162.1199951171875,67.55000305175781,140.80999755859375,112.19999694824219
2012-04-02,1.3358268737792969,162.94000244140625,68.25,141.83999633789062,112.52999877929688
2012-04-03,1.3333333730697632,159.88999938964844,68.2300033569336,141.25999450683594,110.58000183105469
2012-04-04,1.3225239515304565,157.2100067138672,67.30000305175781,139.86000061035156,112.0999984741211
2012-04-05,1.314405918121338,158.30999755859375,67.72000122070312,139.7899932861328,112.91000366210938
2012-04-09,1.3079075813293457,159.3699951171875,67.20999908447266,138.22000122070312,115.55000305175781
2012-04-10,1.311131477355957,161.10000610351562,66.12999725341797,135.89999389648438,116.86000061035156
2012-04-11,1.3073604106903076,161.07000732421875,66.44999694824219,137.0,115.45999908447266
2012-04-12,1.311991572380066,162.6999969482422,67.20999908447266,138.7899932861328,114.9800033569336
2012-04-13,1.318913221359253,160.85000610351562,66.19000244140625,137.13999938964844,116.83999633789062
2012-04-16,1.30565345287323,160.4600067138672,65.44999694824219,137.0500030517578,116.66999816894531
2012-04-17,1.3126804828643799,160.25,66.77999877929688,139.0800018310547,116.5999984741211
2012-04-18,1.3135426044464111,159.30999755859375,66.61000061035156,138.61000061035156,116.94000244140625
2012-04-19,1.311991572380066,159.42999267578125,65.86000061035156,137.72000122070312,117.05000305175781
2012-04-20,1.314578652381897,159.5399932861328,65.68000030517578,137.9499969482422,117.06999969482422
2012-04-23,1.3204805850982666,159.07000732421875,65.08000183105469,136.7899932861328,117.91999816894531
2012-04-24,1.3152011632919312,159.3000030517578,64.7300033569336,137.30999755859375,117.08999633789062
2012-04-25,1.3197835683822632,159.6199951171875,66.44999694824219,139.19000244140625,116.48999786376953
2012-04-26,1.323276400566101,161.02999877929688,66.83999633789062,140.16000366210938,117.19000244140625
2012-04-27,1.319087266921997,161.3800048828125,67.23999786376953,140.38999938964844,117.29000091552734
2012-04-30,1.3241524696350098,161.8800048828125,66.76000213623047,139.8699951171875,117.31999969482422
2012-05-01,1.3239772319793701,161.32000732421875,66.87000274658203,140.74000549316406,116.43000030517578
2012-05-02,1.3239772319793701,160.58999633789062,67.05999755859375,140.32000732421875,117.25
2012-05-03,1.3147515058517456,158.97000122070312,66.3499984741211,139.25,117.22000122070312
2012-05-04,1.3156163692474365,159.47000122070312,64.69999694824219,137.0,118.13999938964844
2012-05-07,1.297033667564392,159.0800018310547,64.76000213623047,137.10000610351562,118.16000366210938
2012-05-08,1.306165099143982,156.0,64.5199966430664,136.5500030517578,118.79000091552734
2012-05-09,1.299545168876648,154.47000122070312,64.31999969482422,135.74000549316406,118.87000274658203
2012-05-10,1.2936609983444214,154.77000427246094,64.19000244140625,136.02000427246094,118.5199966430664
2012-05-11,1.2934937477111816,153.55999755859375,64.18000030517578,135.61000061035156,119.5
2012-05-14,1.289989709854126,151.3300018310547,63.58000183105469,134.11000061035156,121.16999816894531
2012-05-15,1.283202886581421,149.74000549316406,63.369998931884766,133.33999633789062,121.66000366210938
2012-05-16,1.273560881614685,149.4600067138672,62.939998626708984,132.8300018310547,122.01000213623047
2012-05-17,1.2730745077133179,152.8000030517578,61.61000061035156,130.86000061035156,124.16999816894531
2012-05-18,1.269841194152832,154.5500030517578,60.810001373291016,129.74000549316406,124.19999694824219
2012-05-21,1.2773023843765259,154.64999389648438,62.5099983215332,131.97000122070312,123.94000244140625
2012-05-22,1.281065821647644,152.0800018310547,62.439998626708984,132.1999969482422,122.55999755859375
2012-05-23,1.2664639949798584,151.6199951171875,62.560001373291016,132.27000427246094,123.41000366210938
2012-05-24,1.2561235427856445,151.41000366210938,62.150001525878906,132.52999877929688,122.94000244140625
2012-05-25,1.2536041736602783,152.67999267578125,62.06999969482422,132.10000610351562,123.4000015258789
2012-05-29,1.2525050640106201,151.02000427246094,62.86000061035156,133.6999969482422,123.0199966430664
2012-05-30,1.2478163242340088,151.91000366210938,62.33000183105469,131.75999450683594,126.13999938964844
2012-05-31,1.2374706268310547,151.6199951171875,62.060001373291016,131.47000122070312,127.5999984741211
2012-06-01,1.2362467050552368,157.5,60.40999984741211,128.16000366210938,130.36000061035156
2012-06-04,1.2402331829071045,157.32000732421875,60.869998931884766,128.10000610351562,129.3300018310547
2012-06-05,1.2509382963180542,157.13999938964844,61.119998931884766,129.07000732421875,127.5999984741211
2012-06-06,1.2462612390518188,157.2100067138672,62.52000045776367,131.97000122070312,125.05000305175781
2012-06-07,1.2573871612548828,154.5,62.27000045776367,132.0500030517578,125.23999786376953
2012-06-08,1.2570710182189941,154.72999572753906,62.869998931884766,133.10000610351562,125.20999908447266
2012-06-11,1.2645422220230103,155.36000061035156,61.810001373291016,131.41000366210938,125.77999877929688
2012-06-12,1.2478163242340088,156.4600067138672,62.560001373291016,132.9199981689453,124.62999725341797
2012-06-13,1.2504688501358032,157.1199951171875,62.130001068115234,132.07000732421875,125.86000061035156
2012-06-14,1.2573871612548828,157.75,62.36000061035156,133.47000122070312,125.69999694824219
2012-06-15,1.262785792350769,157.83999633789062,62.9900016784668,134.13999938964844,126.4000015258789
2012-06-18,1.27048659324646,157.92999267578125,63.58000183105469,134.39999389648438,127.08000183105469
2012-06-19,1.2597631216049194,157.16000366210938,64.23999786376953,135.6999969482422,125.41999816894531
2012-06-20,1.2680699825286865,155.97000122070312,64.29000091552734,135.47999572753906,126.04000091552734
2012-06-21,1.2680699825286865,152.02000427246094,62.689998626708984,132.44000244140625,126.70999908447266
2012-06-22,1.255177617073059,152.63999938964844,63.349998474121094,133.4600067138672,125.0199966430664
2012-06-25,1.2537612915039062,153.75999450683594,62.130001068115234,131.32000732421875,126.83999633789062
2012-06-26,1.2504688501358032,152.6199951171875,62.52000045776367,131.97999572753906,126.33999633789062
2012-06-27,1.248751163482666,152.8300018310547,62.900001525878906,133.1699981689453,126.54000091552734
2012-06-28,1.2473493814468384,151.0500030517578,62.20000076293945,132.7899932861328,126.8499984741211
2012-06-29,1.2440905570983887,155.19000244140625,64.16000366210938,136.10000610351562,125.19999694824219
2012-07-02,1.2655184268951416,155.08999633789062,64.3499984741211,136.50999450683594,126.22000122070312
2012-07-03,1.2581782341003418,157.4600067138672,64.88999938964844,137.41000366210938,125.25
2012-07-05,1.2516272068023682,155.67999267578125,64.93000030517578,136.7899932861328,125.88999938964844
2012-07-06,1.2391574382781982,153.7100067138672,64.12000274658203,135.49000549316406,127.05999755859375
2012-07-09,1.227144479751587,154.0399932861328,64.0,135.32000732421875,128.17999267578125
2012-07-10,1.2318304777145386,152.14999389648438,63.369998931884766,134.13999938964844,128.44000244140625
2012-07-11,1.2256402969360352,152.99000549316406,63.02000045776367,134.16000366210938,128.60000610351562
2012-07-12,1.2247247695922852,152.58999633789062,62.43000030517578,133.50999450683594,129.50999450683594
2012-07-13,1.2192742824554443,154.13999938964844,63.380001068115234,135.75,129.1699981689453
2012-07-16,1.2248897552490234,154.2100067138672,63.20000076293945,135.42999267578125,129.77000427246094
2012-07-17,1.2268433570861816,153.47000122070312,63.529998779296875,136.36000061035156,128.75
2012-07-18,1.2295585870742798,153.0500030517578,64.38999938964844,137.3699951171875,128.82000732421875
2012-07-19,1.2277470827102661,153.3800048828125,65.0999984741211,137.72999572753906,128.49000549316406
2012-07-20,1.2276867628097534,153.6699981689453,64.23999786376953,136.47000122070312,130.05999755859375
2012-07-23,1.2127091884613037,153.02999877929688,63.459999084472656,135.08999633789062,130.7899932861328
2012-07-24,1.212415099143982,153.52000427246094,62.959999084472656,133.92999267578125,131.82000732421875
2012-07-25,1.2061853408813477,155.6699981689453,62.540000915527344,133.9600067138672,132.16000366210938
2012-07-26,1.2140341997146606,156.77000427246094,63.369998931884766,136.1699981689453,130.9499969482422
2012-07-27,1.2280486822128296,157.5399932861328,64.87000274658203,138.67999267578125,128.47999572753906
2012-07-30,1.230466365814209,157.42999267578125,64.81999969482422,138.67999267578125,129.44000244140625
2012-07-31,1.2259409427642822,156.49000549316406,64.80000305175781,137.7100067138672,129.6999969482422
2012-08-01,1.2294074296951294,155.13999938964844,64.61000061035156,137.58999633789062,128.77999877929688
2012-08-02,1.2241400480270386,154.1300048828125,64.37999725341797,136.63999938964844,129.50999450683594
2012-08-03,1.218026876449585,155.5500030517578,65.5999984741211,139.35000610351562,127.41999816894531
2012-08-06,1.2428536415100098,156.3000030517578,66.0999984741211,139.6199951171875,127.47000122070312
2012-08-07,1.2390038967132568,156.27999877929688,66.6500015258789,140.32000732421875,125.83000183105469
2012-08-08,1.2386969327926636,156.47999572753906,66.62000274658203,140.49000549316406,125.16000366210938
2012-08-09,1.237332820892334,156.99000549316406,66.81999969482422,140.61000061035156,125.06999969482422
2012-08-10,1.2294074296951294,157.17999267578125,66.86000061035156,140.83999633789062,125.69999694824219
2012-08-13,1.2277169227600098,155.99000549316406,67.0199966430664,140.77000427246094,125.48999786376953
2012-08-14,1.2327415943145752,155.1300048828125,67.05000305175781,140.7899932861328,123.79000091552734
2012-08-15,1.2325897216796875,155.6300048828125,67.22000122070312,140.9499969482422,122.05000305175781
2012-08-16,1.2289540767669678,156.55999755859375,68.0199966430664,141.99000549316406,121.01000213623047
2012-08-17,1.2357884645462036,156.72000122070312,68.31999969482422,142.17999267578125,121.5999984741211
2012-08-20,1.233258605003357,157.25999450683594,68.41999816894531,142.19000244140625,121.8499984741211
2012-08-21,1.2353304624557495,158.8300018310547,68.1500015258789,141.75999450683594,122.38999938964844
2012-08-22,1.2476606369018555,160.5399932861328,68.43000030517578,141.82000732421875,124.41000366210938
2012-08-23,1.2534469366073608,161.88999938964844,67.87000274658203,140.66000366210938,124.93000030517578
2012-08-24,1.2561235427856445,161.97000122070312,68.29000091552734,141.50999450683594,124.80999755859375
2012-08-27,1.250437617301941,161.36000061035156,68.4000015258789,141.5399932861328,125.54000091552734
2012-08-28,1.250156283378601,161.63999938964844,68.4000015258789,141.39999389648438,125.83999633789062
2012-08-29,1.257228970527649,160.58999633789062,68.4000015258789,141.50999450683594,125.29000091552734
2012-08-30,1.2531328201293945,160.52000427246094,67.70999908447266,140.49000549316406,125.94000244140625
2012-08-31,1.2510946989059448,164.22000122070312,68.16000366210938,141.16000366210938,127.72000122070312
2012-09-04,1.2586532831192017,164.47999572753906,68.08999633789062,141.02999877929688,127.31999969482422
2012-09-05,1.2534469366073608,164.30999755859375,68.0199966430664,140.91000366210938,126.72000122070312
2012-09-06,1.2602394819259644,164.88999938964844,69.52999877929688,143.77000427246094,124.61000061035156
2012-09-07,1.2632642984390259,168.44000244140625,69.43000030517578,144.3300018310547,124.02999877929688
2012-09-10,1.2795906066894531,167.2899932861328,68.54000091552734,143.50999450683594,124.33000183105469
2012-09-11,1.2761613130569458,167.89999389648438,68.43000030517578,143.91000366210938,123.55000305175781
2012-09-12,1.2851818799972534,167.9199981689453,68.62999725341797,144.38999938964844,122.01000213623047
2012-09-13,1.2903226613998413,171.30999755859375,69.55999755859375,146.58999633789062,121.52999877929688
2012-09-14,1.299376368522644,171.8000030517578,70.18000030517578,147.24000549316406,118.30000305175781
2012-09-17,1.3116475343704224,170.39999389648438,70.20999908447266,146.74000549316406,119.72000122070312
2012-09-18,1.3110111951828003,171.72000122070312,70.2699966430664,146.6199951171875,120.31999969482422
2012-09-19,1.3046314716339111,171.74000549316406,70.4000015258789,146.6999969482422,121.11000061035156
2012-09-20,1.3058239221572876,171.47000122070312,70.33000183105469,146.7100067138672,121.41000366210938
2012-09-21,1.2973533868789673,171.9600067138672,70.1500015258789,145.8699951171875,121.55000305175781
2012-09-24,1.2968486547470093,171.0500030517578,69.73999786376953,145.64999389648438,122.5
2012-09-25,1.2941633462905884,170.77000427246094,68.76000213623047,144.10000610351562,123.70999908447266
2012-09-26,1.2900062799453735,169.80999755859375,68.19999694824219,143.2899932861328,125.04000091552734
2012-09-27,1.2881617546081543,172.33999633789062,69.13999938964844,144.63999938964844,124.1500015258789
2012-09-28,1.2913223505020142,171.88999938964844,68.56999969482422,143.97000122070312,124.22000122070312
2012-10-01,1.2809016704559326,172.2899932861328,68.47000122070312,144.35000610351562,124.41999816894531
2012-10-02,1.2888258695602417,172.10000610351562,68.66999816894531,144.5,124.25
2012-10-03,1.2916558980941772,172.41000366210938,69.11000061035156,145.08999633789062,124.29000091552734
2012-10-04,1.2923235893249512,173.61000061035156,69.3499984741211,146.1300048828125,122.73999786376953
2012-10-05,1.3017443418502808,172.6199951171875,68.9800033569336,146.13999938964844,121.1500015258789
2012-10-08,1.301574945449829,172.0500030517578,68.3499984741211,145.63999938964844,122.16999816894531
2012-10-09,1.2976900339126587,170.99000549316406,67.26000213623047,144.1999969482422,121.94999694824219
2012-10-10,1.2858428955078125,170.83999633789062,66.91999816894531,143.27999877929688,122.80999755859375
2012-10-11,1.2858428955078125,171.32000732421875,66.70999908447266,143.36000061035156,123.66000366210938
2012-10-12,1.293326497077942,170.05999755859375,66.68000030517578,142.88999938964844,123.97000122070312
2012-10-15,1.2943308353424072,168.35000610351562,67.16999816894531,144.0800018310547,123.69000244140625
2012-10-16,1.2968486547470093,169.4199981689453,68.12000274658203,145.5399932861328,121.9800033569336
2012-10-17,1.3107877969741821,169.5399932861328,68.08000183105469,146.1999969482422,120.8499984741211
2012-10-18,1.3116475343704224,168.7899932861328,67.29000091552734,145.82000732421875,120.11000061035156
2012-10-19,1.3069161176681519,166.97000122070312,65.68000030517578,143.38999938964844,121.73999786376953
2012-10-22,1.3022528886795044,167.5800018310547,66.0199966430664,143.41000366210938,120.95999908447266
2012-10-23,1.3070186376571655,165.42999267578125,65.38999938964844,141.4199981689453,122.69000244140625
2012-10-24,1.2973533868789673,164.86000061035156,65.16000366210938,141.02000427246094,121.4800033569336
2012-10-25,1.2965123653411865,166.02000427246094,65.16000366210938,141.42999267578125,120.86000061035156
2012-10-26,1.2938284873962402,165.92999267578125,65.3499984741211,141.35000610351562,122.63999938964844
2012-10-31,1.2962603569030762,166.8300018310547,64.94999694824219,141.35000610351562,123.36000061035156
2012-11-01,1.2965123653411865,166.07000732421875,65.87000274658203,142.8300018310547,122.3499984741211
2012-11-02,1.2948336601257324,162.60000610351562,65.16999816894531,141.55999755859375,122.26000213623047
2012-11-05,1.2827913761138916,163.22999572753906,65.5999984741211,141.85000610351562,122.94999694824219
2012-11-06,1.2802459001541138,166.3000030517578,65.72000122070312,142.9600067138672,121.79000091552734
2012-11-07,1.2808033227920532,166.49000549316406,64.16999816894531,139.72000122070312,124.0
2012-11-08,1.2759984731674194,167.99000549316406,63.15999984741211,138.0399932861328,125.83999633789062
2012-11-09,1.274534821510315,167.82000732421875,63.43000030517578,138.16000366210938,125.9800033569336
2012-11-12,1.272394061088562,167.4499969482422,63.41999816894531,138.27000427246094,126.19000244140625
2012-11-13,1.2709709405899048,167.10000610351562,62.97999954223633,137.7899932861328,126.61000061035156
2012-11-14,1.2709709405899048,167.13999938964844,62.2400016784668,135.92999267578125,126.7300033569336
2012-11-15,1.273236632347107,166.08999633789062,62.029998779296875,135.6999969482422,126.4800033569336
2012-11-16,1.2784454822540283,165.8800048828125,62.29999923706055,136.3699951171875,126.37000274658203
2012-11-19,1.2759497165679932,167.8699951171875,63.779998779296875,139.1300048828125,125.66000366210938
2012-11-20,1.276943564414978,167.38999938964844,63.79999923706055,139.19000244140625,124.4000015258789
2012-11-21,1.281443476676941,167.55999755859375,63.93000030517578,139.4499969482422,124.33000183105469
2012-11-23,1.2875149250030518,169.61000061035156,64.9000015258789,141.35000610351562,124.20999908447266
2012-11-26,1.2965964078903198,169.42999267578125,65.18000030517578,141.0500030517578,124.80000305175781
2012-11-27,1.298701286315918,168.7100067138672,64.95999908447266,140.3300018310547,125.29000091552734
2012-11-28,1.2938284873962402,166.5500030517578,65.5199966430664,141.4600067138672,125.11000061035156
2012-11-29,1.2953367233276367,167.17999267578125,65.91000366210938,142.1199951171875,125.12999725341797
2012-11-30,1.2973533868789673,166.0500030517578,65.80000305175781,142.14999389648438,124.79000091552734
2012-12-03,1.299680233001709,166.1300048828125,65.66999816894531,141.4499969482422,124.66000366210938
2012-12-05,1.3099292516708374,164.1199951171875,64.9000015258789,141.5,125.31999969482422
2012-12-06,1.3070186376571655,164.5,65.31999969482422,141.97999572753906,125.58999633789062
2012-12-07,1.2963443994522095,165.16000366210938,64.93000030517578,142.41000366210938,124.43000030517578
2012-12-10,1.2906056642532349,165.8000030517578,65.12000274658203,142.47000122070312,124.9800033569336
2012-12-11,1.2938284873962402,165.64999389648438,65.97000122070312,143.44000244140625,124.02999877929688
2012-12-12,1.3013207912445068,165.77000427246094,65.83000183105469,143.50999450683594,122.58999633789062
2012-12-13,1.3066771030426025,164.3699951171875,65.30999755859375,142.6300048828125,122.68000030517578
2012-12-14,1.3078734874725342,164.1300048828125,64.69000244140625,142.10000610351562,123.5999984741211
2012-12-17,1.3165863752365112,164.44000244140625,65.55000305175781,143.77000427246094,121.75
2012-12-18,1.316482424736023,162.0800018310547,66.55000305175781,145.3699951171875,120.51000213623047
2012-12-19,1.323101282119751,161.69000244140625,66.26000213623047,144.2899932861328,120.91000366210938
2012-12-20,1.3215277194976807,159.72999572753906,66.26000213623047,145.1199951171875,120.93000030517578
2012-12-21,1.323766827583313,160.3300018310547,65.19999694824219,142.7899932861328,122.25
2012-12-24,1.3182003498077393,160.6199951171875,65.06999969482422,142.35000610351562,122.02999877929688
2012-12-26,1.3180439472198486,160.77999877929688,64.5,141.75,122.19999694824219
2012-12-27,1.3225764036178589,161.16000366210938,64.4000015258789,141.55999755859375,122.61000061035156
2012-12-28,1.3250298500061035,160.5399932861328,63.779998779296875,140.02999877929688,123.30999755859375
2012-12-31,1.3227688074111938,162.02000427246094,65.12999725341797,142.41000366210938,121.18000030517578
2013-01-02,1.3197835683822632,163.1699981689453,67.19999694824219,146.05999755859375,119.55999755859375
2013-01-03,1.3182177543640137,161.1999969482422,66.8499984741211,145.72999572753906,117.94000244140625
2013-01-04,1.3032711744308472,160.44000244140625,66.62999725341797,146.3699951171875,118.4000015258789
2013-01-07,1.3067454099655151,159.42999267578125,66.6500015258789,145.97000122070312,118.44999694824219
2013-01-08,1.312508225440979,160.55999755859375,66.5199966430664,145.5500030517578,119.2300033569336
2013-01-09,1.3082326650619507,160.49000549316406,66.7699966430664,145.9199981689453,119.12000274658203
2013-01-10,1.305483102798462,161.97999572753906,67.16999816894531,147.0800018310547,118.79000091552734
2013-01-11,1.327316164970398,161.05999755859375,67.26000213623047,147.07000732421875,119.8499984741211
2013-01-14,1.3362016677856445,161.5399932861328,66.95999908447266,146.97000122070312,119.5199966430664
2013-01-15,1.3377926349639893,162.55999755859375,66.62999725341797,147.07000732421875,120.06999969482422
2013-01-16,1.330849051475525,162.64999389648438,66.9000015258789,147.0500030517578,120.31999969482422
2013-01-17,1.32908034324646,163.35000610351562,67.22000122070312,148.0,119.12000274658203
2013-01-18,1.3372559547424316,163.08999633789062,67.06999969482422,148.3300018310547,120.04000091552734
2013-01-22,1.3311502933502197,163.6699981689453,67.18000030517578,149.1300048828125,120.2699966430664
2013-01-23,1.331398367881775,163.2100067138672,67.58999633789062,149.3699951171875,120.08999633789062
2013-01-24,1.330849051475525,161.4199981689453,66.66000366210938,149.41000366210938,119.66999816894531
2013-01-25,1.3369340896606445,160.64999389648438,67.0,150.25,118.02999877929688
2013-01-28,1.3466018438339233,160.2899932861328,67.1500015258789,150.07000732421875,117.5999984741211
2013-01-29,1.3446282148361206,160.99000549316406,67.16000366210938,150.66000366210938,116.94999694824219
2013-01-30,1.34916353225708,162.19000244140625,67.0199966430664,150.07000732421875,116.75
2013-01-31,1.3568336963653564,161.1999969482422,66.87000274658203,149.6999969482422,117.31999969482422
2013-02-01,1.3610997200012207,161.4499969482422,67.66000366210938,151.24000549316406,115.54000091552734
2013-02-04,1.3648709058761597,162.0,66.4800033569336,149.5399932861328,117.0199966430664
2013-02-05,1.3511687517166138,161.9600067138672,67.45999908447266,151.0500030517578,115.9800033569336
2013-02-06,1.3581420183181763,162.38999938964844,67.23999786376953,151.16000366210938,116.93000030517578
2013-02-07,1.3523930311203003,161.83999633789062,67.30000305175781,150.9600067138672,116.66999816894531
2013-02-08,1.3389389514923096,161.57000732421875,67.98999786376953,151.8000030517578,117.12000274658203
2013-02-11,1.3368269205093384,159.6999969482422,68.01000213623047,151.77000427246094,117.02999877929688
2013-02-12,1.340356707572937,159.88999938964844,67.7300033569336,152.02000427246094,116.73999786376953
2013-02-13,1.3452069759368896,159.0500030517578,67.97000122070312,152.14999389648438,115.79000091552734
2013-02-14,1.3444474935531616,158.35000610351562,67.94999694824219,152.2899932861328,116.83999633789062
2013-02-15,1.3352917432785034,155.75999450683594,67.75,152.11000061035156,116.5
2013-02-19,1.3347214460372925,155.3300018310547,68.23999786376953,153.25,115.91999816894531
2013-02-20,1.3395847082138062,151.44000244140625,67.19000244140625,151.33999633789062,116.2699966430664
2013-02-21,1.327316164970398,152.6199951171875,66.47000122070312,150.4199981689453,116.94999694824219
2013-02-22,1.3194352388381958,152.97000122070312,67.13999938964844,151.88999938964844,117.02999877929688
2013-02-25,1.319591999053955,154.33999633789062,66.30999755859375,149.0,119.33000183105469
2013-02-26,1.3065063953399658,156.22000122070312,66.55999755859375,150.02000427246094,118.63999938964844
2013-02-27,1.3065917491912842,154.57000732421875,67.23999786376953,151.91000366210938,118.29000091552734
2013-02-28,1.3150973320007324,153.0,67.0999984741211,151.61000061035156,118.51000213623047
2013-03-01,1.3059945106506348,152.44000244140625,67.37999725341797,152.11000061035156,118.9000015258789
2013-03-04,1.3016934394836426,152.3000030517578,67.68000030517578,152.9199981689453,118.2699966430664
2013-03-05,1.3036110401153564,152.3800048828125,68.68000030517578,154.2899932861328,117.93000030517578
2013-03-06,1.3048527240753174,153.22999572753906,68.51000213623047,154.5,116.86000061035156
2013-03-07,1.297858476638794,152.69000244140625,68.69000244140625,154.77999877929688,115.95999908447266
2013-03-08,1.311131477355957,152.7100067138672,68.7699966430664,155.44000244140625,114.75
2013-03-11,1.2988024950027466,152.99000549316406,68.97000122070312,156.02999877929688,114.86000061035156
2013-03-12,1.3032711744308472,154.19000244140625,68.72000122070312,155.67999267578125,115.69000244140625
2013-03-13,1.3029316663742065,153.66000366210938,68.62999725341797,155.89999389648438,115.56999969482422
2013-03-14,1.2958402633666992,153.67999267578125,68.86000061035156,156.72999572753906,115.22000122070312
2013-03-15,1.3012362718582153,154.0,68.51000213623047,155.8300018310547,115.76000213623047
2013-03-18,1.2892745733261108,155.3800048828125,68.36000061035156,154.97000122070312,116.63999938964844
2013-03-19,1.2944984436035156,156.0800018310547,68.2300033569336,154.61000061035156,117.43000030517578
2013-03-20,1.2863887548446655,155.3699951171875,68.70999908447266,155.69000244140625,116.12000274658203
2013-03-21,1.2941633462905884,156.25,67.93000030517578,154.36000061035156,117.23999786376953
2013-03-22,1.2904890775680542,155.5500030517578,68.58999633789062,155.60000610351562,117.33000183105469
2013-03-25,1.302405595779419,155.24000549316406,68.33999633789062,154.9499969482422,117.22000122070312
2013-03-26,1.2858428955078125,154.72000122070312,68.70999908447266,156.19000244140625,117.36000061035156
2013-03-27,1.2860082387924194,155.36000061035156,68.80000305175781,156.19000244140625,118.36000061035156
2013-03-28,1.277791976928711,154.4499969482422,68.97000122070312,156.6699981689453,117.76000213623047
2013-04-01,1.2805737257003784,154.6699981689453,68.5,156.0500030517578,118.38999938964844
2013-04-02,1.2850167751312256,152.42999267578125,69.04000091552734,156.82000732421875,117.91000366210938
2013-04-03,1.2820513248443604,150.72999572753906,68.41000366210938,155.22999572753906,118.97000122070312
2013-04-04,1.2850167751312256,150.2899932861328,68.43000030517578,155.86000061035156,120.38999938964844
2013-04-05,1.2928247451782227,152.80999755859375,67.86000061035156,155.16000366210938,122.81999969482422
2013-04-08,1.2992074489593506,152.16000366210938,68.22000122070312,156.2100067138672,121.87999725341797
2013-04-09,1.3029316663742065,153.33999633789062,68.68000030517578,156.75,121.58000183105469
2013-04-10,1.3080273866653442,150.75,70.0199966430664,158.6699981689453,119.91000366210938
2013-04-11,1.3055341243743896,151.0500030517578,69.98999786376953,159.19000244140625,120.13999938964844
2013-04-12,1.311475396156311,143.9499969482422,69.94000244140625,158.8000030517578,121.93000030517578
2013-04-15,1.3099292516708374,131.30999755859375,68.55999755859375,155.1199951171875,122.98999786376953
2013-04-16,1.3054660558700562,132.8000030517578,69.47000122070312,157.41000366210938,121.9800033569336
2013-04-17,1.3178702592849731,132.8699951171875,68.11000061035156,155.11000061035156,122.79000091552734
2013-04-18,1.3034920692443848,134.3000030517578,67.16999816894531,154.13999938964844,123.08999633789062
2013-04-19,1.3053126335144043,135.47000122070312,68.08999633789062,155.47999572753906,122.83000183105469
2013-04-22,1.3055682182312012,137.89999389648438,68.79000091552734,156.1699981689453,122.91999816894531
2013-04-23,1.306165099143982,136.8800048828125,69.44999694824219,157.77999877929688,122.48999786376953
2013-04-24,1.2994438409805298,138.3699951171875,69.41999816894531,157.8800048828125,122.80000305175781
2013-04-25,1.3017443418502808,141.6300048828125,69.79000091552734,158.52000427246094,122.2699966430664
2013-04-26,1.3007283210754395,140.91000366210938,69.56999969482422,158.24000549316406,123.38999938964844
2013-04-29,1.3042571544647217,142.3000030517578,70.20999908447266,159.3000030517578,122.94000244140625
2013-04-30,1.3095861673355103,142.77000427246094,70.72000122070312,159.67999267578125,123.01000213623047
2013-05-01,1.3168290853500366,141.11000061035156,70.38999938964844,158.27999877929688,124.01000213623047
2013-05-02,1.3182177543640137,141.9199981689453,71.27999877929688,159.75,123.8499984741211
2013-05-03,1.3065063953399658,142.08999633789062,72.12000274658203,161.3699951171875,120.93000030517578
2013-05-06,1.3123359680175781,142.14999389648438,72.4000015258789,161.77999877929688,120.62999725341797
2013-05-07,1.3070186376571655,140.3800048828125,72.36000061035156,162.60000610351562,120.16000366210938
2013-05-08,1.3077024221420288,142.4600067138672,72.70999908447266,163.33999633789062,120.3499984741211
2013-05-09,1.3161357641220093,140.80999755859375,72.61000061035156,162.8800048828125,120.04000091552734
2013-05-10,1.303441047668457,139.60000610351562,73.05000305175781,163.41000366210938,118.75
2013-05-13,1.2965291738510132,138.42999267578125,73.13999938964844,163.5399932861328,117.83999633789062
2013-05-14,1.2988024950027466,137.80999755859375,73.5199966430664,165.22999572753906,116.55999755859375
2013-05-15,1.2937111854553223,134.6300048828125,73.66999816894531,166.1199951171875,117.33999633789062
2013-05-16,1.2882447242736816,134.08999633789062,73.58999633789062,165.33999633789062,118.55999755859375
2013-05-17,1.2883278131484985,131.07000732421875,74.30000305175781,166.94000244140625,117.05999755859375
2013-05-20,1.2835652828216553,135.1199951171875,74.19000244140625,166.92999267578125,116.91999816894531
2013-05-21,1.2891082763671875,132.8800048828125,74.2699966430664,167.1699981689453,117.83999633789062
2013-05-22,1.2919062376022339,131.94000244140625,73.62000274658203,165.92999267578125,116.08999633789062
2013-05-23,1.2842081785202026,134.61000061035156,73.44999694824219,165.4499969482422,116.63999938964844
2013-05-24,1.2925074100494385,133.75999450683594,73.41000366210938,165.30999755859375,116.80000305175781
2013-05-28,1.2933933734893799,133.49000549316406,73.88999938964844,166.3000030517578,113.83999633789062
2013-05-29,1.2846370935440063,134.8300018310547,73.54000091552734,165.22000122070312,115.12000274658203
2013-05-30,1.294783353805542,136.6999969482422,73.93000030517578,165.8300018310547,114.83999633789062
2013-05-31,1.3043931722640991,133.9199981689453,73.25,163.4499969482422,114.44999694824219
2013-06-03,1.2996464967727661,136.50999450683594,73.37999725341797,164.35000610351562,114.77999877929688
2013-06-04,1.3072919845581055,135.22999572753906,73.0,163.55999755859375,113.72000122070312
2013-06-05,1.3073433637619019,135.52000427246094,72.05000305175781,161.27000427246094,115.29000091552734
2013-06-06,1.3093289136886597,136.52999877929688,72.4000015258789,162.72999572753906,115.22000122070312
2013-06-07,1.3245558738708496,133.27999877929688,73.38999938964844,164.8000030517578,113.16000366210938
2013-06-10,1.3224014043807983,133.94000244140625,73.41999816894531,164.8000030517578,112.62000274658203
2013-06-11,1.3224014043807983,133.25,72.69000244140625,163.10000610351562,113.95999908447266
2013-06-12,1.3224014043807983,134.25,71.8499984741211,161.75,112.33000183105469
2013-06-13,1.3339558839797974,133.74000549316406,72.76000213623047,164.2100067138672,114.08999633789062
2013-06-14,1.3367911577224731,134.42999267578125,72.27999877929688,163.17999267578125,113.81999969482422
2013-06-17,1.3348639011383057,133.77000427246094,72.9800033569336,164.44000244140625,113.22000122070312
2013-06-18,1.3363088369369507,132.1300048828125,73.58000183105469,165.74000549316406,113.27999877929688
2013-06-19,1.3389928340911865,130.58999633789062,72.76000213623047,163.4499969482422,112.11000061035156
2013-06-20,1.329186201095581,123.5999984741211,71.02999877929688,159.39999389648438,110.2699966430664
2013-06-21,1.323556661605835,125.05000305175781,70.43000030517578,159.07000732421875,108.4000015258789
2013-06-24,1.3105300664901733,123.93000030517578,69.7300033569336,157.05999755859375,108.8499984741211
2013-06-25,1.313232183456421,123.47000122070312,70.23999786376953,158.57000732421875,107.87999725341797
2013-06-26,1.3079760074615479,118.27999877929688,70.87000274658203,160.13999938964844,108.58000183105469
2013-06-27,1.301337718963623,115.94000244140625,71.16999816894531,161.0800018310547,109.69000244140625
2013-06-28,1.3035939931869507,119.11000061035156,71.2699966430664,160.4199981689453,110.44000244140625
2013-07-01,1.3014055490493774,121.12999725341797,71.70999908447266,161.36000061035156,110.41000366210938
2013-07-02,1.306762456893921,120.05000305175781,71.73999786376953,161.2100067138672,110.33999633789062
2013-07-03,1.2978922128677368,120.73999786376953,72.02999877929688,161.27999877929688,110.01000213623047
2013-07-05,1.2907721996307373,118.08999633789062,72.58000183105469,163.02000427246094,106.26000213623047
2013-07-08,1.2829065322875977,119.51000213623047,72.6500015258789,163.9499969482422,107.29000091552734
2013-07-09,1.2871006727218628,120.62000274658203,73.08999633789062,165.1300048828125,107.4000015258789
2013-07-10,1.278183937072754,120.94999694824219,73.51000213623047,165.19000244140625,106.55999755859375
2013-07-11,1.3187741041183472,124.23999786376953,74.97000122070312,167.44000244140625,107.80999755859375
2013-07-12,1.3097747564315796,124.12999725341797,75.30000305175781,167.50999450683594,107.72000122070312
2013-07-15,1.3059945106506348,124.18000030517578,75.47000122070312,168.14999389648438,108.29000091552734
2013-07-16,1.3058750629425049,124.88999938964844,75.37000274658203,167.52000427246094,108.66000366210938
2013-07-17,1.3151146173477173,123.31999969482422,75.55999755859375,167.9499969482422,108.86000061035156
2013-07-18,1.3116990327835083,124.01000213623047,75.37000274658203,168.8699951171875,107.5
2013-07-19,1.3110626935958862,125.11000061035156,74.58999633789062,169.1699981689453,109.19999694824219
2013-07-22,1.3159972429275513,128.83999633789062,74.80999755859375,169.5,109.36000061035156
2013-07-23,1.3190349340438843,129.7100067138672,74.26000213623047,169.13999938964844,108.9000015258789
2013-07-24,1.3223315477371216,127.4800033569336,74.5,168.52000427246094,107.5199966430664
2013-07-25,1.319087266921997,128.6699981689453,74.97000122070312,168.92999267578125,107.4800033569336
2013-07-26,1.3274219036102295,128.77999877929688,75.37000274658203,169.11000061035156,108.13999938964844
2013-07-29,1.3287447690963745,128.47000122070312,75.2300033569336,168.58999633789062,107.3499984741211
2013-07-30,1.3263654708862305,128.1199951171875,75.62999725341797,168.58999633789062,107.30999755859375
2013-07-31,1.3264886140823364,127.95999908447266,75.7699966430664,168.7100067138672,107.69999694824219
2013-08-01,1.3301409482955933,126.61000061035156,76.54000091552734,170.66000366210938,105.36000061035156
2013-08-02,1.3211959600448608,126.36000061035156,76.97000122070312,170.9499969482422,106.5199966430664
2013-08-05,1.3278977870941162,125.69999694824219,77.0199966430664,170.6999969482422,105.69999694824219
2013-08-06,1.3257501125335693,123.97000122070312,76.55999755859375,169.72999572753906,106.01000213623047
2013-08-07,1.3308136463165283,124.1500015258789,76.41999816894531,169.17999267578125,106.80000305175781
2013-08-08,1.334098219871521,126.86000061035156,76.80000305175781,169.8000030517578,107.08999633789062
2013-08-09,1.3380074501037598,126.86000061035156,76.48999786376953,169.30999755859375,107.26000213623047
2013-08-12,1.3339380025863647,129.1300048828125,76.66999816894531,169.11000061035156,106.52999877929688
2013-08-13,1.3292922973632812,127.73999786376953,77.0999984741211,169.61000061035156,104.98999786376953
2013-08-14,1.326559066772461,129.0,76.80999755859375,168.74000549316406,105.1500015258789
2013-08-15,1.3264182806015015,131.69000244140625,75.51000213623047,166.3800048828125,103.7300033569336
2013-08-16,1.33539879322052,132.5800018310547,75.4800033569336,165.8300018310547,103.37000274658203
2013-08-19,1.332906723022461,132.00999450683594,75.3499984741211,164.77000427246094,102.47000122070312
2013-08-20,1.3333866596221924,132.4499969482422,75.68000030517578,165.5800018310547,103.26000213623047
2013-08-21,1.3421016931533813,132.07000732421875,75.41999816894531,164.55999755859375,102.12999725341797
2013-08-22,1.334294080734253,132.80999755859375,76.16000366210938,166.05999755859375,103.16999816894531
2013-08-23,1.335505723953247,134.89999389648438,76.66999816894531,166.6199951171875,104.29000091552734
2013-08-26,1.33865225315094,135.4499969482422,76.70999908447266,166.0,104.80999755859375
2013-08-27,1.3379179239273071,136.75,75.13999938964844,163.3300018310547,106.12999725341797
2013-08-28,1.3392080068588257,136.7100067138672,75.43000030517578,163.91000366210938,105.2699966430664
2013-08-29,1.3334933519363403,135.8699951171875,75.95999908447266,164.1699981689453,106.11000061035156
2013-08-30,1.3236267566680908,134.6199951171875,75.47000122070312,163.64999389648438,105.98999786376953
2013-09-03,1.319000244140625,136.4199981689453,75.9000015258789,164.38999938964844,104.22000122070312
2013-09-04,1.317401647567749,134.66000366210938,76.70999908447266,165.75,103.98999786376953
2013-09-05,1.320062279701233,132.1999969482422,76.83999633789062,165.9600067138672,102.54000091552734
2013-09-06,1.3118367195129395,134.14999389648438,76.93000030517578,166.0399932861328,103.05000305175781
2013-09-09,1.3174188137054443,133.91000366210938,77.83000183105469,167.6300048828125,103.0999984741211
2013-09-10,1.3258028030395508,131.74000549316406,78.20999908447266,168.8699951171875,102.37999725341797
2013-09-11,1.326629400253296,131.6999969482422,78.05999755859375,169.39999389648438,103.29000091552734
2013-09-12,1.3315579891204834,127.66999816894531,78.01000213623047,168.9499969482422,103.1500015258789
2013-09-13,1.3298933506011963,127.81999969482422,78.05999755859375,169.3300018310547,103.55000305175781
2013-09-16,1.3359339237213135,126.44999694824219,77.8499984741211,170.30999755859375,102.86000061035156
2013-09-17,1.3337956666946411,126.5,78.37000274658203,171.07000732421875,103.70999908447266
2013-09-18,1.3357912302017212,132.00999450683594,79.30999755859375,173.0500030517578,104.98999786376953
2013-09-19,1.3523015975952148,131.75,79.5,172.75999450683594,104.37000274658203
2013-09-20,1.353417992591858,127.95999908447266,78.98999786376953,170.72000122070312,104.91999816894531
2013-09-23,1.3534547090530396,127.55000305175781,78.83000183105469,169.92999267578125,105.69000244140625
2013-09-24,1.349892020225525,127.66000366210938,78.83000183105469,169.52999877929688,106.83000183105469
2013-09-25,1.347182273864746,128.7899932861328,78.55999755859375,169.0399932861328,107.05000305175781
2013-09-26,1.351698398590088,127.79000091552734,79.16999816894531,169.69000244140625,106.30000305175781
2013-09-27,1.348617672920227,128.97000122070312,79.06999969482422,168.91000366210938,106.55999755859375
2013-09-30,1.349545955657959,128.17999267578125,78.87999725341797,168.00999450683594,106.4000015258789
2013-10-01,1.3525211811065674,124.58999633789062,79.68000030517578,169.33999633789062,105.80000305175781
2013-10-02,1.352338194847107,127.05999755859375,79.6500015258789,169.17999267578125,105.95999908447266
2013-10-03,1.3591018915176392,127.18000030517578,78.72000122070312,167.6199951171875,105.79000091552734
2013-10-04,1.362416386604309,126.52999877929688,79.4000015258789,168.88999938964844,105.70999908447266
2013-10-07,1.356999397277832,127.63999938964844,78.73999786376953,167.42999267578125,106.13999938964844
2013-10-09,1.3598041534423828,126.11000061035156,76.9800033569336,165.60000610351562,105.31999969482422
2013-10-10,1.352027416229248,124.2699966430664,78.61000061035156,169.1699981689453,105.48999786376953
2013-10-11,1.3526674509048462,122.5999984741211,79.2300033569336,170.25999450683594,105.45999908447266
2013-10-14,1.3556748628616333,122.83000183105469,79.79000091552734,170.94000244140625,104.61000061035156
2013-10-15,1.3558586835861206,123.7300033569336,79.4800033569336,169.6999969482422,104.54000091552734
2013-10-16,1.3521736860275269,123.54000091552734,80.37999725341797,172.07000732421875,105.8499984741211
2013-10-17,1.3522467613220215,127.41999816894531,80.83999633789062,173.22000122070312,106.80999755859375
2013-10-18,1.366698980331421,126.8499984741211,82.1500015258789,174.38999938964844,107.04000091552734
2013-10-21,1.3681949377059937,126.9800033569336,82.33000183105469,174.39999389648438,106.69999694824219
2013-10-22,1.36759614944458,129.33999633789062,82.44999694824219,175.41000366210938,107.88999938964844
2013-10-23,1.3778469562530518,128.69000244140625,81.94999694824219,174.57000732421875,108.30999755859375
2013-10-24,1.3780938386917114,129.89999389648438,82.30999755859375,175.14999389648438,107.88999938964844
2013-10-25,1.380395531654358,130.4600067138672,82.9000015258789,175.9499969482422,108.29000091552734
2013-10-28,1.3805290460586548,130.55999755859375,82.91999816894531,176.22999572753906,107.91999816894531
2013-10-29,1.3789299726486206,129.77000427246094,83.05999755859375,177.1699981689453,108.05999755859375
2013-10-30,1.374306082725525,129.60000610351562,82.9800033569336,176.2899932861328,107.41000366210938
2013-10-31,1.3724011182785034,127.73999786376953,82.79000091552734,175.7899932861328,107.63999938964844
2013-11-01,1.3579760789871216,126.94999694824219,82.80999755859375,176.2100067138672,106.19000244140625
2013-11-04,1.349400281906128,126.80999755859375,82.93000030517578,176.8300018310547,106.29000091552734
2013-11-05,1.351698398590088,126.55999755859375,83.0199966430664,176.27000427246094,105.0199966430664
2013-11-06,1.3473094701766968,127.19999694824219,83.0,177.1699981689453,105.06999969482422
2013-11-07,1.351807951927185,126.16000366210938,81.44000244140625,174.92999267578125,105.95999908447266
2013-11-08,1.3409138917922974,124.27999877929688,82.54000091552734,177.2899932861328,103.41000366210938
2013-11-11,1.3347926139831543,123.87000274658203,82.41000366210938,177.32000732421875,103.0199966430664
2013-11-12,1.3409318923950195,122.44999694824219,82.54000091552734,176.9600067138672,103.5
2013-11-13,1.3439956903457642,122.8499984741211,83.54000091552734,178.3800048828125,103.87999725341797
2013-11-14,1.3489633798599243,124.2699966430664,83.80000305175781,179.27000427246094,104.5199966430664
2013-11-15,1.3448994159698486,124.31999969482422,83.95999908447266,180.0500030517578,104.7300033569336
2013-11-18,1.3483994007110596,122.9000015258789,83.13999938964844,179.4199981689453,105.36000061035156
2013-11-19,1.3504389524459839,122.94999694824219,82.9000015258789,179.02999877929688,104.55999755859375
2013-11-20,1.3567416667938232,120.12000274658203,82.69999694824219,178.47000122070312,102.77999877929688
2013-11-21,1.3433817625045776,119.94000244140625,83.54000091552734,179.91000366210938,102.94999694824219
2013-11-22,1.347182273864746,119.91999816894531,83.98999786376953,180.80999755859375,103.91000366210938
2013-11-25,1.355233907699585,120.45999908447266,84.19000244140625,180.6300048828125,104.20999908447266
2013-11-26,1.3527590036392212,119.81999969482422,84.62999725341797,180.67999267578125,104.5999984741211
2013-11-27,1.3567785024642944,119.45999908447266,85.22000122070312,181.1199951171875,104.41999816894531
2013-11-29,1.360396146774292,120.69999694824219,85.7300033569336,181.0,104.44999694824219
2013-12-02,1.3585110902786255,117.58000183105469,85.4800033569336,180.52999877929688,103.33000183105469
2013-12-03,1.3542062044143677,117.95999908447266,85.41000366210938,179.75,103.70999908447266
2013-12-04,1.3590649366378784,119.95999908447266,85.48999786376953,179.72999572753906,102.72000122070312
2013-12-05,1.3586403131484985,118.30000305175781,85.37999725341797,178.94000244140625,102.43000030517578
2013-12-06,1.3669979572296143,118.55000305175781,86.0,180.94000244140625,102.91999816894531
2013-12-09,1.3706516027450562,119.72000122070312,86.3499984741211,181.39999389648438,103.16000366210938
2013-12-10,1.3740227222442627,121.81999969482422,86.29000091552734,180.75,103.9000015258789
2013-12-11,1.37644362449646,120.86000061035156,85.18000030517578,178.72000122070312,103.0999984741211
2013-12-12,1.3786067962646484,118.29000091552734,84.95999908447266,178.1300048828125,102.70999908447266
2013-12-13,1.3750807046890259,119.37999725341797,84.8499984741211,178.11000061035156,103.20999908447266
2013-12-16,1.3739283084869385,119.69000244140625,85.31999969482422,179.22000122070312,102.83000183105469
2013-12-17,1.3762919902801514,118.6500015258789,85.1500015258789,178.64999389648438,103.29000091552734
2013-12-18,1.3771259784698486,117.61000061035156,86.13999938964844,181.6999969482422,102.7699966430664
2013-12-19,1.3684945106506348,114.81999969482422,85.9000015258789,181.49000549316406,102.66999816894531
2013-12-20,1.3655791282653809,115.94000244140625,86.5,181.55999755859375,104.25
2013-12-23,1.3678393363952637,115.56999969482422,87.41000366210938,182.52999877929688,103.66000366210938
2013-12-24,1.3699944019317627,116.0999984741211,87.44999694824219,182.92999267578125,102.83000183105469
2013-12-26,1.3668484687805176,116.73999786376953,87.73999786376953,183.86000061035156,102.0999984741211
2013-12-27,1.3696191310882568,117.12000274658203,87.5199966430664,183.85000610351562,101.80999755859375
2013-12-30,1.3750240802764893,115.38999938964844,87.38999938964844,183.82000732421875,102.51000213623047
2013-12-31,1.3810056447982788,116.12000274658203,87.95999908447266,184.69000244140625,101.86000061035156
2014-01-02,1.3766709566116333,118.0,87.2699966430664,182.9199981689453,102.16999816894531
2014-01-03,1.3666616678237915,119.29000091552734,86.63999938964844,182.88999938964844,102.16999816894531
2014-01-06,1.3596007823944092,119.5,86.31999969482422,182.36000061035156,102.5999984741211
2014-01-07,1.3631964921951294,118.81999969482422,87.12000274658203,183.47999572753906,102.86000061035156
2014-01-08,1.3616372346878052,118.12000274658203,87.30999755859375,183.52000427246094,102.58000183105469
2014-01-09,1.3572019338607788,118.45999908447266,87.0199966430664,183.63999938964844,103.18000030517578
2014-01-10,1.360710859298706,120.26000213623047,87.30000305175781,184.13999938964844,104.41000366210938
2014-01-13,1.3671848773956299,121.0199966430664,86.01000213623047,181.69000244140625,104.93000030517578
2014-01-14,1.3669979572296143,119.88999938964844,87.6500015258789,183.6699981689453,104.44999694824219
2014-01-15,1.3668484687805176,119.66000366210938,88.37000274658203,184.66000366210938,104.33999633789062
2014-01-16,1.359933614730835,119.79000091552734,88.37999725341797,184.4199981689453,105.04000091552734
2014-01-17,1.3618041276931763,120.93000030517578,87.87999725341797,183.63999938964844,105.4800033569336
2014-01-21,1.3549033403396606,119.69999694824219,88.55000305175781,184.17999267578125,105.55999755859375
2014-01-22,1.355913758277893,119.19000244140625,88.77999877929688,184.3000030517578,105.30000305175781
2014-01-23,1.354224443435669,121.79000091552734,88.4800033569336,182.7899932861328,106.79000091552734
2014-01-24,1.3689066171646118,122.29000091552734,86.73999786376953,178.88999938964844,107.4800033569336
2014-01-27,1.3687942028045654,120.95999908447266,85.9000015258789,178.00999450683594,106.7300033569336
2014-01-28,1.3674652576446533,120.94999694824219,85.8499984741211,179.07000732421875,106.98999786376953
2014-01-29,1.3655046224594116,122.47000122070312,84.93000030517578,177.35000610351562,107.87000274658203
2014-01-30,1.365859031677246,119.7699966430664,86.5,179.22999572753906,107.55999755859375
2014-01-31,1.3558770418167114,120.08999633789062,86.2699966430664,178.17999267578125,108.27999877929688
2014-02-03,1.3488178253173828,121.31999969482422,84.29000091552734,174.1699981689453,109.31999969482422
2014-02-04,1.3525028228759766,120.98999786376953,84.91000366210938,175.38999938964844,108.16000366210938
2014-02-05,1.3515887260437012,121.29000091552734,84.69000244140625,175.1699981689453,107.16000366210938
2014-02-06,1.3535096645355225,121.23999786376953,85.7699966430664,177.47999572753906,106.69999694824219
2014-02-07,1.3592127561569214,122.16999816894531,87.30000305175781,179.67999267578125,106.79000091552734
2014-02-10,1.361933946609497,122.91999816894531,87.80000305175781,180.00999450683594,107.08999633789062
2014-02-11,1.364610195159912,124.36000061035156,88.80000305175781,181.97999572753906,106.47000122070312
2014-02-12,1.3639029264450073,124.43000030517578,88.97000122070312,182.07000732421875,105.91999816894531
2014-02-13,1.3590095043182373,125.48999786376953,89.62999725341797,183.00999450683594,106.5199966430664
2014-02-14,1.3678767681121826,127.1500015258789,89.80999755859375,184.02000427246094,106.58000183105469
2014-02-18,1.3704450130462646,127.4000015258789,90.25,184.24000549316406,106.81999969482422
2014-02-19,1.376197338104248,126.2699966430664,89.62999725341797,183.02000427246094,106.37000274658203
2014-02-20,1.3730417490005493,127.5999984741211,90.05000305175781,184.10000610351562,106.11000061035156
2014-02-21,1.372118592262268,127.58000183105469,89.93000030517578,183.88999938964844,106.66999816894531
2014-02-24,1.3737962245941162,128.99000549316406,90.41000366210938,184.91000366210938,106.4000015258789
2014-02-25,1.3736075162887573,129.2100067138672,90.30999755859375,184.83999633789062,107.3499984741211
2014-02-26,1.3746082782745361,128.11000061035156,90.2300033569336,184.85000610351562,107.91999816894531
2014-02-27,1.3681949377059937,128.1999969482422,90.44000244140625,185.82000732421875,108.51000213623047
2014-02-28,1.3707455396652222,127.62000274658203,90.33999633789062,186.2899932861328,108.56999969482422
2014-03-03,1.377695083618164,130.2899932861328,89.66999816894531,184.97999572753906,109.02999877929688
2014-03-04,1.373701810836792,128.67999267578125,90.80999755859375,187.5800018310547,107.38999938964844
2014-03-05,1.374117136001587,128.88999938964844,91.05999755859375,187.75,107.62000274658203
2014-03-06,1.3734188079833984,130.1699981689453,90.9800033569336,188.17999267578125,106.55999755859375
2014-03-07,1.3863087892532349,129.08999633789062,90.52999877929688,188.25999450683594,105.88999938964844
2014-03-10,1.3878673315048218,129.1300048828125,90.61000061035156,188.16000366210938,106.04000091552734
2014-03-11,1.3878865242004395,129.86000061035156,90.22000122070312,187.22999572753906,106.31999969482422
2014-03-12,1.385809302330017,131.75999450683594,90.55999755859375,187.27999877929688,107.05999755859375
2014-03-13,1.3904531002044678,132.2100067138672,89.27999877929688,185.17999267578125,108.5
2014-03-14,1.3865394592285156,133.10000610351562,88.66999816894531,184.66000366210938,108.5199966430664
2014-03-17,1.39130437374115,131.63999938964844,89.44999694824219,186.3300018310547,107.70999908447266
2014-03-18,1.3926606178283691,130.6199951171875,90.52999877929688,187.66000366210938,108.0999984741211
2014-03-19,1.3930875062942505,128.08999633789062,90.04000091552734,186.66000366210938,107.26000213623047
2014-03-20,1.381921648979187,127.86000061035156,90.29000091552734,187.75,107.06999969482422
2014-03-21,1.378207802772522,128.47000122070312,89.0,186.1999969482422,108.2300033569336
2014-03-24,1.3795576095581055,126.18000030517578,88.22000122070312,185.42999267578125,109.0
2014-03-25,1.3838915824890137,126.41000366210938,88.51000213623047,186.30999755859375,108.58999633789062
2014-03-26,1.3819025754928589,125.41000366210938,87.37000274658203,184.97000122070312,109.44000244140625
2014-03-27,1.378207802772522,124.58999633789062,86.87999725341797,184.5800018310547,109.98999786376953
2014-03-28,1.3741360902786255,124.55999755859375,87.05000305175781,185.49000549316406,109.37000274658203
2014-03-31,1.3752131462097168,123.61000061035156,87.66999816894531,187.00999450683594,109.0999984741211
2014-04-01,1.3775053024291992,123.38999938964844,89.20999908447266,188.25,107.88999938964844
2014-04-02,1.379481554031372,124.31999969482422,89.44000244140625,188.8800048828125,107.2699966430664
2014-04-03,1.376822590827942,123.91999816894531,88.7300033569336,188.6300048828125,107.73999786376953
2014-04-04,1.3723821640014648,125.56999969482422,86.37000274658203,186.39999389648438,108.45999908447266
2014-04-07,1.3704074621200562,124.91000366210938,85.55000305175781,184.33999633789062,109.11000061035156
2014-04-08,1.374306082725525,126.08999633789062,86.33999633789062,185.10000610351562,109.37000274658203
2014-04-09,1.3793293237686157,126.31999969482422,87.81999969482422,187.08999633789062,108.83000183105469
2014-04-10,1.3855020999908447,127.01000213623047,85.0999984741211,183.16000366210938,109.83999633789062
2014-04-11,1.3886381387710571,126.93000030517578,84.11000061035156,181.50999450683594,110.7300033569336
2014-04-14,1.3846195936203003,127.8499984741211,84.7699966430664,182.94000244140625,110.44000244140625
2014-04-15,1.381711721420288,125.48999786376953,85.05000305175781,184.1999969482422,111.12999725341797
2014-04-16,1.38119637966156,125.54000091552734,86.18000030517578,186.1300048828125,111.2699966430664
2014-04-17,1.3827050924301147,124.75,86.19999694824219,186.38999938964844,110.05000305175781
2014-04-21,1.3815207481384277,124.23999786376953,86.83999633789062,187.0399932861328,109.95999908447266
2014-04-22,1.3795006275177002,123.77999877929688,87.52999877929688,187.88999938964844,110.33000183105469
2014-04-23,1.3810056447982788,123.76000213623047,86.76000213623047,187.4499969482422,110.95999908447266
2014-04-24,1.381921648979187,124.55999755859375,87.58999633789062,187.8300018310547,111.16999816894531
2014-04-25,1.3832024335861206,125.43000030517578,86.19000244140625,186.2899932861328,111.33000183105469
2014-04-28,1.384063959121704,124.87999725341797,86.47000122070312,186.8800048828125,110.79000091552734
2014-04-29,1.3852909803390503,124.86000061035156,87.16000366210938,187.75,110.63999938964844
2014-04-30,1.3813681602478027,124.22000122070312,87.38999938964844,188.30999755859375,111.0999984741211
2014-05-01,1.386924147605896,123.80000305175781,87.6500015258789,188.3300018310547,112.0199966430664
2014-05-02,1.3870972394943237,125.05999755859375,87.48999786376953,188.05999755859375,112.70999908447266
2014-05-05,1.387270450592041,126.22000122070312,87.94999694824219,188.4199981689453,112.02999877929688
2014-05-06,1.387597680091858,125.9800033569336,86.80999755859375,186.77999877929688,112.4800033569336
2014-05-07,1.3930680751800537,124.16999816894531,86.55999755859375,187.8800048828125,112.08000183105469
2014-05-08,1.3911689519882202,124.16999816894531,86.4800033569336,187.67999267578125,111.5999984741211
2014-05-09,1.3844279050827026,124.0999984741211,86.80000305175781,187.9600067138672,111.23999786376953
2014-05-12,1.376064658164978,124.94000244140625,88.2300033569336,189.7899932861328,110.79000091552734
2014-05-13,1.3756672143936157,124.5999984741211,88.29000091552734,189.9600067138672,111.75
2014-05-14,1.3709522485733032,125.80999755859375,87.83000183105469,189.05999755859375,112.95999908447266
2014-05-15,1.372005581855774,124.7699966430664,87.13999938964844,187.39999389648438,113.86000061035156
2014-05-16,1.3716480731964111,124.5,87.70999908447266,188.0500030517578,113.54000091552734
2014-05-19,1.3703323602676392,124.58000183105469,88.31999969482422,188.74000549316406,112.69999694824219
2014-05-20,1.3713847398757935,124.69000244140625,88.0,187.5500030517578,112.94999694824219
2014-05-21,1.3704074621200562,124.38999938964844,88.83999633789062,189.1300048828125,112.26000213623047
2014-05-22,1.3681762218475342,124.66999816894531,89.2300033569336,189.58999633789062,112.0999984741211
2014-05-23,1.3654487133026123,124.51000213623047,89.87999725341797,190.35000610351562,112.69999694824219
2014-05-27,1.3651318550109863,121.8499984741211,91.0,191.52000427246094,113.36000061035156
2014-05-28,1.3636983633041382,121.19999694824219,90.72000122070312,191.3800048828125,114.76000213623047
2014-05-29,1.359342098236084,120.94000244140625,91.30000305175781,192.3699951171875,114.1500015258789
2014-05-30,1.360451579093933,120.43000030517578,91.30999755859375,192.67999267578125,114.0999984741211
2014-06-02,1.3628062009811401,119.69999694824219,91.22000122070312,192.89999389648438,112.95999908447266
2014-06-03,1.3598966598510742,120.01000213623047,91.18000030517578,192.8000030517578,111.56999969482422
2014-06-04,1.3621008396148682,119.76000213623047,91.5199966430664,193.19000244140625,111.54000091552734
2014-06-05,1.3604146242141724,120.66000366210938,92.29000091552734,194.4499969482422,111.58999633789062
2014-06-06,1.3661948442459106,120.61000061035156,92.81999969482422,195.3800048828125,111.58999633789062
2014-06-09,1.3642936944961548,120.6500015258789,92.75,195.5800018310547,111.43000030517578
2014-06-10,1.3592681884765625,121.38999938964844,92.91000366210938,195.60000610351562,111.0199966430664
2014-06-11,1.3540961742401123,121.41000366210938,92.88999938964844,194.9199981689453,111.22000122070312
2014-06-12,1.3537112474441528,122.63999938964844,92.05000305175781,193.5399932861328,112.20999908447266
2014-06-13,1.3554543256759644,122.95999908447266,92.31999969482422,194.1300048828125,112.1500015258789
2014-06-16,1.3538029193878174,122.41999816894531,92.4000015258789,194.2899932861328,112.43000030517578
2014-06-17,1.3577179908752441,122.27999877929688,92.44999694824219,194.8300018310547,111.54000091552734
2014-06-18,1.3547931909561157,122.66999816894531,92.97000122070312,196.25999450683594,112.4000015258789
2014-06-19,1.3590649366378784,126.94000244140625,92.91000366210938,196.47999572753906,110.95999908447266
2014-06-20,1.361136794090271,126.5,92.7699966430664,195.94000244140625,111.80000305175781
2014-06-23,1.3593051433563232,126.8499984741211,92.79000091552734,195.8800048828125,111.44999694824219
2014-06-24,1.3601926565170288,126.9800033569336,92.69999694824219,194.6999969482422,112.58000183105469
2014-06-25,1.3605812788009644,126.98999786376953,93.29000091552734,195.5800018310547,112.87000274658203
2014-06-26,1.3628991842269897,126.7300033569336,93.33999633789062,195.44000244140625,113.41000366210938
2014-06-27,1.3613035678863525,126.66000366210938,93.75,195.82000732421875,113.23999786376953
2014-06-30,1.3644425868988037,128.0399932861328,93.91000366210938,195.72000122070312,113.5199966430664
2014-07-01,1.3693565130233765,127.69999694824219,94.94000244140625,197.02999877929688,112.27999877929688
2014-07-02,1.3680826425552368,127.69999694824219,95.0999984741211,197.22999572753906,111.08000183105469
2014-07-03,1.3652995824813843,127.16000366210938,95.69999694824219,198.1999969482422,110.68000030517578
2014-07-07,1.3588433265686035,127.0199966430664,95.41000366210938,197.50999450683594,111.48999786376953
2014-07-08,1.360618233680725,127.06999969482422,94.26000213623047,196.24000549316406,112.73999786376953
2014-07-09,1.3617113828659058,127.83999633789062,94.95999908447266,197.1199951171875,112.83000183105469
2014-07-10,1.3642936944961548,128.5399932861328,94.66000366210938,196.33999633789062,112.86000061035156
2014-07-11,1.3605072498321533,128.77999877929688,95.2699966430664,196.61000061035156,113.58000183105469
2014-07-14,1.360377550125122,125.72000122070312,95.83999633789062,197.60000610351562,113.08999633789062
2014-07-15,1.3621751070022583,124.52999877929688,95.51000213623047,197.22999572753906,112.86000061035156
2014-07-16,1.3572019338607788,124.97000122070312,95.88999938964844,197.9600067138672,113.45999908447266
2014-07-17,1.3529969453811646,127.08999633789062,94.62000274658203,195.7100067138672,114.88999938964844
2014-07-18,1.3518811464309692,126.12999725341797,96.12000274658203,197.7100067138672,114.5199966430664
2014-07-21,1.3532166481018066,126.33999633789062,96.0,197.33999633789062,115.08999633789062
2014-07-22,1.3527040481567383,125.73999786376953,96.61000061035156,198.1999969482422,115.33000183105469
2014-07-23,1.3468012809753418,125.62000274658203,97.2300033569336,198.63999938964844,115.18000030517578
2014-07-24,1.346293568611145,124.3499984741211,97.12000274658203,198.64999389648438,114.31999969482422
2014-07-25,1.3464748859405518,125.79000091552734,96.73999786376953,197.72000122070312,115.66999816894531
2014-07-28,1.3428946733474731,125.58000183105469,96.7699966430664,197.8000030517578,115.51000213623047
2014-07-29,1.3439054489135742,125.19999694824219,96.5999984741211,196.9499969482422,115.93000030517578
2014-07-30,1.3411117792129517,124.83000183105469,96.9800033569336,196.97999572753906,114.31999969482422
2014-07-31,1.3396027088165283,123.38999938964844,95.0199966430664,193.08999633789062,113.9800033569336
2014-08-01,1.3389928340911865,124.37999725341797,94.66999816894531,192.5,114.55999755859375
2014-08-04,1.3428946733474731,123.98999786376953,95.31999969482422,193.88999938964844,114.26000213623047
2014-08-05,1.342209815979004,123.87000274658203,94.58999633789062,192.00999450683594,114.62999725341797
2014-08-06,1.337238073348999,125.66999816894531,94.5199966430664,192.07000732421875,114.69999694824219
2014-08-07,1.3382940292358398,126.18000030517578,94.22000122070312,191.02999877929688,115.7699966430664
2014-08-08,1.3358268737792969,126.19000244140625,94.9000015258789,193.24000549316406,115.5199966430664
2014-08-11,1.3405184745788574,125.95999908447266,95.45999908447266,193.8000030517578,115.51000213623047
2014-08-12,1.3384909629821777,125.98999786376953,95.41999816894531,193.52999877929688,114.76000213623047
2014-08-13,1.3366124629974365,126.19999694824219,96.43000030517578,194.83999633789062,115.51000213623047
2014-08-14,1.3367911577224731,126.30999755859375,96.93000030517578,195.75999450683594,116.44000244140625
2014-08-15,1.3363981246948242,125.4800033569336,97.4000015258789,195.72000122070312,117.70999908447266
2014-08-18,1.339046597480774,124.95999908447266,98.1500015258789,197.36000061035156,116.54000091552734
2014-08-19,1.336112380027771,124.68000030517578,98.69999694824219,198.38999938964844,116.18000030517578
2014-08-20,1.332196593284607,124.22000122070312,98.69999694824219,198.9199981689453,115.98999786376953
2014-08-21,1.3260489702224731,122.87999725341797,98.9000015258789,199.5,116.63999938964844
2014-08-22,1.3279330730438232,123.19000244140625,99.05000305175781,199.19000244140625,117.29000091552734
2014-08-25,1.3198705911636353,122.73999786376953,99.4000015258789,200.1999969482422,117.7300033569336
2014-08-26,1.3188958168029785,123.3499984741211,99.5,200.3300018310547,117.3499984741211
2014-08-27,1.3170199394226074,123.31999969482422,99.5199966430664,200.25,118.3499984741211
2014-08-28,1.319087266921997,124.0,99.41000366210938,200.13999938964844,118.97000122070312
2014-08-29,1.3184958696365356,123.86000061035156,99.77999877929688,200.7100067138672,119.05000305175781
2014-09-02,1.3131976127624512,121.6500015258789,100.06999969482422,200.61000061035156,116.7300033569336
2014-09-03,1.3131976127624512,122.1500015258789,99.4800033569336,200.5,117.37999725341797
2014-09-04,1.3150973320007324,121.4800033569336,99.38999938964844,200.2100067138672,115.94999694824219
2014-09-05,1.2932761907577515,122.05999755859375,99.88999938964844,201.11000061035156,115.7300033569336
2014-09-08,1.2953367233276367,120.7300033569336,100.08000183105469,200.58999633789062,115.77999877929688
2014-09-09,1.2891082763671875,120.87000274658203,99.25,199.32000732421875,115.69000244140625
2014-09-10,1.2941968441009521,120.26000213623047,100.06999969482422,200.07000732421875,114.95999908447266
2014-09-11,1.2917059659957886,119.47000122070312,99.98999786376953,200.3000030517578,114.58000183105469
2014-09-12,1.2923569679260254,118.37999725341797,99.4800033569336,199.1300048828125,113.37999725341797
2014-09-15,1.2960082292556763,118.63999938964844,98.5199966430664,198.97999572753906,113.55000305175781
2014-09-16,1.2939791679382324,118.83000183105469,99.37999725341797,200.47999572753906,113.08999633789062
2014-09-17,1.2959076166152954,117.54000091552734,99.52999877929688,200.75,112.80000305175781
2014-09-18,1.285000205039978,117.77999877929688,100.27999877929688,201.82000732421875,113.16000366210938
2014-09-19,1.2920063734054565,117.08999633789062,99.9800033569336,200.6999969482422,114.5999984741211
2014-09-22,1.2841421365737915,116.8499984741211,99.05000305175781,199.14999389648438,114.73999786376953
2014-09-23,1.2851488590240479,117.5999984741211,98.77999877929688,198.00999450683594,115.44999694824219
2014-09-24,1.2853965759277344,117.05000305175781,99.83999633789062,199.55999755859375,114.80999755859375
2014-09-25,1.2778083086013794,117.38999938964844,97.73999786376953,196.33999633789062,116.16999816894531
2014-09-26,1.2757054567337036,117.05999755859375,98.77999877929688,197.89999389648438,116.0
2014-09-29,1.2673146724700928,117.02999877929688,98.6500015258789,197.5399932861328,116.93000030517578
2014-09-30,1.269083857536316,116.20999908447266,98.79000091552734,197.02000427246094,116.2699966430664
2014-10-01,1.262833595275879,116.7699966430664,97.20999908447266,194.35000610351562,118.2300033569336
2014-10-02,1.2624191045761108,116.73999786376953,97.20999908447266,194.3800048828125,117.19999694824219
2014-10-03,1.2670577764511108,114.61000061035156,98.16999816894531,196.52000427246094,117.69999694824219
2014-10-06,1.2513607740402222,116.02999877929688,97.95999908447266,196.2899932861328,117.7699966430664
2014-10-07,1.264606237411499,116.36000061035156,96.56999969482422,193.25999450683594,119.36000061035156
2014-10-08,1.266800880432129,117.47000122070312,98.44999694824219,196.63999938964844,119.38999938964844
2014-10-09,1.2743074893951416,117.63999938964844,96.86000061035156,192.74000549316406,118.87000274658203
2014-10-10,1.2689067125320435,117.58999633789062,94.44000244140625,190.5399932861328,120.05000305175781
2014-10-13,1.263982892036438,118.5199966430664,92.95999908447266,187.41000366210938,120.77999877929688
2014-10-14,1.272394061088562,118.58999633789062,92.97000122070312,187.6999969482422,121.56999969482422
2014-10-15,1.2639029026031494,118.98999786376953,92.37000274658203,186.42999267578125,122.52999877929688
2014-10-16,1.2821663618087769,119.22000122070312,91.79000091552734,186.27000427246094,121.75
2014-10-17,1.280442476272583,118.98999786376953,93.0,188.47000122070312,121.06999969482422
2014-10-20,1.274957299232483,119.80000305175781,94.38999938964844,190.3000030517578,121.51000213623047
2014-10-21,1.2795250415802002,120.0199966430664,96.87000274658203,194.07000732421875,120.54000091552734
2014-10-22,1.2714719772338867,119.33999633789062,96.37000274658203,192.69000244140625,120.66999816894531
2014-10-23,1.2641425132751465,118.5199966430664,97.81999969482422,194.92999267578125,119.5999984741211
2014-10-24,1.2654062509536743,118.3499984741211,98.62000274658203,196.42999267578125,119.72000122070312
2014-10-27,1.2676681280136108,118.05999755859375,98.69000244140625,196.16000366210938,119.94000244140625
2014-10-28,1.270147681236267,118.0999984741211,100.18000030517578,198.41000366210938,119.19000244140625
2014-10-29,1.273836612701416,116.41000366210938,99.80999755859375,198.11000061035156,119.45999908447266
2014-10-30,1.2632802724838257,115.19000244140625,100.0199966430664,199.3800048828125,119.55999755859375
2014-10-31,1.2613362073898315,112.66000366210938,101.4000015258789,201.66000366210938,119.25
2014-11-03,1.2503125667572021,112.1500015258789,101.69999694824219,201.77000427246094,118.95999908447266
2014-11-04,1.2495938539505005,112.22000122070312,101.36000061035156,201.07000732421875,119.33000183105469
2014-11-05,1.2552564144134521,109.79000091552734,101.37000274658203,202.33999633789062,119.16000366210938
2014-11-06,1.2480031251907349,109.87999725341797,101.69000244140625,203.14999389648438,118.38999938964844
2014-11-07,1.238006830215454,112.97000122070312,101.5999984741211,203.33999633789062,119.75
2014-11-10,1.246137022972107,110.45999908447266,101.95999908447266,203.97999572753906,118.6500015258789
2014-11-11,1.242992639541626,112.04000091552734,102.27999877929688,204.17999267578125,118.7300033569336
2014-11-12,1.2475829124450684,111.5,102.45999908447266,203.9600067138672,118.62999725341797
2014-11-13,1.242992639541626,111.66999816894531,102.9000015258789,204.19000244140625,118.91000366210938
2014-11-14,1.2475982904434204,114.47000122070312,103.22000122070312,204.24000549316406,119.48999786376953
2014-11-17,1.251846432685852,114.05000305175781,102.91000366210938,204.3699951171875,119.19000244140625
2014-11-18,1.2448959350585938,115.05000305175781,103.68000030517578,205.5500030517578,119.5199966430664
2014-11-19,1.253337025642395,113.68000030517578,103.20999908447266,205.22000122070312,118.76000213623047
2014-11-20,1.2540757656097412,114.86000061035156,103.66999816894531,205.5800018310547,119.37999725341797
2014-11-21,1.2545005083084106,115.38999938964844,103.87000274658203,206.67999267578125,120.0999984741211
2014-11-24,1.2375012636184692,115.11000061035156,104.68000030517578,207.25999450683594,120.19999694824219
2014-11-25,1.2433171272277832,115.37999725341797,104.83999633789062,207.11000061035156,121.19999694824219
2014-11-26,1.24806547164917,115.16000366210938,105.5199966430664,207.63999938964844,121.52999877929688
2014-11-28,1.246199131011963,112.11000061035156,106.01000213623047,207.1999969482422,122.48999786376953
2014-12-01,1.2438275814056396,116.58000183105469,104.80999755859375,205.75999450683594,121.5
2014-12-02,1.247007131576538,115.13999938964844,105.2300033569336,207.08999633789062,120.31999969482422
2014-12-03,1.2388503551483154,116.33000183105469,105.41999816894531,207.88999938964844,120.79000091552734
2014-12-04,1.231663703918457,115.87999725341797,105.37000274658203,207.66000366210938,121.80000305175781
2014-12-05,1.2386661767959595,114.43000030517578,105.37999725341797,208.0,121.08999633789062
2014-12-08,1.2294074296951294,115.77999877929688,104.62999725341797,206.61000061035156,122.56999969482422
2014-12-09,1.2315119504928589,118.19000244140625,104.95999908447266,206.47000122070312,123.19999694824219
2014-12-10,1.2394952774047852,117.95999908447266,103.30999755859375,203.16000366210938,124.0999984741211
2014-12-11,1.2473959922790527,117.69000244140625,103.80000305175781,204.19000244140625,124.61000061035156
2014-12-12,1.2394952774047852,117.41000366210938,102.66999816894531,200.88999938964844,126.30000305175781
2014-12-15,1.2463544607162476,114.38999938964844,101.61000061035156,199.50999450683594,126.04000091552734
2014-12-16,1.2443537712097168,114.94999694824219,99.9800033569336,197.91000366210938,127.5999984741211
2014-12-17,1.2512043714523315,114.2699966430664,101.80000305175781,201.7899932861328,126.44999694824219
2014-12-18,1.2338976860046387,115.1500015258789,104.25,206.77999877929688,124.19999694824219
2014-12-19,1.229044795036316,114.7699966430664,104.31999969482422,206.52000427246094,125.87000274658203
2014-12-22,1.2225985527038574,112.55000305175781,104.58000183105469,207.47000122070312,126.04000091552734
2014-12-23,1.2223743200302124,112.73999786376953,104.20999908447266,207.75,123.54000091552734
2014-12-24,1.217492938041687,112.7699966430664,104.30000305175781,207.77000427246094,123.94999694824219
2014-12-26,1.2210012674331665,114.83000183105469,105.04000091552734,208.44000244140625,124.41000366210938
2014-12-29,1.216944694519043,113.66999816894531,105.0199966430664,208.72000122070312,125.33999633789062
2014-12-30,1.215347409248352,115.19999694824219,104.31999969482422,207.60000610351562,125.68000030517578
2014-12-31,1.2162047624588013,113.58000183105469,103.25,205.5399932861328,125.91999816894531
2015-01-02,1.2089413404464722,114.08000183105469,102.94000244140625,205.42999267578125,127.31999969482422
2015-01-05,1.194643259048462,115.80000305175781,101.43000030517578,201.72000122070312,129.32000732421875
2015-01-06,1.193901538848877,117.12000274658203,100.06999969482422,199.82000732421875,131.64999389648438
2015-01-07,1.1875356435775757,116.43000030517578,101.36000061035156,202.30999755859375,131.38999938964844
2015-01-08,1.1836000680923462,115.94000244140625,103.30000305175781,205.89999389648438,129.64999389648438
2015-01-09,1.1796069145202637,117.26000213623047,102.62000274658203,204.25,131.07000732421875
2015-01-12,1.187070369720459,118.55999755859375,101.55000305175781,202.64999389648438,131.82000732421875
2015-01-13,1.1831519603729248,118.16000366210938,101.5199966430664,202.0800018310547,131.82000732421875
2015-01-14,1.1778285503387451,117.97000122070312,100.95999908447266,200.86000061035156,132.82000732421875
2015-01-15,1.1785920858383179,120.94000244140625,99.6500015258789,199.02000427246094,134.91000366210938
2015-01-16,1.1637378931045532,122.5199966430664,100.81999969482422,201.6300048828125,133.19000244140625
2015-01-20,1.1597968339920044,124.19999694824219,101.62000274658203,202.05999755859375,134.9600067138672
2015-01-21,1.1546944379806519,124.2300033569336,102.13999938964844,203.0800018310547,133.39999389648438
2015-01-22,1.1615345478057861,125.2300033569336,104.02999877929688,206.10000610351562,132.9199981689453
2015-01-23,1.1346745491027832,124.2300033569336,104.26000213623047,204.97000122070312,134.77000427246094
2015-01-26,1.1125450134277344,122.98999786376953,104.13999938964844,205.4499969482422,134.36000061035156
2015-01-27,1.1247708797454834,124.4000015258789,101.44000244140625,202.74000549316406,134.57000732421875
2015-01-28,1.1367381811141968,123.41999816894531,100.91999816894531,200.13999938964844,136.77000427246094
2015-01-29,1.1281461715698242,120.76000213623047,101.88999938964844,201.99000549316406,135.8699951171875
2015-01-30,1.13355553150177,123.44999694824219,101.0999984741211,199.4499969482422,138.27999877929688
2015-02-02,1.1309019327163696,122.41999816894531,101.9800033569336,201.9199981689453,137.47999572753906
2015-02-03,1.1341726779937744,121.05000305175781,102.95999908447266,204.83999633789062,134.57000732421875
2015-02-04,1.145737886428833,121.58000183105469,102.87000274658203,204.05999755859375,134.8000030517578
2015-02-05,1.131874680519104,121.79000091552734,103.76000213623047,206.1199951171875,133.32000732421875
2015-02-06,1.147196888923645,118.63999938964844,103.12999725341797,205.5500030517578,130.9600067138672
2015-02-09,1.1314393281936646,119.16999816894531,102.80000305175781,204.6300048828125,130.75
2015-02-10,1.1326953172683716,118.47000122070312,104.4000015258789,206.80999755859375,129.7100067138672
2015-02-11,1.1321951150894165,117.06999969482422,104.77999877929688,206.92999267578125,129.9499969482422
2015-02-12,1.131196141242981,117.33999633789062,106.0,208.9199981689453,129.52000427246094
2015-02-13,1.140393853187561,117.9800033569336,106.91000366210938,209.77999877929688,128.19000244140625
2015-02-17,1.1334012746810913,116.01000213623047,107.01000213623047,210.11000061035156,126.26000213623047
2015-02-18,1.1404719352722168,116.33999633789062,107.16000366210938,210.1300048828125,127.01000213623047
2015-02-19,1.1400039196014404,115.94000244140625,107.69000244140625,209.97999572753906,126.16999816894531
2015-02-20,1.1366735696792603,115.27999877929688,108.41000366210938,211.24000549316406,126.54000091552734
2015-02-23,1.1381484270095825,115.43000030517578,108.5199966430664,211.2100067138672,127.98999786376953
2015-02-24,1.1332985162734985,115.26000213623047,108.5999984741211,211.80999755859375,129.6699981689453
2015-02-25,1.1339025497436523,115.69999694824219,108.33000183105469,211.6300048828125,130.22999572753906
2015-02-26,1.1363636255264282,116.06999969482422,108.87999725341797,211.3800048828125,128.4499969482422
2015-02-27,1.1205360889434814,116.16000366210938,108.4000015258789,210.66000366210938,129.52999877929688
2015-03-02,1.1161960363388062,115.68000030517578,109.37999725341797,211.99000549316406,126.87000274658203
2015-03-03,1.1179054975509644,115.47000122070312,108.87000274658203,211.1199951171875,126.41000366210938
2015-03-04,1.118217945098877,115.11000061035156,108.44999694824219,210.22999572753906,126.44999694824219
2015-03-05,1.1082050800323486,115.0,108.63999938964844,210.4600067138672,126.29000091552734
2015-03-06,1.1032048463821411,111.86000061035156,107.41000366210938,207.5,123.5
2015-03-09,1.0845986604690552,111.97000122070312,107.72000122070312,208.36000061035156,124.63999938964844
2015-03-10,1.0833414793014526,111.41999816894531,105.72000122070312,204.97999572753906,126.27999877929688
2015-03-11,1.0708701610565186,110.75,105.11000061035156,204.5,127.19999694824219
2015-03-12,1.0548745393753052,110.72000122070312,105.80000305175781,207.10000610351562,127.11000061035156
2015-03-13,1.0626314878463745,110.87999725341797,105.33999633789062,205.8300018310547,126.72000122070312
2015-03-16,1.0481630563735962,110.80999755859375,106.69999694824219,208.5800018310547,127.94000244140625
2015-03-17,1.0572947263717651,110.20999908447266,106.87000274658203,207.9600067138672,129.0
2015-03-18,1.0598047971725464,112.37000274658203,107.91999816894531,210.4600067138672,131.49000549316406
2015-03-19,1.0849988460540771,112.29000091552734,108.08000183105469,209.5,130.82000732421875
2015-03-20,1.066894292831421,113.56999969482422,108.52999877929688,210.41000366210938,131.50999450683594
2015-03-23,1.0826611518859863,114.29000091552734,108.31999969482422,210.0,131.35000610351562
2015-03-24,1.094499111175537,114.56999969482422,107.93000030517578,208.82000732421875,132.6199951171875
2015-03-25,1.0902034044265747,114.7300033569336,105.45999908447266,205.75999450683594,131.5
2015-03-26,1.0960465669631958,115.4800033569336,105.0999984741211,205.27000427246094,129.4499969482422
2015-03-27,1.0886367559432983,115.05999755859375,105.5199966430664,205.74000549316406,131.05999755859375
2015-03-30,1.0884946584701538,113.75,106.7300033569336,208.25,130.41000366210938
2015-03-31,1.0830246210098267,113.66000366210938,105.5999984741211,206.42999267578125,130.69000244140625
2015-04-01,1.073814034461975,115.5999984741211,105.05000305175781,205.6999969482422,132.1300048828125
2015-04-02,1.0769942998886108,115.27999877929688,105.12000274658203,206.44000244140625,130.72999572753906
2015-04-06,1.100134253501892,116.69000244140625,105.9800033569336,207.8300018310547,130.0
2015-04-07,1.0934817790985107,116.11000061035156,105.80000305175781,207.27999877929688,131.08999633789062
2015-04-08,1.0824151039123535,115.47000122070312,106.63999938964844,207.97999572753906,131.1300048828125
2015-04-09,1.078527569770813,114.66999816894531,107.30999755859375,208.89999389648438,129.42999267578125
2015-04-10,1.0669056177139282,115.97000122070312,107.75,210.0399932861328,129.6199951171875
2015-04-13,1.0609854459762573,115.13999938964844,107.4800033569336,209.08999633789062,129.8000030517578
2015-04-14,1.0572947263717651,114.44000244140625,107.16999816894531,209.49000549316406,130.72000122070312
2015-04-15,1.0647132396697998,115.43000030517578,107.83999633789062,210.42999267578125,130.61000061035156
2015-04-16,1.0676802396774292,115.02999877929688,107.69000244140625,210.3699951171875,129.9600067138672
2015-04-17,1.0755579471588135,115.5999984741211,106.01000213623047,207.9499969482422,131.4499969482422
2015-04-20,1.0810226202011108,114.72000122070312,107.5999984741211,209.85000610351562,130.2899932861328
2015-04-21,1.0747487545013428,115.37999725341797,108.05999755859375,209.60000610351562,129.6999969482422
2015-04-22,1.074171543121338,113.83000183105469,108.6500015258789,210.6300048828125,127.72000122070312
2015-04-23,1.0725815296173096,114.66000366210938,109.05999755859375,211.16000366210938,128.27000427246094
2015-04-24,1.0815019607543945,113.05000305175781,110.54000091552734,211.64999389648438,129.07000732421875
2015-04-27,1.086897373199463,115.33000183105469,110.26000213623047,210.77000427246094,129.07000732421875
2015-04-28,1.0877959728240967,116.33000183105469,110.04000091552734,211.44000244140625,127.29000091552734
2015-04-29,1.096912145614624,115.51000213623047,109.3499984741211,210.57000732421875,125.7300033569336
2015-04-30,1.1114321947097778,113.47000122070312,107.62999725341797,208.4600067138672,125.94999694824219
2015-05-01,1.1214659214019775,113.08000183105469,109.05000305175781,210.72000122070312,124.0
2015-05-04,1.1185932159423828,114.0999984741211,109.2300033569336,211.32000732421875,122.83000183105469
2015-05-05,1.1149141788482666,114.41999816894531,107.44999694824219,208.89999389648438,122.66000366210938
2015-05-06,1.1186307668685913,114.36000061035156,106.70999908447266,208.0399932861328,120.55999755859375
2015-05-07,1.1341469287872314,113.41999816894531,107.3499984741211,208.8699951171875,122.18000030517578
2015-05-08,1.1246949434280396,113.97000122070312,108.69000244140625,211.6199951171875,122.51000213623047
2015-05-11,1.1194071769714355,113.52999877929688,108.2699966430664,210.61000061035156,119.52999877929688
2015-05-12,1.114441990852356,114.5,107.77999877929688,209.97999572753906,119.83999633789062
2015-05-13,1.1221455335617065,116.55000305175781,108.0,210.02000427246094,118.87999725341797
2015-05-14,1.1350480318069458,117.18000030517578,109.58000183105469,212.2100067138672,119.19999694824219
2015-05-15,1.1404979228973389,117.52999877929688,109.58000183105469,212.44000244140625,121.58999633789062
2015-05-18,1.144505262374878,117.5199966430664,110.05999755859375,213.10000610351562,119.55000305175781
2015-05-19,1.1326183080673218,115.88999938964844,109.94000244140625,213.02999877929688,118.48999786376953
2015-05-20,1.1146656274795532,116.08000183105469,110.01000213623047,212.8800048828125,118.69000244140625
2015-05-21,1.1100751161575317,115.69000244140625,110.58000183105469,213.5,120.3499984741211
2015-05-22,1.1111851930618286,115.5999984741211,110.47000122070312,212.99000549316406,120.4000015258789
2015-05-26,1.0971167087554932,113.91000366210938,109.19999694824219,210.6999969482422,122.45999908447266
2015-05-27,1.08888578414917,113.88999938964844,110.95999908447266,212.6999969482422,122.73999786376953
2015-05-28,1.0900014638900757,114.0199966430664,110.70999908447266,212.4600067138672,122.44000244140625
2015-05-29,1.0960345268249512,114.0999984741211,110.05000305175781,211.13999938964844,122.70999908447266
2015-06-01,1.0957943201065063,114.0,110.41999816894531,211.57000732421875,121.12999725341797
2015-06-02,1.0922993421554565,114.45999908447266,110.06999969482422,211.36000061035156,119.44000244140625
2015-06-03,1.1150012016296387,113.63999938964844,110.4000015258789,211.9199981689453,117.5199966430664
2015-06-04,1.1257838010787964,112.83999633789062,109.55999755859375,210.1300048828125,119.05000305175781
2015-06-05,1.120787262916565,112.23999786376953,109.30000305175781,209.77000427246094,117.5999984741211
2015-06-08,1.1108149290084839,112.56999969482422,108.19000244140625,208.47999572753906,117.47000122070312
2015-06-09,1.128095269203186,112.81999969482422,108.01000213623047,208.4499969482422,116.54000091552734
2015-06-10,1.1299052238464355,113.77999877929688,109.48999786376953,210.9499969482422,115.5199966430664
2015-06-11,1.131196141242981,113.26000213623047,109.6500015258789,211.6300048828125,117.94999694824219
2015-06-12,1.1240627765655518,113.2300033569336,108.75,210.00999450683594,117.94999694824219
2015-06-15,1.1219944953918457,113.7300033569336,108.20999908447266,209.11000061035156,118.13999938964844
2015-06-16,1.1277008056640625,113.31999969482422,108.80000305175781,210.25,119.06999969482422
2015-06-17,1.124201774597168,113.8499984741211,109.0999984741211,210.58999633789062,118.1500015258789
2015-06-18,1.1369967460632324,115.31999969482422,110.69000244140625,212.77999877929688,117.56999969482422
2015-06-19,1.1370742321014404,115.12000274658203,109.88999938964844,210.80999755859375,119.08000183105469
2015-06-22,1.1372941732406616,113.63999938964844,110.69999694824219,211.88999938964844,116.6500015258789
2015-06-23,1.13490629196167,112.88999938964844,110.79000091552734,212.0399932861328,115.94999694824219
2015-06-24,1.1172186136245728,112.58999633789062,110.22000122070312,210.5,116.94999694824219
2015-06-25,1.1206992864608765,112.44000244140625,110.0,209.86000061035156,116.54000091552734
2015-06-26,1.1202975511550903,112.55999755859375,109.2699966430664,209.82000732421875,115.2300033569336
2015-06-29,1.0975021123886108,113.06999969482422,106.69000244140625,205.4199981689453,118.27999877929688
2015-06-30,1.122296690940857,112.37000274658203,107.06999969482422,205.85000610351562,117.45999908447266
2015-07-01,1.1134989261627197,111.9800033569336,107.91999816894531,207.5,115.62000274658203
2015-07-02,1.103363037109375,111.76000213623047,107.94999694824219,207.30999755859375,116.0
2015-07-06,1.0995051860809326,112.05999755859375,107.69999694824219,206.72000122070312,118.1500015258789
2015-07-07,1.1048991680145264,110.76000213623047,107.97000122070312,208.02000427246094,119.26000213623047
2015-07-08,1.1009942293167114,111.08999633789062,106.08999633789062,204.52999877929688,120.29000091552734
2015-07-09,1.1071009635925293,111.36000061035156,106.02999877929688,204.89999389648438,117.91999816894531
2015-07-10,1.1063048839569092,111.48999786376953,107.6500015258789,207.47999572753906,116.05000305175781
2015-07-13,1.1129041910171509,110.98999786376953,109.54000091552734,209.77000427246094,115.69000244140625
2015-07-14,1.099045991897583,110.73999786376953,110.26000213623047,210.67999267578125,116.06999969482422
2015-07-15,1.1008002758026123,110.16000366210938,110.37999725341797,210.61000061035156,117.30000305175781
2015-07-16,1.0943553447723389,109.76000213623047,111.94000244140625,212.3000030517578,118.11000061035156
2015-07-17,1.0886012315750122,108.6500015258789,113.58999633789062,212.47999572753906,118.72000122070312
2015-07-20,1.0830246210098267,105.69999694824219,113.9800033569336,212.58999633789062,118.22000122070312
2015-07-21,1.0835410356521606,105.37000274658203,113.91000366210938,211.75,118.86000061035156
2015-07-22,1.0939961671829224,104.80000305175781,112.62000274658203,211.3699951171875,119.5999984741211
2015-07-23,1.0927051305770874,104.33000183105469,112.19999694824219,210.17999267578125,121.08999633789062
2015-07-24,1.0989010334014893,105.3499984741211,111.0999984741211,208.0,121.38999938964844
2015-07-27,1.0972371101379395,104.86000061035156,110.18000030517578,206.7899932861328,122.04000091552734
2015-07-28,1.109004020690918,105.0199966430664,111.12999725341797,209.3300018310547,121.1500015258789
2015-07-29,1.1065986156463623,105.16999816894531,111.55000305175781,210.77000427246094,120.69999694824219
2015-07-30,1.098406195640564,104.2699966430664,112.08000183105469,210.82000732421875,121.62999725341797
2015-07-31,1.0939244031906128,104.93000030517578,111.94999694824219,210.5,122.52999877929688
2015-08-03,1.0969001054763794,104.0999984741211,111.5999984741211,209.7899932861328,123.55000305175781
2015-08-04,1.09560227394104,104.30999755859375,111.38999938964844,209.3800048828125,122.56999969482422
2015-08-05,1.0888975858688354,103.93000030517578,112.25,210.07000732421875,121.6500015258789
2015-08-06,1.0903104543685913,104.38999938964844,110.44999694824219,208.35000610351562,122.7300033569336
2015-08-07,1.0927051305770874,104.6500015258789,110.30999755859375,207.9499969482422,124.33999633789062
2015-08-10,1.0965032577514648,105.72000122070312,111.56999969482422,210.57000732421875,122.80000305175781
2015-08-11,1.1016976833343506,106.26000213623047,110.13999938964844,208.6699981689453,124.75
2015-08-12,1.104203701019287,107.75,110.5199966430664,208.9199981689453,124.06999969482422
2015-08-13,1.1160963773727417,106.86000061035156,110.33999633789062,208.66000366210938,123.66999816894531
2015-08-14,1.1160963773727417,106.8499984741211,110.51000213623047,209.4199981689453,123.95999908447266
2015-08-17,1.1092993021011353,107.12999725341797,111.43000030517578,210.58999633789062,124.5199966430664
2015-08-18,1.107800006866455,107.11000061035156,110.86000061035156,209.97999572753906,123.54000091552734
2015-08-19,1.1030831336975098,108.55000305175781,110.12999725341797,208.32000732421875,124.76000213623047
2015-08-20,1.1118029356002808,110.44000244140625,107.08000183105469,203.97000122070312,126.0199966430664
2015-08-21,1.1236965656280518,111.12999725341797,102.4000015258789,197.8300018310547,126.4000015258789
2015-08-24,1.1376951932907104,110.52999877929688,98.45999908447266,189.5,126.36000061035156
2015-08-25,1.1583056449890137,109.16000366210938,98.08999633789062,187.27000427246094,124.33000183105469
2015-08-26,1.1550945043563843,107.66999816894531,103.02999877929688,194.4600067138672,121.93000030517578
2015-08-27,1.1340054273605347,107.7300033569336,105.63999938964844,199.27000427246094,122.0
2015-08-28,1.1247961521148682,108.69999694824219,105.62000274658203,199.27999877929688,122.36000061035156
2015-08-31,1.1214030981063843,108.81999969482422,104.30999755859375,197.6699981689453,121.41999816894531
2015-09-01,1.1225864887237549,109.19999694824219,101.05000305175781,191.77000427246094,122.02999877929688
2015-09-02,1.1293437480926514,108.62000274658203,103.9000015258789,195.41000366210938,120.9800033569336
2015-09-03,1.121604323387146,107.83999633789062,103.38999938964844,195.5500030517578,121.56999969482422
2015-09-04,1.1125946044921875,107.48999786376953,102.16000366210938,192.58999633789062,122.68000030517578
2015-09-08,1.1163954734802246,107.5199966430664,105.04000091552734,197.42999267578125,120.87000274658203
2015-09-09,1.1207369565963745,106.12999725341797,103.86000061035156,194.7899932861328,121.44999694824219
2015-09-10,1.1220699548721313,106.37999725341797,104.98999786376953,195.85000610351562,120.62999725341797
2015-09-11,1.1290887594223022,106.16000366210938,105.56999969482422,196.74000549316406,121.38999938964844
2015-09-14,1.1344043016433716,106.22000122070312,105.25,196.00999450683594,121.58000183105469
2015-09-15,1.1307612657546997,105.9000015258789,106.48999786376953,198.4600067138672,119.25
2015-09-16,1.1271796226501465,107.30999755859375,107.08999633789062,200.17999267578125,118.80000305175781
2015-09-17,1.12920343875885,108.41000366210938,107.12999725341797,199.72999572753906,120.25
2015-09-18,1.1400948762893677,109.20999908447266,105.3499984741211,195.4499969482422,122.0999984741211
2015-09-21,1.12920343875885,108.52999877929688,105.68000030517578,196.4600067138672,120.11000061035156
2015-09-22,1.1190940141677856,107.79000091552734,104.0999984741211,193.91000366210938,121.77999877929688
2015-09-23,1.1120749711990356,108.22000122070312,104.18000030517578,193.60000610351562,121.7699966430664
2015-09-24,1.1189937591552734,110.48999786376953,103.80000305175781,192.89999389648438,122.5999984741211
2015-09-25,1.1178929805755615,109.80999755859375,102.91999816894531,192.85000610351562,121.54000091552734
2015-09-28,1.1201720237731934,108.41999816894531,99.98999786376953,188.00999450683594,123.62000274658203
2015-09-29,1.123103380203247,107.9800033569336,99.47000122070312,188.1199951171875,123.97000122070312
2015-09-30,1.1255937814712524,106.86000061035156,101.76000213623047,191.6300048828125,123.54000091552734
2015-10-01,1.11720609664917,106.7300033569336,102.22000122070312,192.1300048828125,123.80999755859375
2015-10-02,1.1193444728851318,108.98999786376953,104.01000213623047,195.0,124.55999755859375
2015-10-05,1.1226998567581177,108.7699966430664,105.5,198.47000122070312,122.87000274658203
2015-10-06,1.1195199489593506,109.86000061035156,105.0,197.7899932861328,123.4000015258789
2015-10-07,1.1267986297607422,109.69999694824219,105.62999725341797,199.41000366210938,122.98999786376953
2015-10-08,1.1239995956420898,109.13999938964844,106.05000305175781,201.2100067138672,121.95999908447266
2015-10-09,1.1286935806274414,110.87000274658203,106.52999877929688,201.3300018310547,122.27999877929688
2015-10-12,1.1369967460632324,111.30999755859375,106.79000091552734,201.52000427246094,123.20999908447266
2015-10-13,1.135550618171692,111.86000061035156,106.0999984741211,200.25,123.41999816894531
2015-10-14,1.138498306274414,113.80999755859375,105.93000030517578,199.2899932861328,124.5
2015-10-15,1.147552251815796,113.29000091552734,107.66999816894531,202.35000610351562,123.88999938964844
2015-10-16,1.1368157863616943,112.48999786376953,108.12000274658203,203.27000427246094,123.93000030517578
2015-10-19,1.1361054182052612,112.0199966430664,108.73999786376953,203.3699951171875,123.58999633789062
2015-10-20,1.132900595664978,112.7300033569336,108.18000030517578,203.11000061035156,122.83000183105469
2015-10-21,1.1353960037231445,111.7300033569336,107.5199966430664,201.85000610351562,124.05000305175781
2015-10-22,1.134803295135498,111.69000244140625,109.70999908447266,205.25999450683594,124.26000213623047
2015-10-23,1.108094573020935,111.5,112.77999877929688,207.50999450683594,123.19999694824219
2015-10-26,1.1020376682281494,111.43000030517578,112.8499984741211,207.0,124.0199966430664
2015-10-27,1.1065986156463623,111.68000030517578,113.08000183105469,206.60000610351562,124.33000183105469
2015-10-28,1.1037039756774902,110.77999877929688,114.0199966430664,208.9499969482422,123.83000183105469
2015-10-29,1.0928961038589478,109.72000122070312,113.83999633789062,208.8300018310547,121.86000061035156
2015-10-30,1.0993843078613281,109.30000305175781,113.33000183105469,207.92999267578125,122.77999877929688
2015-11-02,1.102596640586853,108.58999633789062,114.61000061035156,210.38999938964844,121.94999694824219
2015-11-03,1.1016006469726562,106.9800033569336,115.01000213623047,211.0,120.94999694824219
2015-11-04,1.0963950157165527,105.97000122070312,115.0199966430664,210.36000061035156,121.08999633789062
2015-11-05,1.0868029594421387,105.63999938964844,114.70999908447266,210.14999389648438,120.7699966430664
2015-11-06,1.0883997678756714,104.0999984741211,114.79000091552734,210.0399932861328,119.0
2015-11-09,1.0733413696289062,104.4000015258789,113.56999969482422,208.0800018310547,118.33000183105469
2015-11-10,1.0759514570236206,104.18000030517578,113.27999877929688,208.55999755859375,118.68000030517578
2015-11-11,1.0737563371658325,103.83000183105469,113.13999938964844,207.74000549316406,118.43000030517578
2015-11-12,1.0762988328933716,103.8499984741211,112.04000091552734,204.83999633789062,119.0
2015-11-13,1.0815019607543945,103.55999755859375,109.83999633789062,202.5399932861328,119.68000030517578
2015-11-16,1.06999933719635,103.70999908447266,111.41999816894531,205.6199951171875,119.56999969482422
2015-11-17,1.068798542022705,102.33999633789062,111.48999786376953,205.47000122070312,119.7699966430664
2015-11-18,1.0643846988677979,102.43000030517578,113.62999725341797,208.72999572753906,120.0199966430664
2015-11-19,1.066996693611145,103.55999755859375,113.70999908447266,208.5500030517578,120.81999969482422
2015-11-20,1.0726161003112793,103.08999633789062,114.4800033569336,209.30999755859375,120.44999694824219
2015-11-23,1.0641014575958252,102.26000213623047,114.1500015258789,209.07000732421875,120.81999969482422
2015-11-24,1.0642033815383911,102.94000244140625,114.05000305175781,209.35000610351562,120.80999755859375
2015-11-25,1.0643846988677979,102.45999908447266,114.1500015258789,209.32000732421875,121.08999633789062
2015-11-27,1.0604453086853027,101.25,114.30999755859375,209.55999755859375,120.97000122070312
2015-11-30,1.0583018064498901,101.91999816894531,114.0199966430664,208.69000244140625,121.44999694824219
2015-12-01,1.0572947263717651,102.27999877929688,115.16000366210938,210.67999267578125,122.83000183105469
2015-12-02,1.0625863075256348,100.69000244140625,114.44999694824219,208.52999877929688,122.87000274658203
2015-12-03,1.0613007545471191,101.76000213623047,112.51000213623047,205.61000061035156,119.52999877929688
2015-12-04,1.0915957689285278,104.0199966430664,115.13999938964844,209.6199951171875,120.58000183105469
2015-12-07,1.0883997678756714,102.66999816894531,114.62000274658203,208.35000610351562,121.75
2015-12-08,1.0834001302719116,102.83999633789062,114.62999725341797,206.9499969482422,121.80999755859375
2015-12-09,1.0893957614898682,102.63999938964844,112.88999938964844,205.33999633789062,121.68000030517578
2015-12-10,1.1017948389053345,102.55000305175781,113.4000015258789,205.8699951171875,121.83999633789062
2015-12-11,1.0948106050491333,103.11000061035156,110.79000091552734,201.8800048828125,123.76000213623047
2015-12-14,1.0983941555023193,101.79000091552734,111.62999725341797,202.89999389648438,122.16000366210938
2015-12-15,1.0992997884750366,101.5199966430664,112.30999755859375,205.02999877929688,121.44000244140625
2015-12-16,1.0936251878738403,102.75,113.9800033569336,208.02999877929688,121.18000030517578
2015-12-17,1.087453007698059,100.5,112.31999969482422,204.86000061035156,122.55000305175781
2015-12-18,1.0844104290008545,102.04000091552734,109.83000183105469,200.02000427246094,123.2300033569336
2015-12-21,1.0869920253753662,103.1500015258789,111.05000305175781,201.6699981689453,123.19999694824219
2015-12-22,1.09129798412323,102.61000061035156,111.77999877929688,203.5,122.30999755859375
2015-12-23,1.0950024127960205,102.30999755859375,112.61000061035156,206.02000427246094,121.38999938964844
2015-12-24,1.0909169912338257,103.05000305175781,112.58999633789062,205.67999267578125,121.83000183105469
2015-12-28,1.0965994596481323,102.2699966430664,112.52999877929688,205.2100067138672,122.19000244140625
2015-12-29,1.0975261926651,102.19999694824219,114.30000305175781,207.39999389648438,120.16000366210938
2015-12-30,1.0928006172180176,101.41999816894531,113.2699966430664,205.92999267578125,120.04000091552734
2015-12-31,1.093398094177246,101.45999908447266,111.86000061035156,203.8699951171875,120.58000183105469
2016-01-04,1.0853991508483887,102.88999938964844,109.5,201.02000427246094,121.44999694824219
2016-01-05,1.0827549695968628,103.18000030517578,109.30999755859375,201.36000061035156,120.95999908447266
2016-01-06,1.0751993656158447,104.66999816894531,108.26000213623047,198.82000732421875,122.58999633789062
2016-01-07,1.0778998136520386,106.1500015258789,104.87000274658203,194.0500030517578,122.80999755859375
2016-01-08,1.0925976037979126,105.68000030517578,104.01000213623047,191.9199981689453,123.36000061035156
2016-01-11,1.0941038131713867,104.73999786376953,104.33000183105469,192.11000061035156,122.01000213623047
2016-01-12,1.0857999324798584,104.20999908447266,105.54000091552734,193.66000366210938,123.7699966430664
2016-01-13,1.0843987464904785,104.72000122070312,101.9000015258789,188.8300018310547,124.98999786376953
2016-01-14,1.0886012315750122,103.0199966430664,104.06999969482422,191.92999267578125,123.81999969482422
2016-01-15,1.085894227027893,104.08000183105469,100.83999633789062,187.80999755859375,125.75
2016-01-19,1.0895025730133057,103.9800033569336,101.05999755859375,188.05999755859375,125.36000061035156
2016-01-20,1.09129798412323,105.37000274658203,100.75,185.64999389648438,126.68000030517578
2016-01-21,1.0877013206481934,105.48999786376953,100.8499984741211,186.69000244140625,125.81999969482422
2016-01-22,1.0862009525299072,105.0,103.7699966430664,190.52000427246094,125.33999633789062
2016-01-25,1.079901933670044,106.08000183105469,102.2300033569336,187.63999938964844,126.0199966430664
2016-01-26,1.0853049755096436,107.29000091552734,103.1500015258789,190.1999969482422,126.08000183105469
2016-01-27,1.0864958763122559,107.69000244140625,100.58000183105469,188.1300048828125,126.05000305175781
2016-01-28,1.090798020362854,106.54000091552734,102.0,189.11000061035156,126.2300033569336
2016-01-29,1.0936970710754395,106.94999694824219,104.12999725341797,193.72000122070312,127.30000305175781
2016-02-01,1.0825908184051514,108.05000305175781,104.41000366210938,193.64999389648438,126.66999816894531
2016-02-02,1.0897282361984253,108.08999633789062,102.1500015258789,190.16000366210938,129.02000427246094
2016-02-03,1.0922038555145264,109.25,101.66000366210938,191.3000030517578,127.94999694824219
2016-02-04,1.1091023683547974,110.56999969482422,101.6500015258789,191.60000610351562,128.57000732421875
2016-02-05,1.119996428489685,112.31999969482422,98.12000274658203,187.9499969482422,128.72000122070312
2016-02-08,1.114504098892212,113.83000183105469,96.62000274658203,185.4199981689453,131.49000549316406
2016-02-09,1.1189812421798706,113.58000183105469,96.31999969482422,185.42999267578125,131.6300048828125
2016-02-10,1.1289994716644287,114.45999908447266,96.69000244140625,185.27000427246094,132.7899932861328
2016-02-11,1.128095269203186,119.05999755859375,96.55000305175781,182.86000061035156,133.72000122070312
2016-02-12,1.1317979097366333,118.36000061035156,98.0199966430664,186.6300048828125,131.5
2016-02-16,1.1174057722091675,114.7699966430664,100.2300033569336,189.77999877929688,130.11000061035156
2016-02-17,1.1147029399871826,115.4800033569336,102.5,192.8800048828125,129.30999755859375
2016-02-18,1.112297534942627,118.29000091552734,101.33000183105469,192.08999633789062,130.89999389648438
2016-02-19,1.1110987663269043,117.58000183105469,101.62999725341797,192.0,131.00999450683594
2016-02-22,1.1123965978622437,115.48999786376953,103.27999877929688,194.77999877929688,130.94000244140625
2016-02-23,1.102803349494934,117.22000122070312,101.58000183105469,192.32000732421875,131.47000122070312
2016-02-24,1.1027060747146606,117.61000061035156,102.55000305175781,193.1999969482422,131.2100067138672
2016-02-25,1.1013944149017334,117.91999816894531,103.55999755859375,195.5399932861328,131.67999267578125
2016-02-26,1.1024993658065796,117.11000061035156,103.43000030517578,195.08999633789062,130.41000366210938
2016-02-29,1.0923947095870972,118.63999938964844,102.5,193.55999755859375,130.97999572753906
2016-03-01,1.0888975858688354,117.7699966430664,105.79000091552734,198.11000061035156,128.42999267578125
2016-03-02,1.0875948667526245,118.68000030517578,105.83000183105469,199.0,128.9600067138672
2016-03-03,1.086897373199463,120.7300033569336,105.62999725341797,199.77999877929688,129.42999267578125
2016-03-04,1.094894528388977,120.54000091552734,105.66999816894531,200.42999267578125,128.60000610351562
2016-03-07,1.0993964672088623,121.13999938964844,105.0199966430664,200.58999633789062,128.55999755859375
2016-03-08,1.1016006469726562,120.58000183105469,104.1500015258789,198.39999389648438,129.97999572753906
2016-03-09,1.1004005670547485,119.58000183105469,104.81999969482422,199.3800048828125,129.19000244140625
2016-03-10,1.0989010334014893,121.5,104.66000366210938,199.5399932861328,128.66000366210938
2016-03-11,1.1178430318832397,119.41000366210938,106.48999786376953,202.75999450683594,127.36000061035156
2016-03-14,1.1167943477630615,117.87000274658203,106.66999816894531,202.5,127.76000213623047
2016-03-15,1.1101982593536377,117.95999908447266,106.62999725341797,202.1699981689453,127.87999725341797
2016-03-16,1.1109012365341187,120.58999633789062,107.58000183105469,203.33999633789062,128.25999450683594
2016-03-17,1.1218937635421753,120.12999725341797,107.5199966430664,204.6300048828125,128.7899932861328
2016-03-18,1.1317979097366333,119.80000305175781,107.37000274658203,204.3800048828125,129.05999755859375
2016-03-21,1.1279042959213257,118.95999908447266,107.79000091552734,204.6699981689453,128.07000732421875
2016-03-22,1.1235954761505127,119.30999755859375,108.12000274658203,204.55999755859375,128.0399932861328
2016-03-23,1.122296690940857,116.61000061035156,107.2300033569336,203.2100067138672,129.49000549316406
2016-03-24,1.118105411529541,116.33000183105469,107.26000213623047,203.1199951171875,129.5399932861328
2016-03-28,1.1159967184066772,116.5999984741211,107.11000061035156,203.24000549316406,129.7100067138672
2016-03-29,1.1202723979949951,118.76000213623047,108.83000183105469,205.1199951171875,131.07000732421875
2016-03-30,1.12920343875885,117.0999984741211,109.36000061035156,206.02000427246094,129.69000244140625
2016-03-31,1.1334655284881592,117.63999938964844,109.19999694824219,205.52000427246094,130.61000061035156
2016-04-01,1.1379671096801758,116.93000030517578,110.36000061035156,206.9199981689453,130.67999267578125
2016-04-04,1.1390039920806885,116.1500015258789,109.94000244140625,206.25,130.75999450683594
2016-04-05,1.1389002799987793,117.66000366210938,108.87999725341797,204.19000244140625,132.19000244140625
2016-04-06,1.138200283050537,116.94000244140625,110.66999816894531,206.4199981689453,131.22999572753906
2016-04-07,1.1404979228973389,118.61000061035156,109.08000183105469,203.9499969482422,132.85000610351562
2016-04-08,1.1373976469039917,118.43000030517578,109.0,204.5,132.00999450683594
2016-04-11,1.1403028964996338,120.02999877929688,108.5999984741211,204.02000427246094,131.83999633789062
2016-04-12,1.141291856765747,120.05000305175781,109.51000213623047,205.9199981689453,130.92999267578125
2016-04-13,1.138498306274414,118.7699966430664,110.91000366210938,208.0,131.38999938964844
2016-04-14,1.1279042959213257,117.11000061035156,110.91999816894531,208.00999450683594,130.75999450683594
2016-04-15,1.1270017623901367,117.91999816894531,110.63999938964844,207.77999877929688,131.8800048828125
2016-04-18,1.1299946308135986,117.73999786376953,111.2300033569336,209.24000549316406,131.30999755859375
2016-04-19,1.1309019327163696,119.58000183105469,110.55000305175781,209.89999389648438,130.89999389648438
2016-04-20,1.1359634399414062,118.97000122070312,110.63999938964844,210.10000610351562,129.4600067138672
2016-04-21,1.1305055618286133,119.41999816894531,110.6500015258789,208.97000122070312,128.69000244140625
2016-04-22,1.12920343875885,117.88999938964844,108.9800033569336,208.97000122070312,128.36000061035156
2016-04-25,1.123406171798706,118.2300033569336,108.9800033569336,208.61000061035156,127.83000183105469
2016-04-26,1.1269001960754395,118.69999694824219,108.44999694824219,208.9199981689453,127.25
2016-04-27,1.1299052238464355,119.04000091552734,107.58000183105469,209.35000610351562,128.52000427246094
2016-04-28,1.132900595664978,121.29000091552734,106.27999877929688,207.4499969482422,129.0500030517578
2016-04-29,1.135589361190796,123.6500015258789,105.72000122070312,206.3300018310547,129.3800048828125
2016-05-02,1.146302580833435,123.23999786376953,106.72000122070312,207.97000122070312,127.81999969482422
2016-05-03,1.1524986028671265,122.95999908447266,105.7300033569336,206.16000366210938,129.42999267578125
2016-05-04,1.1504037380218506,122.20999908447266,105.05000305175781,205.00999450683594,130.13999938964844
2016-05-05,1.1493064165115356,122.06999969482422,105.0199966430664,204.97000122070312,131.00999450683594
2016-05-06,1.1406019926071167,123.18000030517578,105.58000183105469,205.72000122070312,130.4499969482422
2016-05-09,1.1387965679168701,120.6500015258789,105.87999725341797,205.88999938964844,130.86000061035156
2016-05-10,1.1387965679168701,120.9800033569336,107.33000183105469,208.4499969482422,130.8699951171875
2016-05-11,1.1374363899230957,122.12000274658203,106.36000061035156,206.5,131.61000061035156
2016-05-12,1.142700433731079,121.16000366210938,105.88999938964844,206.55999755859375,131.00999450683594
2016-05-13,1.1376951932907104,121.70999908447266,105.5,204.75999450683594,132.27999877929688
2016-05-16,1.1316953897476196,121.80000305175781,106.81999969482422,206.77999877929688,131.13999938964844
2016-05-17,1.1316057443618774,122.22000122070312,105.4800033569336,204.85000610351562,131.36000061035156
2016-05-18,1.1316057443618774,120.0999984741211,105.86000061035156,204.91000366210938,129.49000549316406
2016-05-19,1.122296690940857,119.87000274658203,105.30999755859375,204.1999969482422,130.0500030517578
2016-05-20,1.1205987930297852,119.70999908447266,106.47000122070312,205.49000549316406,130.14999389648438
2016-05-23,1.1221708059310913,119.37000274658203,106.33000183105469,205.2100067138672,130.44000244140625
2016-05-24,1.121604323387146,117.30000305175781,108.45999908447266,207.8699951171875,129.86000061035156
2016-05-25,1.113796591758728,116.9800033569336,109.23999786376953,209.27999877929688,129.3699951171875
2016-05-26,1.1158970594406128,116.58000183105469,109.55999755859375,209.33999633789062,130.0399932861328
2016-05-27,1.1192066669464111,115.62000274658203,110.12999725341797,210.24000549316406,129.85000610351562
2016-05-31,1.1148396730422974,116.05999755859375,110.33999633789062,209.83999633789062,130.16000366210938
2016-06-01,1.113598108291626,115.94000244140625,110.3499984741211,210.27000427246094,130.4199981689453
2016-06-02,1.1189061403274536,115.66999816894531,110.58000183105469,210.91000366210938,131.36000061035156
2016-06-03,1.115200161933899,118.87999725341797,110.05999755859375,210.27999877929688,133.22999572753906
2016-06-06,1.1350995302200317,118.91999816894531,110.45999908447266,211.35000610351562,132.24000549316406
2016-06-07,1.1364023685455322,118.81999969482422,110.18000030517578,211.67999267578125,132.55999755859375
2016-06-08,1.1357828378677368,120.58000183105469,110.37000274658203,212.3699951171875,133.27000427246094
2016-06-09,1.140706181526184,121.25,110.19000244140625,212.0800018310547,134.1300048828125
2016-06-10,1.1315033435821533,121.73999786376953,108.94000244140625,210.07000732421875,134.77999877929688
2016-06-13,1.1239995956420898,122.63999938964844,108.02999877929688,208.4499969482422,135.3800048828125
2016-06-14,1.1291015148162842,122.7699966430664,108.02999877929688,208.0399932861328,135.27999877929688
2016-06-15,1.1213024854660034,123.68000030517578,107.72000122070312,207.75,135.8000030517578
2016-06-16,1.1262656450271606,122.37999725341797,108.04000091552734,208.3699951171875,136.4600067138672
2016-06-17,1.1252011060714722,123.94999694824219,106.48999786376953,206.52000427246094,135.61000061035156
2016-06-20,1.13490629196167,123.20999908447266,107.16000366210938,207.85000610351562,134.16000366210938
2016-06-21,1.1322976350784302,120.83999633789062,107.5,208.44000244140625,133.5399932861328
2016-06-22,1.1250618696212769,120.9000015258789,107.23999786376953,208.10000610351562,133.75999450683594
2016-06-23,1.1328235864639282,120.11000061035156,108.7699966430664,210.80999755859375,132.22999572753906
2016-06-24,1.1324002742767334,126.0,104.29000091552734,203.24000549316406,135.77999877929688
2016-06-27,1.103594422340393,126.68000030517578,102.22000122070312,199.60000610351562,139.1699981689453
2016-06-28,1.1015034914016724,125.31999969482422,104.45999908447266,203.1999969482422,139.4600067138672
2016-06-29,1.1073951721191406,125.83999633789062,106.30999755859375,206.66000366210938,138.38999938964844
2016-06-30,1.1128050088882446,126.47000122070312,107.54000091552734,209.47999572753906,138.89999389648438
2016-07-01,1.1106051206588745,128.41000366210938,108.08000183105469,209.9199981689453,140.57000732421875
2016-07-05,1.1146035194396973,129.47000122070312,107.41999816894531,208.41000366210938,142.3300018310547
2016-07-06,1.1065007448196411,130.22999572753906,108.30000305175781,209.66000366210938,142.55999755859375
2016-07-07,1.1099025011062622,129.74000549316406,108.62000274658203,209.52999877929688,142.5500030517578
2016-07-08,1.1065741777420044,130.52000427246094,110.30000305175781,212.64999389648438,143.60000610351562
2016-07-11,1.1043988466262817,129.2899932861328,110.93000030517578,213.39999389648438,142.33999633789062
2016-07-12,1.1058032512664795,127.1500015258789,111.48999786376953,214.9499969482422,140.0
2016-07-13,1.1062926054000854,128.32000732421875,111.22000122070312,214.9199981689453,141.64999389648438
2016-07-14,1.1094961166381836,127.33000183105469,111.9800033569336,216.1199951171875,139.58999633789062
2016-07-15,1.1106051206588745,126.83999633789062,111.80000305175781,215.8300018310547,138.38999938964844
2016-07-18,1.1053143739700317,127.04000091552734,112.54000091552734,216.41000366210938,138.25999450683594
2016-07-19,1.1071866750717163,127.20999908447266,112.12999725341797,216.19000244140625,139.0399932861328
2016-07-20,1.1013579368591309,125.38999938964844,113.44000244140625,217.08999633789062,138.27999877929688
2016-07-21,1.1019526720046997,127.30000305175781,113.18000030517578,216.27000427246094,138.55999755859375
2016-07-22,1.1032899618148804,126.3499984741211,113.6500015258789,217.24000549316406,138.8000030517578
2016-07-25,1.097044587135315,125.47000122070312,113.66000366210938,216.64999389648438,138.6999969482422
2016-07-26,1.0991184711456299,126.0,113.79000091552734,216.75,138.9199981689453
2016-07-27,1.0987803936004639,128.02999877929688,114.58000183105469,216.52000427246094,140.64999389648438
2016-07-28,1.1073460578918457,127.66000366210938,114.9800033569336,216.77000427246094,140.38999938964844
2016-07-29,1.108438491821289,128.97999572753906,115.2300033569336,217.1199951171875,141.55999755859375
2016-08-01,1.1168068647384644,129.22000122070312,115.83999633789062,216.94000244140625,139.77000427246094
2016-08-02,1.1168068647384644,130.27000427246094,114.95999908447266,215.5500030517578,138.3300018310547
2016-08-03,1.1219062805175781,129.64999389648438,115.33999633789062,216.17999267578125,138.41000366210938
2016-08-04,1.1151504516601562,129.8699951171875,115.66999816894531,216.41000366210938,139.4499969482422
2016-08-05,1.1134741306304932,127.55000305175781,116.77999877929688,218.17999267578125,138.0
2016-08-08,1.1089547872543335,127.44000244140625,116.6500015258789,218.0500030517578,138.25999450683594
2016-08-09,1.1083648204803467,127.95999908447266,116.91999816894531,218.17999267578125,139.6199951171875
2016-08-10,1.111580491065979,128.55999755859375,116.62000274658203,217.63999938964844,140.16000366210938
2016-08-11,1.1186434030532837,127.66999816894531,117.12000274658203,218.64999389648438,138.91000366210938
2016-08-12,1.113908290863037,127.4000015258789,117.19999694824219,218.4600067138672,140.0800018310547
2016-08-15,1.1166945695877075,127.83999633789062,117.69999694824219,219.08999633789062,138.75999450683594
2016-08-16,1.1184055805206299,128.47000122070312,117.05000305175781,217.9600067138672,138.38999938964844
2016-08-17,1.1275991201400757,128.5,117.26000213623047,218.3699951171875,139.22000122070312
2016-08-18,1.1298924684524536,129.11000061035156,117.29000091552734,218.86000061035156,139.44000244140625
2016-08-19,1.1349449157714844,127.97000122070312,117.26000213623047,218.5399932861328,138.7100067138672
2016-08-22,1.1298158168792725,127.77999877929688,117.3499984741211,218.52999877929688,139.8800048828125
2016-08-23,1.1319260597229004,127.76000213623047,117.55999755859375,218.97000122070312,140.02999877929688
2016-08-24,1.1300839185714722,126.33999633789062,116.80000305175781,217.85000610351562,139.6999969482422
2016-08-25,1.1263798475265503,126.2300033569336,116.61000061035156,217.6999969482422,139.1699981689453
2016-08-26,1.1290504932403564,126.05000305175781,116.77999877929688,217.2899932861328,138.36000061035156
2016-08-29,1.1199462413787842,126.30000305175781,116.94000244140625,218.36000061035156,140.2100067138672
2016-08-30,1.1192818880081177,125.02999877929688,116.55999755859375,218.0,139.6699981689453
2016-08-31,1.1153244972229004,124.77999877929688,116.44000244140625,217.3800048828125,139.8699951171875
2016-09-01,1.116071343421936,125.29000091552734,116.73999786376953,217.38999938964844,139.77000427246094
2016-09-02,1.1200717687606812,126.56999969482422,117.12000274658203,218.3699951171875,138.6300048828125
2016-09-06,1.1153244972229004,128.7100067138672,117.8499984741211,219.02999877929688,139.63999938964844
2016-09-07,1.1253657341003418,128.27000427246094,117.91999816894531,219.00999450683594,139.5399932861328
2016-09-08,1.1241008043289185,127.58999633789062,117.2300033569336,218.50999450683594,137.7899932861328
2016-09-09,1.1271415948867798,126.75,114.27999877929688,213.27999877929688,135.52000427246094
2016-09-12,1.1241133213043213,126.58999633789062,116.33000183105469,216.33999633789062,135.58999633789062
2016-09-13,1.1243535280227661,125.75,115.29000091552734,213.22999572753906,134.0500030517578
2016-09-14,1.12186861038208,126.18000030517578,115.83999633789062,213.14999389648438,134.25
2016-09-15,1.1247328519821167,125.37000274658203,117.63999938964844,215.27999877929688,133.6699981689453
2016-09-16,1.124593734741211,125.05999755859375,117.29000091552734,213.3699951171875,134.75
2016-09-19,1.1158473491668701,125.31999969482422,116.77999877929688,213.41000366210938,134.30999755859375
2016-09-20,1.118067979812622,125.44000244140625,117.0,213.4199981689453,134.77999877929688
2016-09-21,1.1153992414474487,127.2699966430664,118.1500015258789,215.82000732421875,135.8699951171875
2016-09-22,1.1193194389343262,127.56999969482422,119.08999633789062,217.17999267578125,136.9499969482422
2016-09-23,1.1210134029388428,127.6500015258789,118.33000183105469,215.99000549316406,136.82000732421875
2016-09-26,1.123923897743225,127.55000305175781,117.33999633789062,214.24000549316406,137.69000244140625
2016-09-27,1.124985933303833,126.62000274658203,118.5,215.57000732421875,138.6999969482422
2016-09-28,1.121956706047058,126.22000122070312,118.69999694824219,216.63999938964844,138.39999389648438
2016-09-29,1.1224982738494873,126.06999969482422,117.83999633789062,214.67999267578125,138.75
2016-09-30,1.121956706047058,125.63999938964844,118.72000122070312,216.3000030517578,137.50999450683594
2016-10-03,1.1234692335128784,125.31999969482422,118.55000305175781,215.77999877929688,136.80999755859375
2016-10-04,1.121038556098938,120.97000122070312,118.37000274658203,214.67999267578125,135.2100067138672
2016-10-05,1.121076226234436,120.77999877929688,118.79000091552734,215.6300048828125,134.5800018310547
2016-10-06,1.120824933052063,119.66000366210938,118.7300033569336,215.77999877929688,133.8300018310547
2016-10-07,1.1144545078277588,119.73999786376953,118.47000122070312,215.0399932861328,133.9199981689453
2016-10-10,1.1196954250335693,120.16000366210938,119.22000122070312,216.16000366210938,133.1300048828125
2016-10-11,1.1140819787979126,119.55000305175781,117.5199966430664,213.42999267578125,132.8300018310547
2016-10-12,1.1061947345733643,119.73999786376953,117.41999816894531,213.7100067138672,132.9600067138672
2016-10-13,1.1011881828308105,120.02999877929688,117.0,213.00999450683594,133.4600067138672
2016-10-14,1.1049723625183105,119.36000061035156,117.13999938964844,213.1199951171875,131.58999633789062
2016-10-17,1.0967799425125122,119.68000030517578,116.81999969482422,212.3800048828125,132.42999267578125
2016-10-18,1.1015641689300537,120.41999816894531,117.86000061035156,213.7100067138672,132.86000061035156
2016-10-19,1.0976948738098145,121.11000061035156,117.8499984741211,214.27999877929688,132.97000122070312
2016-10-20,1.0975141525268555,120.73999786376953,117.70999908447266,213.8800048828125,133.11000061035156
2016-10-21,1.0930395126342773,120.83000183105469,118.1500015258789,213.97999572753906,133.30999755859375
2016-10-24,1.0882576704025269,120.55999755859375,119.56999969482422,214.88999938964844,132.72999572753906
2016-10-25,1.0875475406646729,121.47000122070312,119.19000244140625,214.1699981689453,133.0800018310547
2016-10-26,1.0887316465377808,120.79000091552734,118.37999725341797,213.74000549316406,132.17999267578125
2016-10-27,1.091202735900879,121.01000213623047,117.83999633789062,213.1699981689453,130.74000549316406
2016-10-28,1.0900371074676514,121.58000183105469,117.0999984741211,212.5399932861328,130.4499969482422
2016-10-31,1.0984665155410767,121.94000244140625,116.98999786376953,212.5500030517578,131.25
2016-11-01,1.0973334312438965,122.7300033569336,116.11000061035156,211.00999450683594,131.00999450683594
2016-11-02,1.1057054996490479,123.63999938964844,115.18000030517578,209.74000549316406,131.5800018310547
2016-11-03,1.1097548007965088,124.30000305175781,114.05000305175781,208.77999877929688,130.57000732421875
2016-11-04,1.1102476119995117,124.38999938964844,113.6500015258789,208.5500030517578,131.74000549316406
2016-11-07,1.1101243495941162,122.1500015258789,116.3499984741211,213.14999389648438,130.6199951171875
2016-11-08,1.1052166223526,121.63999938964844,117.11000061035156,214.11000061035156,130.08999633789062
2016-11-09,1.1019041538238525,121.55999755859375,117.6500015258789,216.3800048828125,124.56999969482422
2016-11-10,1.0920606851577759,119.75,115.75,216.9199981689453,122.7300033569336
2016-11-11,1.0889687538146973,117.0999984741211,115.80000305175781,216.4199981689453,122.04000091552734
2016-11-14,1.0824854373931885,116.11000061035156,114.62999725341797,216.58999633789062,121.30999755859375
2016-11-15,1.0750375986099243,117.12000274658203,116.22000122070312,218.27999877929688,121.91000366210938
2016-11-16,1.0727311372756958,116.7699966430664,116.91000366210938,217.8699951171875,123.01000213623047
2016-11-17,1.0706638097763062,116.16999816894531,117.76000213623047,218.99000549316406,121.19999694824219
2016-11-18,1.062304139137268,115.1500015258789,117.31999969482422,218.5,120.8499984741211
2016-11-21,1.0584250688552856,115.58000183105469,118.54000091552734,220.14999389648438,121.1500015258789
2016-11-22,1.0638864040374756,115.54000091552734,118.9000015258789,220.5800018310547,121.11000061035156
2016-11-23,1.0633772611618042,113.25,118.41999816894531,220.6999969482422,120.63999938964844
2016-11-25,1.0561892986297607,112.61000061035156,118.80000305175781,221.52000427246094,120.81999969482422
2016-11-28,1.0612331628799438,113.80000305175781,118.52999877929688,220.47999572753906,121.70999908447266
2016-11-29,1.062134861946106,113.2699966430664,118.94000244140625,220.91000366210938,122.22000122070312
2016-11-30,1.0648492574691772,111.75,117.5,220.3800048828125,120.23999786376953
2016-12-01,1.0592098236083984,111.54000091552734,115.47000122070312,219.57000732421875,118.7300033569336
2016-12-02,1.0663141012191772,112.13999938964844,115.69999694824219,219.67999267578125,119.5999984741211
2016-12-05,1.0582010746002197,111.54000091552734,116.5999984741211,221.0,119.47000122070312
2016-12-06,1.0757315158843994,111.43000030517578,116.87999725341797,221.6999969482422,119.37999725341797
2016-12-07,1.0720411539077759,111.83000183105469,118.36000061035156,224.60000610351562,120.4000015258789
2016-12-08,1.0761945247650146,111.56999969482422,118.56999969482422,225.14999389648438,118.9800033569336
2016-12-09,1.062134861946106,110.4000015258789,119.5,226.50999450683594,117.5
2016-12-12,1.0547411441802979,110.81999969482422,118.95999908447266,226.25,117.72000122070312
2016-12-13,1.0641694068908691,110.44999694824219,120.45999908447266,227.75999450683594,118.13999938964844
2016-12-14,1.062925100326538,108.83000183105469,120.20999908447266,225.8800048828125,116.81999969482422
2016-12-15,1.051414132118225,107.33999633789062,120.4000015258789,226.80999755859375,117.41000366210938
2016-12-16,1.0418837070465088,108.05000305175781,119.5999984741211,225.0399932861328,117.13999938964844
2016-12-19,1.0449975728988647,108.58999633789062,120.08999633789062,225.52999877929688,118.4000015258789
2016-12-20,1.0405826568603516,107.79000091552734,120.55000305175781,226.39999389648438,117.80999755859375
2016-12-21,1.039047360420227,107.8499984741211,120.45999908447266,225.77000427246094,118.33000183105469
2016-12-22,1.0428615808486938,107.58999633789062,120.12000274658203,225.3800048828125,117.80999755859375
2016-12-23,1.0437650680541992,107.93000030517578,120.19999694824219,225.7100067138672,118.05000305175781
2016-12-27,1.0456969738006592,108.55999755859375,120.81999969482422,226.27000427246094,117.66999816894531
2016-12-28,1.046233057975769,108.86000061035156,119.87999725341797,224.39999389648438,118.52999877929688
2016-12-29,1.0416991710662842,110.29000091552734,119.70999908447266,224.35000610351562,118.94999694824219
2016-12-30,1.0575296878814697,109.61000061035156,118.4800033569336,223.52999877929688,119.12999725341797
2017-01-03,1.0460032224655151,110.47000122070312,119.54000091552734,225.24000549316406,119.63999938964844
2017-01-04,1.0419923067092896,110.86000061035156,120.19000244140625,226.5800018310547,120.0999984741211
2017-01-05,1.0500892400741577,112.58000183105469,120.87000274658203,226.39999389648438,121.9800033569336
2017-01-06,1.0605915784835815,111.75,121.93000030517578,227.2100067138672,120.86000061035156
2017-01-09,1.0531858205795288,112.66999816894531,122.33000183105469,226.4600067138672,121.83000183105469
2017-01-10,1.0588620901107788,113.1500015258789,122.5999984741211,226.4600067138672,121.75
2017-01-11,1.0552419424057007,113.5,122.93000030517578,227.10000610351562,122.16000366210938
2017-01-12,1.0597710609436035,113.91000366210938,122.73999786376953,226.52999877929688,121.88999938964844
2017-01-13,1.0616837739944458,114.20999908447266,123.16000366210938,227.0500030517578,121.30999755859375
2017-01-17,1.0602991580963135,115.8499984741211,122.79000091552734,226.25,122.58000183105469
2017-01-18,1.0696789026260376,114.87000274658203,123.04000091552734,226.75,121.01000213623047
2017-01-19,1.062778353691101,114.7699966430664,122.9800033569336,225.91000366210938,120.18000030517578
2017-01-20,1.0659730434417725,115.05000305175781,123.25,226.74000549316406,119.94000244140625
2017-01-23,1.0713750123977661,115.79000091552734,123.3499984741211,226.14999389648438,121.13999938964844
2017-01-24,1.0760787725448608,115.2699966430664,124.18000030517578,227.60000610351562,120.30999755859375
2017-01-25,1.0728693008422852,114.31999969482422,125.43000030517578,229.57000732421875,118.80000305175781
2017-01-26,1.0751993656158447,113.26000213623047,125.55999755859375,229.3300018310547,119.19999694824219
2017-01-27,1.068296194076538,113.48999786376953,125.80000305175781,228.97000122070312,119.62999725341797
2017-01-30,1.0713980197906494,113.97000122070312,124.81999969482422,227.5500030517578,119.2699966430664
2017-01-31,1.0708587169647217,115.55000305175781,124.56999969482422,227.52999877929688,120.0999984741211
2017-02-01,1.0803803205490112,115.19999694824219,125.43000030517578,227.6199951171875,119.0999984741211
2017-02-02,1.0767391920089722,115.83999633789062,125.31999969482422,227.77000427246094,119.05000305175781
2017-02-03,1.0761713981628418,116.12999725341797,125.68000030517578,229.33999633789062,119.0
2017-02-06,1.0782949924468994,117.69999694824219,125.83000183105469,228.92999267578125,119.72000122070312
2017-02-07,1.0743216276168823,117.45999908447266,126.29000091552734,228.94000244140625,120.5999984741211
2017-02-08,1.0678056478500366,118.19000244140625,126.5,229.24000549316406,122.23999786376953
2017-02-09,1.0692213773727417,117.29000091552734,126.95999908447266,230.60000610351562,120.83000183105469
2017-02-10,1.0658594369888306,117.5999984741211,127.37999725341797,231.50999450683594,120.76000213623047
2017-02-13,1.061954379081726,116.80000305175781,128.10000610351562,232.77000427246094,120.37999725341797
2017-02-14,1.059849739074707,116.93000030517578,128.52999877929688,233.6999969482422,119.51000213623047
2017-02-15,1.0578316450119019,117.44999694824219,129.2899932861328,234.9199981689453,118.95999908447266
2017-02-16,1.0607378482818604,118.08000183105469,129.25,234.72000122070312,119.61000061035156
2017-02-17,1.0672245025634766,117.68000030517578,129.80999755859375,235.08999633789062,120.31999969482422
2017-02-21,1.0609403848648071,117.75,130.4499969482422,236.49000549316406,120.11000061035156
2017-02-22,1.0542073249816895,117.91000366210938,130.5,236.27999877929688,120.30999755859375
2017-02-23,1.0554089546203613,118.94000244140625,130.00999450683594,236.44000244140625,120.66999816894531
2017-02-24,1.0584474802017212,119.69999694824219,130.25999450683594,236.74000549316406,122.01000213623047
2017-02-27,1.055275321006775,119.12000274658203,130.4199981689453,237.11000061035156,121.29000091552734
2017-02-28,1.0584250688552856,119.2300033569336,130.02000427246094,236.47000122070312,121.73999786376953
2017-03-01,1.0569148063659668,119.05999755859375,131.44000244140625,239.77999877929688,119.47000122070312
2017-03-02,1.0535852909088135,117.58000183105469,130.77999877929688,238.27000427246094,119.04000091552734
2017-03-03,1.0509721040725708,117.51000213623047,131.02000427246094,238.4199981689453,119.3499984741211
2017-03-06,1.062044620513916,116.72000122070312,130.72999572753906,237.7100067138672,118.77999877929688
2017-03-07,1.0579211711883545,115.77999877929688,130.50999450683594,237.0,118.41999816894531
2017-03-08,1.0570154190063477,115.05999755859375,130.74000549316406,236.55999755859375,117.77999877929688
2017-03-09,1.0547411441802979,114.47000122070312,130.83999633789062,236.86000061035156,116.83999633789062
2017-03-10,1.0578428506851196,114.72000122070312,131.38999938964844,237.69000244140625,117.25
2017-03-13,1.0690041780471802,114.73999786376953,131.61000061035156,237.80999755859375,116.51000213623047
2017-03-14,1.0651443004608154,114.12000274658203,131.2899932861328,236.89999389648438,117.06999969482422
2017-03-15,1.0612443685531616,116.25,132.10000610351562,238.9499969482422,118.5
2017-03-16,1.0737909078598022,116.7300033569336,132.00999450683594,238.47999572753906,117.9000015258789
2017-03-17,1.077470064163208,116.98999786376953,131.69000244140625,237.02999877929688,118.63999938964844
2017-03-20,1.0742985010147095,117.51000213623047,131.80999755859375,236.77000427246094,119.1500015258789
2017-03-21,1.073767900466919,118.54000091552734,129.80999755859375,233.72999572753906,120.13999938964844
2017-03-22,1.081244707107544,118.83000183105469,130.69000244140625,234.27999877929688,120.62000274658203
2017-03-23,1.0790164470672607,118.66999816894531,130.36000061035156,234.02999877929688,120.44999694824219
2017-03-24,1.0783880949020386,118.86000061035156,130.6300048828125,233.86000061035156,120.87999725341797
2017-03-27,1.0849517583847046,119.52999877929688,130.83999633789062,233.6199951171875,121.43000030517578
2017-03-28,1.0860947370529175,119.04000091552734,131.63999938964844,235.32000732421875,120.62000274658203
2017-03-29,1.0817711353302002,119.33000183105469,132.25,235.5399932861328,121.33999633789062
2017-03-30,1.0759629011154175,118.47000122070312,132.47000122070312,236.2899932861328,120.36000061035156
2017-03-31,1.0687072277069092,118.72000122070312,132.3800048828125,235.74000549316406,120.70999908447266
2017-04-03,1.0668829679489136,119.3499984741211,132.3000030517578,235.3300018310547,121.66999816894531
2017-04-04,1.067008137702942,119.62000274658203,132.50999450683594,235.47999572753906,121.01000213623047
2017-04-05,1.0680338144302368,119.62000274658203,131.97000122070312,234.77999877929688,121.37999725341797
2017-04-06,1.0672472715377808,119.18000030517578,132.0399932861328,235.44000244140625,121.19999694824219
2017-04-07,1.0644639730453491,119.45999908447266,131.97000122070312,235.1999969482422,120.70999908447266
2017-04-10,1.0582010746002197,119.45999908447266,132.02000427246094,235.33999633789062,121.2699966430664
2017-04-11,1.0597598552703857,121.19000244140625,131.4499969482422,235.05999755859375,122.41999816894531
2017-04-12,1.0611318349838257,122.0199966430664,130.9199981689453,234.02999877929688,123.08999633789062
2017-04-13,1.0670650005340576,122.5999984741211,130.39999389648438,232.50999450683594,123.47000122070312
2017-04-17,1.0610530376434326,122.23999786376953,131.47999572753906,234.57000732421875,123.08999633789062
2017-04-18,1.0644525289535522,122.81999969482422,131.27999877929688,233.8699951171875,124.69999694824219
2017-04-19,1.0728693008422852,121.7300033569336,131.49000549316406,233.44000244140625,124.0199966430664
2017-04-20,1.0715012550354004,121.95999908447266,132.58999633789062,235.33999633789062,123.54000091552734
2017-04-21,1.0714898109436035,122.30999755859375,132.55999755859375,234.58999633789062,123.54000091552734
2017-04-24,1.087393879890442,121.4800033569336,134.16000366210938,237.1699981689453,122.93000030517578
2017-04-25,1.0864840745925903,120.25,135.1300048828125,238.5500030517578,121.44999694824219
2017-04-26,1.0928245782852173,120.83999633789062,134.94000244140625,238.39999389648438,122.12000274658203
2017-04-27,1.090893268585205,120.38999938964844,135.75,238.60000610351562,122.08000183105469
2017-04-28,1.0864251852035522,120.7699966430664,135.99000549316406,238.0800018310547,122.3499984741211
2017-05-01,1.0907504558563232,119.66999816894531,137.1999969482422,238.67999267578125,121.08000183105469
2017-05-02,1.090893268585205,119.6500015258789,137.42999267578125,238.77000427246094,121.69999694824219
2017-05-03,1.0935654640197754,117.9800033569336,136.99000549316406,238.47999572753906,121.77999877929688
2017-05-04,1.0888975858688354,116.79000091552734,137.0399932861328,238.75999450683594,121.18000030517578
2017-05-05,1.098152995109558,117.01000213623047,137.5399932861328,239.6999969482422,121.29000091552734
2017-05-08,1.0965152978897095,116.75,137.83999633789062,239.66000366210938,120.62999725341797
2017-05-09,1.0927767753601074,116.05000305175781,138.32000732421875,239.44000244140625,120.62000274658203
2017-05-10,1.0886842012405396,116.04000091552734,138.39999389648438,239.8699951171875,120.4800033569336
2017-05-11,1.087074637413025,116.5,138.2899932861328,239.3800048828125,120.4800033569336
2017-05-12,1.0864958763122559,116.83000183105469,138.60000610351562,238.97999572753906,121.38999938964844
2017-05-15,1.0927289724349976,117.13999938964844,139.0399932861328,240.3000030517578,121.05999755859375
2017-05-16,1.0981770753860474,117.6500015258789,139.6199951171875,240.0800018310547,121.51000213623047
2017-05-17,1.1093976497650146,119.79000091552734,136.07000732421875,235.82000732421875,123.27999877929688
2017-05-18,1.115635633468628,118.80999755859375,137.25999450683594,236.77000427246094,123.41999816894531
2017-05-19,1.1113580465316772,119.4000015258789,137.83999633789062,238.30999755859375,123.70999908447266
2017-05-22,1.120485782623291,119.9000015258789,139.0,239.52000427246094,123.37000274658203
2017-05-23,1.123885989189148,119.13999938964844,139.13999938964844,240.0500030517578,122.54000091552734
2017-05-24,1.11793053150177,119.61000061035156,139.77999877929688,240.61000061035156,123.2300033569336
2017-05-25,1.1230907440185547,119.4800033569336,140.97000122070312,241.75999450683594,123.2699966430664
2017-05-26,1.121076226234436,120.54000091552734,141.22000122070312,241.7100067138672,123.4800033569336
2017-05-30,1.1129041910171509,120.13999938964844,141.33999633789062,241.5,124.08999633789062
2017-05-31,1.117168664932251,120.62000274658203,141.2899932861328,241.44000244140625,124.4000015258789
2017-06-01,1.1243535280227661,120.72000122070312,141.83999633789062,243.36000061035156,124.1500015258789
2017-06-02,1.1215791702270508,121.61000061035156,143.4600067138672,244.1699981689453,125.62000274658203
2017-06-05,1.128082513809204,121.7300033569336,143.42999267578125,243.99000549316406,124.83999633789062
2017-06-06,1.1256824731826782,123.0999984741211,142.86000061035156,243.2100067138672,125.5199966430664
2017-06-07,1.1271415948867798,122.44999694824219,143.4199981689453,243.66000366210938,124.91999816894531
2017-06-08,1.125517725944519,121.6500015258789,143.57000732421875,243.77999877929688,124.58999633789062
2017-06-09,1.1184805631637573,120.54000091552734,139.97999572753906,243.41000366210938,124.4000015258789
2017-06-12,1.1201971769332886,120.36000061035156,139.22999572753906,243.36000061035156,124.36000061035156
2017-06-13,1.1196202039718628,120.4800033569336,140.36000061035156,244.5500030517578,124.37999725341797
2017-06-14,1.1208877563476562,119.81999969482422,139.75,244.24000549316406,126.30000305175781
2017-06-15,1.1215791702270508,119.31999969482422,139.1300048828125,243.77000427246094,126.0999984741211
2017-06-16,1.1146905422210693,119.33999633789062,138.14999389648438,242.63999938964844,126.3499984741211
2017-06-19,1.120824933052063,118.43000030517578,140.4600067138672,244.66000366210938,126.16999816894531
2017-06-20,1.1144545078277588,118.18000030517578,139.36000061035156,243.00999450683594,127.30000305175781
2017-06-21,1.1136974096298218,118.5199966430664,140.74000549316406,242.9499969482422,127.55999755859375
2017-06-22,1.1167196035385132,118.91999816894531,140.6999969482422,242.83999633789062,127.83999633789062
2017-06-23,1.1149640083312988,119.43000030517578,141.24000549316406,243.1300048828125,127.77999877929688
2017-06-26,1.1198835372924805,118.36000061035156,140.5800018310547,243.2899932861328,128.25999450683594
2017-06-27,1.118355631828308,118.80999755859375,138.02999877929688,241.3300018310547,126.88999938964844
2017-06-28,1.1339154243469238,118.9000015258789,140.02000427246094,243.49000549316406,126.47000122070312
2017-06-29,1.1382650136947632,118.31999969482422,137.58999633789062,241.35000610351562,125.41000366210938
2017-06-30,1.144164800643921,118.0199966430664,137.63999938964844,241.8000030517578,125.12000274658203
2017-07-03,1.1423088312149048,116.08999633789062,136.19000244140625,242.2100067138672,124.45999908447266
2017-07-05,1.1360150575637817,116.5199966430664,137.52999877929688,242.77000427246094,124.48999786376953
2017-07-06,1.1346874237060547,116.47000122070312,136.2899932861328,240.5500030517578,123.45999908447266
2017-07-07,1.1424784660339355,115.27999877929688,137.75999450683594,242.11000061035156,122.72000122070312
2017-07-10,1.140380859375,115.47000122070312,138.66000366210938,242.3699951171875,122.9000015258789
2017-07-12,1.1473942995071411,116.02999877929688,140.6999969482422,244.00999450683594,123.95999908447266
2017-07-13,1.1418914794921875,115.81999969482422,141.00999450683594,244.4199981689453,123.18000030517578
2017-07-14,1.140393853187561,116.7699966430664,142.1199951171875,245.55999755859375,123.33000183105469
2017-07-17,1.1475391387939453,117.29000091552734,142.19000244140625,245.52999877929688,123.66999816894531
2017-07-18,1.1474337577819824,118.11000061035156,143.13999938964844,245.66000366210938,124.75
2017-07-19,1.1549744606018066,118.08000183105469,143.97999572753906,246.99000549316406,124.80000305175781
2017-07-20,1.1528440713882446,118.23999786376953,144.1699981689453,247.10000610351562,125.16000366210938
2017-07-21,1.1628718376159668,119.26000213623047,144.11000061035156,246.8800048828125,125.69000244140625
2017-07-24,1.1681697368621826,119.30999755859375,144.77000427246094,246.82000732421875,125.19999694824219
2017-07-25,1.1638869047164917,118.91999816894531,144.39999389648438,247.4199981689453,123.56999969482422
2017-07-26,1.1644561290740967,119.87999725341797,144.8699951171875,247.42999267578125,123.7699966430664
2017-07-27,1.1728004217147827,119.79000091552734,143.9600067138672,247.1999969482422,123.16000366210938
2017-07-28,1.1688660383224487,120.69000244140625,143.83999633789062,246.91000366210938,123.88999938964844
2017-07-31,1.1747292280197144,120.75,143.22999572753906,246.77000427246094,124.04000091552734
2017-08-01,1.182410478591919,120.6500015258789,143.55999755859375,247.32000732421875,124.63999938964844
2017-08-02,1.1811256408691406,120.4000015258789,143.9499969482422,247.44000244140625,124.70999908447266
2017-08-03,1.1851149797439575,120.58999633789062,143.38999938964844,246.9600067138672,126.0
2017-08-04,1.1884952783584595,119.6500015258789,143.64999389648438,247.41000366210938,124.93000030517578
2017-08-07,1.1778424978256226,119.51000213623047,144.55999755859375,247.8699951171875,125.06999969482422
2017-08-08,1.1800941228866577,119.86000061035156,144.30999755859375,247.25999450683594,124.62000274658203
2017-08-09,1.1754610538482666,121.30999755859375,144.1199951171875,247.25,125.30000305175781
2017-08-10,1.1761523485183716,122.20999908447266,141.02999877929688,243.75999450683594,126.37000274658203
2017-08-11,1.177024483680725,122.79000091552734,142.10000610351562,244.1199951171875,126.43000030517578
2017-08-14,1.182550311088562,121.91999816894531,143.92999267578125,246.5399932861328,125.77999877929688
2017-08-15,1.1775789260864258,120.9800033569336,144.02999877929688,246.50999450683594,125.25
2017-08-16,1.1741223335266113,121.87000274658203,144.27999877929688,246.94000244140625,125.70999908447266
2017-08-17,1.1774264574050903,122.48999786376953,141.3300018310547,243.08999633789062,126.6500015258789
2017-08-18,1.1715501546859741,122.30000305175781,141.22999572753906,242.7100067138672,126.62000274658203
2017-08-21,1.1756268739700317,122.76000213623047,141.0500030517578,242.89999389648438,126.93000030517578
2017-08-22,1.1811953783035278,122.20999908447266,143.1999969482422,245.44000244140625,126.44000244140625
2017-08-23,1.176221489906311,122.66999816894531,142.69000244140625,244.55999755859375,127.30000305175781
2017-08-24,1.1816558837890625,122.29000091552734,142.27000427246094,243.99000549316406,126.83000183105469
2017-08-25,1.1802195310592651,122.73999786376953,141.97000122070312,244.55999755859375,127.31999969482422
2017-08-28,1.1951857805252075,124.69000244140625,142.41000366210938,244.57000732421875,127.23999786376953
2017-08-29,1.1963869333267212,124.41999816894531,142.97000122070312,244.85000610351562,127.6500015258789
2017-08-30,1.1970456838607788,124.36000061035156,144.64999389648438,246.00999450683594,127.61000061035156
2017-08-31,1.1893434524536133,125.81999969482422,146.1999969482422,247.49000549316406,127.98999786376953
2017-09-01,1.1910432577133179,126.05999755859375,146.0,247.83999633789062,126.75
2017-09-05,1.1893434524536133,127.45999908447266,144.69000244140625,246.05999755859375,128.75999450683594
2017-09-06,1.1924067735671997,126.80999755859375,145.1300048828125,246.89999389648438,127.97000122070312
2017-09-07,1.1927765607833862,128.1300048828125,145.47000122070312,246.8699951171875,129.27999877929688
2017-09-08,1.2029062509536743,127.97000122070312,144.2100067138672,246.5800018310547,129.0
2017-09-11,1.2017642259597778,126.19000244140625,145.8699951171875,249.2100067138672,127.45999908447266
2017-09-12,1.1959433555603027,126.55999755859375,146.22000122070312,250.0500030517578,126.79000091552734
2017-09-13,1.1974613666534424,125.61000061035156,146.4199981689453,250.1699981689453,126.29000091552734
2017-09-14,1.1890605688095093,126.16000366210938,145.55999755859375,250.08999633789062,126.80999755859375
2017-09-15,1.1921650171279907,125.52999877929688,146.05999755859375,249.19000244140625,126.86000061035156
2017-09-18,1.193716287612915,124.36000061035156,145.5500030517578,249.72000122070312,126.12999725341797
2017-09-19,1.1959290504455566,124.62000274658203,145.8000030517578,249.97000122070312,125.81999969482422
2017-09-20,1.199256420135498,123.62000274658203,145.35000610351562,250.05999755859375,125.91000366210938
2017-09-21,1.1872113943099976,122.68000030517578,144.4600067138672,249.38999938964844,125.83999633789062
2017-09-22,1.194557547569275,123.23999786376953,144.32000732421875,249.44000244140625,126.19999694824219
2017-09-25,1.1927196979522705,124.52999877929688,142.8000030517578,248.92999267578125,126.98999786376953
2017-09-26,1.185564637184143,123.13999938964844,143.1699981689453,249.0800018310547,126.76000213623047
2017-09-27,1.1786059141159058,121.9800033569336,144.4600067138672,250.0500030517578,124.8499984741211
2017-09-28,1.1749638319015503,122.20999908447266,144.41000366210938,250.35000610351562,124.4800033569336
2017-09-29,1.178175449371338,121.58000183105469,145.4499969482422,251.22999572753906,124.76000213623047
2017-10-02,1.1807351112365723,120.7699966430664,145.5800018310547,252.32000732421875,124.27999877929688
2017-10-03,1.173378348350525,120.83000183105469,145.88999938964844,252.86000061035156,124.4000015258789
2017-10-04,1.1747568845748901,121.16999816894531,146.02999877929688,253.16000366210938,124.41000366210938
2017-10-05,1.175723671913147,120.5199966430664,147.4600067138672,254.66000366210938,123.94000244140625
2017-10-06,1.1712344884872437,121.08999633789062,147.66000366210938,254.3699951171875,123.58999633789062
2017-10-09,1.1742464303970337,122.08000183105469,147.49000549316406,253.9499969482422,123.9800033569336
2017-10-10,1.1741636991500854,122.4000015258789,147.60000610351562,254.6199951171875,124.18000030517578
2017-10-11,1.1814883947372437,122.79000091552734,148.0399932861328,255.02000427246094,124.41999816894531
2017-10-12,1.1865493059158325,122.88999938964844,147.77000427246094,254.63999938964844,124.94999694824219
2017-10-13,1.1831799745559692,123.81999969482422,148.33999633789062,254.9499969482422,125.8499984741211
2017-10-16,1.181404709815979,122.97000122070312,148.85000610351562,255.2899932861328,125.76000213623047
2017-10-17,1.1794538497924805,122.12999725341797,149.0399932861328,255.47000122070312,125.91999816894531
2017-10-18,1.1771907806396484,121.66999816894531,148.86000061035156,255.72000122070312,125.08999633789062
2017-10-19,1.1795234680175781,122.38999938964844,148.30999755859375,255.7899932861328,125.30999755859375
2017-10-20,1.184805989265442,121.61000061035156,148.7100067138672,257.1099853515625,123.9800033569336
2017-10-23,1.175364375114441,121.80000305175781,147.74000549316406,256.1099853515625,124.19999694824219
2017-10-24,1.1759172677993774,121.33000183105469,147.99000549316406,256.55999755859375,123.43000030517578
2017-10-25,1.1759034395217896,121.3499984741211,147.42999267578125,255.2899932861328,122.83999633789062
2017-10-26,1.182075023651123,120.33000183105469,146.9600067138672,255.6199951171875,122.43000030517578
2017-10-27,1.163724422454834,120.9000015258789,151.24000549316406,257.7099914550781,123.23999786376953
2017-10-30,1.1604562997817993,121.12999725341797,151.5800018310547,256.75,124.41999816894531
2017-10-31,1.1652703285217285,120.66999816894531,152.14999389648438,257.1499938964844,124.45999908447266
2017-11-01,1.165175199508667,121.11000061035156,152.10000610351562,257.489990234375,124.75
2017-11-02,1.1628718376159668,121.19000244140625,151.80999755859375,257.5899963378906,125.30000305175781
2017-11-03,1.1661807298660278,120.62000274658203,153.27000427246094,258.45001220703125,125.63999938964844
2017-11-06,1.1614941358566284,121.6500015258789,153.7899932861328,258.8500061035156,126.11000061035156
2017-11-07,1.1612648963928223,121.20999908447266,153.8800048828125,258.6700134277344,126.63999938964844
2017-11-08,1.1601063013076782,121.62999725341797,154.5,259.1099853515625,126.36000061035156
2017-11-09,1.15968918800354,122.12999725341797,153.69000244140625,258.1700134277344,126.0
2017-11-10,1.164686679840088,121.12999725341797,153.67999267578125,258.0899963378906,124.0999984741211
2017-11-13,1.1661127805709839,121.30999755859375,153.8699951171875,258.3299865722656,124.36000061035156
2017-11-14,1.1664936542510986,121.55999755859375,153.30999755859375,257.7300109863281,125.19999694824219
2017-11-15,1.1792869567871094,121.41000366210938,152.58999633789062,256.44000244140625,126.55999755859375
2017-11-17,1.1777453422546387,122.86000061035156,153.9499969482422,257.8599853515625,126.38999938964844
2017-11-20,1.1731857061386108,121.30999755859375,153.8300018310547,258.29998779296875,126.33999633789062
2017-11-21,1.1741223335266113,121.51000213623047,155.5,259.989990234375,126.73999786376953
2017-11-22,1.173722743988037,122.62999725341797,155.69000244140625,259.760009765625,127.1500015258789
2017-11-24,1.1853959560394287,122.31999969482422,156.25999450683594,260.3599853515625,126.80000305175781
2017-11-27,1.1926485300064087,122.83000183105469,156.19000244140625,260.2300109863281,126.62000274658203
2017-11-28,1.1904903650283813,122.80999755859375,156.58999633789062,262.8699951171875,126.79000091552734
2017-11-29,1.184805989265442,122.04000091552734,153.86000061035156,262.7099914550781,125.54000091552734
2017-11-30,1.18519926071167,121.0999984741211,155.14999389648438,265.010009765625,125.12000274658203
2017-12-01,1.1898245811462402,121.58999633789062,154.49000549316406,264.4599914550781,126.55000305175781
2017-12-04,1.1859863996505737,121.18000030517578,152.7100067138672,264.1400146484375,126.61000061035156
2017-12-05,1.1867746114730835,120.31999969482422,152.80999755859375,263.19000244140625,127.23999786376953
2017-12-06,1.1832919120788574,120.06999969482422,153.5,263.239990234375,127.68000030517578
2017-12-07,1.1804285049438477,118.48999786376953,154.02000427246094,264.07000732421875,126.68000030517578
2017-12-08,1.1772184371948242,118.4800033569336,154.6999969482422,265.510009765625,126.69000244140625
2017-12-11,1.1769968271255493,118.01000213623047,155.89999389648438,266.30999755859375,126.43000030517578
2017-12-12,1.1777591705322266,118.1500015258789,155.69000244140625,266.7799987792969,126.37999725341797
2017-12-13,1.1742602586746216,119.16999816894531,155.99000549316406,266.75,127.33000183105469
2017-12-14,1.1835860013961792,118.93000030517578,155.8800048828125,265.6600036621094,127.87000274658203
2017-12-15,1.1774957180023193,119.18000030517578,157.64999389648438,266.510009765625,128.35000610351562
2017-12-18,1.1743566989898682,119.7300033569336,158.63999938964844,268.20001220703125,127.18000030517578
2017-12-19,1.1784253120422363,119.81999969482422,157.6999969482422,267.1700134277344,125.52999877929688
2017-12-20,1.1841325759887695,120.13999938964844,157.52999877929688,267.0299987792969,124.13999938964844
2017-12-21,1.1878176927566528,120.30999755859375,157.5500030517578,267.5799865722656,124.5999984741211
2017-12-22,1.1857331991195679,120.94000244140625,157.3699951171875,267.510009765625,124.7699966430664
2017-12-26,1.187253713607788,121.7699966430664,156.52000427246094,267.19000244140625,125.13999938964844
2017-12-27,1.1857894659042358,122.2300033569336,156.5399932861328,267.32000732421875,126.7699966430664
2017-12-28,1.1900794506072998,122.8499984741211,156.72999572753906,267.8699951171875,126.66000366210938
2017-12-29,1.1941723823547363,123.6500015258789,155.75999450683594,266.8599853515625,126.86000061035156
2018-01-02,1.2011579275131226,125.1500015258789,158.49000549316406,268.7699890136719,125.48999786376953
2018-01-03,1.2063454389572144,124.81999969482422,160.02999877929688,270.4700012207031,126.08999633789062
2018-01-04,1.2010425329208374,125.45999908447266,160.30999755859375,271.6099853515625,126.06999969482422
2018-01-05,1.2068840265274048,125.33000183105469,161.9199981689453,273.4200134277344,125.70999908447266
2018-01-08,1.2037460803985596,125.30999755859375,162.5500030517578,273.9200134277344,125.62999725341797
2018-01-09,1.1970456838607788,124.7300033569336,162.55999755859375,274.5400085449219,123.94999694824219
2018-01-10,1.1929330825805664,125.02999877929688,162.17999267578125,274.1199951171875,123.80000305175781
2018-01-11,1.1956144571304321,125.44000244140625,163.2899932861328,276.1199951171875,124.30999755859375
2018-01-12,1.2042099237442017,126.95999908447266,164.49000549316406,277.9200134277344,124.5199966430664
2018-01-16,1.2268433570861816,127.16999816894531,164.02000427246094,276.9700012207031,125.04000091552734
2018-01-17,1.227129340171814,126.13999938964844,165.7899932861328,279.6099853515625,124.87000274658203
2018-01-18,1.218397855758667,125.86000061035156,165.82000732421875,279.1400146484375,123.70999908447266
2018-01-19,1.2236607074737549,126.41999816894531,166.33999633789062,280.4100036621094,123.05999755859375
2018-01-22,1.2255502939224243,126.6500015258789,168.1199951171875,282.69000244140625,123.18000030517578
2018-01-23,1.2256253957748413,127.27999877929688,169.50999450683594,283.2900085449219,123.70999908447266
2018-01-24,1.2310267686843872,128.8300018310547,168.41000366210938,283.17999267578125,123.04000091552734
2018-01-25,1.239111304283142,127.97000122070312,168.35000610351562,283.29998779296875,124.05000305175781
2018-01-26,1.239234209060669,128.07000732421875,170.92999267578125,286.5799865722656,123.58999633789062
2018-01-29,1.2428072690963745,127.3499984741211,170.10000610351562,284.67999267578125,122.7300033569336
2018-01-30,1.2381141185760498,126.80000305175781,168.6999969482422,281.760009765625,122.01000213623047
2018-01-31,1.2409565448760986,127.6500015258789,169.39999389648438,281.8999938964844,122.7300033569336
2018-02-01,1.241865873336792,128.07000732421875,167.9600067138672,281.5799865722656,120.69999694824219
2018-02-02,1.2510008811950684,126.38999938964844,164.61000061035156,275.45001220703125,119.58000183105469
2018-02-05,1.244694471359253,126.70999908447266,158.1199951171875,263.92999267578125,120.70999908447266
2018-02-06,1.2367818355560303,125.37999725341797,162.30999755859375,269.1300048828125,119.95999908447266
2018-02-07,1.2381294965744019,124.79000091552734,160.2100067138672,267.6700134277344,118.81999969482422
2018-02-08,1.2268133163452148,124.9800033569336,153.4499969482422,257.6300048828125,118.69000244140625
2018-02-09,1.2260762453079224,124.7699966430664,156.10000610351562,261.5,117.94000244140625
2018-02-12,1.2252799272537231,125.37000274658203,158.8699951171875,265.3399963378906,118.45999908447266
2018-02-13,1.2303755283355713,126.08000183105469,159.69000244140625,266.0,118.98999786376953
2018-02-14,1.235376238822937,128.22999572753906,162.67999267578125,269.5899963378906,117.66999816894531
2018-02-15,1.2467273473739624,128.3800048828125,165.6999969482422,273.0299987792969,118.06999969482422
2018-02-16,1.2503595352172852,127.95999908447266,164.9600067138672,273.1099853515625,118.70999908447266
2018-02-20,1.2398641109466553,126.23999786376953,165.2899932861328,271.3999938964844,118.19000244140625
2018-02-21,1.233532428741455,125.66000366210938,164.82000732421875,270.04998779296875,116.73999786376953
2018-02-22,1.2281843423843384,126.30000305175781,164.8000030517578,270.3999938964844,117.08999633789062
2018-02-23,1.2326656579971313,126.13999938964844,168.1699981689453,274.7099914550781,118.12999725341797
2018-02-26,1.228712558746338,126.44999694824219,170.39999389648438,277.8999938964844,118.16999816894531
2018-02-27,1.2315573692321777,125.12999725341797,168.2899932861328,274.42999267578125,118.0
2018-02-28,1.2230321168899536,125.0,167.2100067138672,271.6499938964844,118.75
2018-03-01,1.2191256284713745,124.72000122070312,164.47999572753906,267.70001220703125,119.31999969482422
2018-03-02,1.2270842790603638,125.38999938964844,165.99000549316406,269.0799865722656,118.3499984741211
2018-03-05,1.2315422296524048,125.18000030517578,167.8300018310547,272.19000244140625,118.02999877929688
2018-03-06,1.2336541414260864,126.52999877929688,168.5399932861328,272.8800048828125,118.13999938964844
2018-03-07,1.2416653633117676,125.72000122070312,168.92999267578125,272.7799987792969,118.01000213623047
2018-03-08,1.2414649724960327,125.41999816894531,169.86000061035156,274.1000061035156,118.69000244140625
2018-03-09,1.2306632995605469,125.54000091552734,173.16000366210938,278.8699951171875,117.91000366210938
2018-03-12,1.2308752536773682,125.54000091552734,174.0800018310547,278.5199890136719,118.58999633789062
2018-03-13,1.2339584827423096,125.77999877929688,171.7100067138672,276.7200012207031,119.19000244140625
2018-03-14,1.239234209060669,125.69999694824219,171.67999267578125,275.29998779296875,120.23999786376953
2018-03-15,1.2375624179840088,124.9000015258789,171.52999877929688,275.0,120.23999786376953
2018-03-16,1.2309207916259766,124.5999984741211,171.02000427246094,274.20001220703125,119.80999755859375
2018-03-19,1.228078842163086,124.87000274658203,167.10000610351562,270.489990234375,119.43000030517578
2018-03-20,1.2336845397949219,124.30999755859375,167.64999389648438,270.95001220703125,118.94999694824219
2018-03-21,1.2251899242401123,126.4800033569336,166.9199981689453,270.42999267578125,119.08000183105469
2018-03-22,1.2347661256790161,125.9800033569336,162.8000030517578,263.6700134277344,120.26000213623047
2018-03-23,1.2324985265731812,127.61000061035156,158.50999450683594,258.04998779296875,120.16999816894531
2018-03-26,1.235437273979187,128.27999877929688,164.39999389648438,265.1099853515625,119.70999908447266
2018-03-27,1.2457488775253296,127.48999786376953,159.0800018310547,260.6000061035156,120.98999786376953
2018-03-28,1.240787148475647,125.7300033569336,157.25,259.8299865722656,121.30999755859375
2018-03-29,1.2310267686843872,125.79000091552734,160.1300048828125,263.1499938964844,121.9000015258789
2018-04-02,1.231420874595642,127.26000213623047,155.50999450683594,257.4700012207031,121.87999725341797
2018-04-03,1.229271411895752,126.30000305175781,157.25999450683594,260.7699890136719,120.94000244140625
2018-04-04,1.2278525829315186,126.44999694824219,159.74000549316406,263.55999755859375,120.69000244140625
2018-04-05,1.228682279586792,125.80000305175781,160.64999389648438,265.6400146484375,119.79000091552734
2018-04-06,1.2251598834991455,126.38999938964844,156.6300048828125,259.7200012207031,121.0999984741211
2018-04-09,1.227144479751587,126.81999969482422,157.72999572753906,261.0,121.30000305175781
2018-04-10,1.2322403192520142,127.12000274658203,161.2100067138672,265.1499938964844,121.08000183105469
2018-04-11,1.2363078594207764,128.11000061035156,160.27999877929688,263.760009765625,121.51000213623047
2018-04-12,1.2371643781661987,126.62000274658203,162.2100067138672,265.92999267578125,120.62000274658203
2018-04-13,1.2329696416854858,127.44999694824219,161.3699951171875,265.1499938964844,120.9000015258789
2018-04-16,1.233258605003357,127.62999725341797,162.60000610351562,267.3299865722656,120.94000244140625
2018-04-17,1.2385127544403076,127.75,166.10000610351562,270.19000244140625,121.2699966430664
2018-04-18,1.237317442893982,127.8499984741211,166.44000244140625,270.3900146484375,120.30000305175781
2018-04-19,1.237914800643921,127.5999984741211,164.91000366210938,268.8900146484375,119.31999969482422
2018-04-20,1.2345526218414307,126.62999725341797,162.3000030517578,266.6099853515625,118.45999908447266
2018-04-23,1.2273402214050293,125.62000274658203,161.88999938964844,266.57000732421875,118.48999786376953
2018-04-24,1.22089684009552,126.2300033569336,158.4600067138672,262.9800109863281,117.94999694824219
2018-04-25,1.2241400480270386,125.41000366210938,158.64999389648438,263.6300048828125,117.16000366210938
2018-04-26,1.2171669006347656,124.97000122070312,161.99000549316406,266.30999755859375,117.9800033569336
2018-04-27,1.2109616994857788,125.5,162.08999633789062,266.55999755859375,118.88999938964844
2018-04-30,1.2122827768325806,124.58999633789062,160.94000244140625,264.510009765625,119.0999984741211
2018-05-01,1.2081234455108643,123.70999908447266,162.77999877929688,264.9800109863281,118.41000366210938
2018-05-02,1.1991558074951172,123.6500015258789,161.82000732421875,263.20001220703125,118.27999877929688
2018-05-03,1.19510018825531,124.27999877929688,161.8000030517578,262.6199951171875,118.80999755859375
2018-05-04,1.1989257335662842,124.54000091552734,164.8699951171875,266.0199890136719,118.98999786376953
2018-05-07,1.195500135421753,124.56999969482422,166.24000549316406,266.9200134277344,118.80000305175781
2018-05-08,1.1933743953704834,124.58999633789062,166.07000732421875,266.9200134277344,118.69000244140625
2018-05-09,1.1867886781692505,124.33000183105469,167.8800048828125,269.5,117.9800033569336
2018-05-10,1.184721827507019,125.18000030517578,169.6199951171875,272.0199890136719,118.93000030517578
2018-05-11,1.1917530298233032,125.0,169.4600067138672,272.8500061035156,119.2300033569336
2018-05-14,1.1952143907546997,124.48999786376953,169.75,272.9800109863281,118.5999984741211
2018-05-15,1.1931180953979492,122.4800033569336,167.8699951171875,271.1000061035156,117.25
2018-05-16,1.1820889711380005,122.29000091552734,168.97999572753906,272.239990234375,116.80000305175781
2018-05-17,1.1816978454589844,122.36000061035156,168.3300018310547,272.010009765625,116.20999908447266
2018-05-18,1.1795234680175781,122.41000366210938,167.4600067138672,271.3299865722656,117.20999908447266
2018-05-21,1.1766643524169922,122.4800033569336,168.39999389648438,273.3699951171875,117.2699966430664
2018-05-22,1.1792453527450562,122.41000366210938,168.17999267578125,272.6099853515625,117.08999633789062
2018-05-23,1.1788560152053833,122.54000091552734,169.60000610351562,273.3599853515625,117.94000244140625
2018-05-24,1.1710150241851807,123.58999633789062,169.5500030517578,272.79998779296875,118.87999725341797
2018-05-25,1.1722642183303833,123.20999908447266,169.72000122070312,272.1499938964844,119.62000274658203
2018-05-29,1.162696123123169,123.19000244140625,168.97000122070312,269.0199890136719,122.23999786376953
2018-05-30,1.1539349555969238,123.37000274658203,170.17999267578125,272.6099853515625,121.41999816894531
2018-05-31,1.1667250394821167,123.0999984741211,170.07000732421875,270.94000244140625,121.22000122070312
2018-06-01,1.1693171262741089,122.48999786376953,172.74000549316406,273.6000061035156,120.30000305175781
2018-06-04,1.1668611764907837,122.37000274658203,174.3000030517578,274.8999938964844,119.43000030517578
2018-06-05,1.1700559854507446,122.8499984741211,174.83999633789062,275.1000061035156,119.70999908447266
2018-06-06,1.1726216077804565,122.91999816894531,175.86000061035156,277.3999938964844,118.73999786376953
2018-06-07,1.178550362586975,122.86000061035156,174.42999267578125,277.3699951171875,119.88999938964844
2018-06-08,1.1795234680175781,123.01000213623047,174.44000244140625,278.19000244140625,119.52999877929688
2018-06-11,1.1783976554870605,123.2300033569336,174.91000366210938,278.55999755859375,119.30999755859375
2018-06-12,1.177412509918213,122.81999969482422,175.8300018310547,278.9200134277344,119.33999633789062
2018-06-13,1.17482590675354,123.19000244140625,175.82000732421875,278.0299987792969,119.27999877929688
2018-06-14,1.1807769536972046,123.37999725341797,177.60000610351562,278.7300109863281,120.2699966430664
2018-06-15,1.1566576957702637,121.33999633789062,176.97999572753906,277.1300048828125,120.37999725341797
2018-06-18,1.159595012664795,121.11000061035156,176.5,276.55999755859375,120.2699966430664
2018-06-19,1.1630746126174927,120.80000305175781,176.0,275.5,120.97000122070312
2018-06-20,1.1588560342788696,120.26000213623047,177.25,275.9700012207031,119.91000366210938
2018-06-21,1.1579033136367798,120.05000305175781,175.7100067138672,274.239990234375,120.54000091552734
2018-06-22,1.1605775356292725,120.33999633789062,175.32000732421875,274.739990234375,120.52999877929688
2018-06-25,1.1661399602890015,119.88999938964844,171.3699951171875,271.0,120.80000305175781
2018-06-26,1.1702749729156494,119.26000213623047,172.07000732421875,271.6000061035156,120.97000122070312
2018-06-27,1.1650259494781494,118.58000183105469,169.72999572753906,269.3500061035156,122.11000061035156
2018-06-28,1.1563634872436523,118.22000122070312,171.19000244140625,270.8900146484375,122.13999938964844
2018-06-29,1.1562966108322144,118.6500015258789,171.64999389648438,271.2799987792969,121.72000122070312
2018-07-02,1.1678558588027954,117.45999908447266,172.8000030517578,271.8599853515625,121.3499984741211
2018-07-03,1.1642121076583862,118.6500015258789,170.8000030517578,270.8999938964844,122.0
2018-07-05,1.166235089302063,119.05000305175781,172.9199981689453,273.1099853515625,122.3499984741211
2018-07-06,1.1695905923843384,118.86000061035156,175.61000061035156,275.4200134277344,122.75
2018-07-09,1.1752262115478516,119.1500015258789,177.19000244140625,277.8999938964844,121.95999908447266
2018-07-10,1.1756960153579712,118.93000030517578,177.32000732421875,278.8999938964844,121.94999694824219
2018-07-11,1.1727042198181152,117.63999938964844,176.4199981689453,276.8599853515625,122.41999816894531
2018-07-12,1.1676785945892334,118.12999725341797,179.4600067138672,279.3699951171875,122.41000366210938
2018-07-13,1.1665889024734497,117.61000061035156,179.61000061035156,279.5899963378906,122.72000122070312
2018-07-16,1.1679104566574097,117.55000305175781,179.17999267578125,279.3399963378906,122.20999908447266
2018-07-17,1.170946478843689,116.27999877929688,180.27000427246094,280.4700012207031,121.9800033569336
2018-07-18,1.1653246879577637,116.30999755859375,179.92999267578125,281.05999755859375,121.48999786376953
2018-07-19,1.164564609527588,115.80999755859375,179.02999877929688,280.0,122.26000213623047
2018-07-20,1.1655147075653076,116.55999755859375,178.99000549316406,279.67999267578125,120.76000213623047
2018-07-23,1.1741912364959717,116.0,179.55999755859375,280.20001220703125,119.2699966430664
2018-07-24,1.1694128513336182,116.04000091552734,180.3000030517578,281.6099853515625,119.68000030517578
2018-07-25,1.1685519218444824,116.68000030517578,182.82000732421875,284.010009765625,119.48999786376953
2018-07-26,1.1737502813339233,115.7699966430664,180.0500030517578,283.3399963378906,119.26000213623047
2018-07-27,1.1642934083938599,115.83000183105469,177.6199951171875,281.4200134277344,119.45999908447266
2018-07-30,1.16604483127594,115.6500015258789,175.11000061035156,279.95001220703125,119.05000305175781
2018-07-31,1.1707408428192139,115.98999786376953,176.4499969482422,281.3299865722656,119.69999694824219
2018-08-01,1.168961763381958,115.13999938964844,177.1199951171875,280.8599853515625,118.45999908447266
2018-08-02,1.1665889024734497,114.5199966430664,179.52999877929688,282.3900146484375,118.62999725341797
2018-08-03,1.1586008071899414,114.91999816894531,180.0800018310547,283.6000061035156,119.22000122070312
2018-08-06,1.1562297344207764,114.33000183105469,181.13999938964844,284.6400146484375,119.29000091552734
2018-08-07,1.1558021306991577,114.58999633789062,181.8000030517578,285.5799865722656,118.66999816894531
2018-08-08,1.1602946519851685,114.91000366210938,182.02000427246094,285.4599914550781,118.79000091552734
2018-08-09,1.1610760688781738,114.73999786376953,181.91000366210938,285.07000732421875,119.79000091552734
2018-08-10,1.1523923873901367,114.69000244140625,180.52000427246094,283.1600036621094,120.66000366210938
2018-08-13,1.1394712924957275,112.95999908447266,180.32000732421875,282.1000061035156,120.41000366210938
2018-08-14,1.1402509212493896,113.06999969482422,181.4499969482422,283.8999938964844,120.13999938964844
2018-08-15,1.1345715522766113,111.19000244140625,179.22999572753906,281.7799987792969,120.83999633789062
2018-08-16,1.134429931640625,111.0999984741211,179.82000732421875,284.05999755859375,120.83000183105469
2018-08-17,1.1371389627456665,112.12999725341797,179.86000061035156,285.05999755859375,120.9800033569336
2018-08-20,1.1437721252441406,112.69000244140625,179.6999969482422,285.6700134277344,121.79000091552734
2018-08-21,1.149134635925293,113.0199966430664,180.36000061035156,286.3399963378906,121.37999725341797
2018-08-22,1.1576753854751587,113.2699966430664,181.05999755859375,286.1700134277344,121.86000061035156
2018-08-23,1.1584800481796265,112.19999694824219,180.8000030517578,285.7900085449219,122.05000305175781
2018-08-24,1.154334545135498,114.16000366210938,182.47999572753906,287.510009765625,122.29000091552734
2018-08-27,1.164890170097351,114.58999633789062,184.33999633789062,289.7799987792969,121.58999633789062
2018-08-28,1.1683608293533325,113.68000030517578,184.61000061035156,289.9200134277344,120.86000061035156
2018-08-29,1.1691256761550903,114.19999694824219,186.74000549316406,291.4800109863281,121.0199966430664
2018-08-30,1.1709738969802856,113.63999938964844,186.41000366210938,290.29998779296875,121.27999877929688
2018-08-31,1.1664663553237915,113.51000213623047,186.64999389648438,290.30999755859375,121.0
2018-09-04,1.161548137664795,112.93000030517578,185.85000610351562,289.80999755859375,120.02999877929688
2018-09-05,1.1586545705795288,113.31999969482422,183.4499969482422,289.0299987792969,119.70999908447266
2018-09-06,1.1635212898254395,113.54000091552734,181.80999755859375,288.1600036621094,120.1500015258789
2018-09-07,1.1620069742202759,113.2300033569336,181.11000061035156,287.6000061035156,119.12999725341797
2018-09-10,1.1561094522476196,113.1500015258789,181.72000122070312,288.1000061035156,119.56999969482422
2018-09-11,1.159595012664795,113.22000122070312,183.1199951171875,289.04998779296875,118.66000366210938
2018-09-12,1.1596084833145142,114.16999816894531,182.5800018310547,289.1199951171875,118.94000244140625
2018-09-13,1.1629259586334229,113.76000213623047,184.52999877929688,290.8299865722656,119.12000274658203
2018-09-14,1.1691803932189941,113.0199966430664,183.99000549316406,290.8800048828125,118.55000305175781
2018-09-17,1.1628988981246948,113.61000061035156,181.33999633789062,289.3399963378906,118.55000305175781
2018-09-18,1.1669156551361084,113.44000244140625,182.83999633789062,290.9100036621094,117.30999755859375
2018-09-19,1.167992353439331,113.87999725341797,182.6999969482422,291.2200012207031,116.61000061035156
2018-09-20,1.167460560798645,114.2699966430664,184.72000122070312,293.5799865722656,117.1500015258789
2018-09-21,1.1775927543640137,113.48999786376953,183.7100067138672,291.989990234375,117.0999984741211
2018-09-24,1.1751019954681396,113.47000122070312,183.88999938964844,291.0199890136719,116.80000305175781
2018-09-25,1.175295352935791,113.6500015258789,184.13999938964844,290.75,116.68000030517578
2018-09-26,1.1763184070587158,113.05000305175781,184.27000427246094,289.8800048828125,117.5
2018-09-27,1.1748534440994263,112.05000305175781,185.8300018310547,290.69000244140625,117.58000183105469
2018-09-28,1.1637378931045532,112.76000213623047,185.7899932861328,290.7200012207031,117.2699966430664
2018-10-01,1.1605371236801147,112.56999969482422,186.1699981689453,291.7300109863281,116.1500015258789
2018-10-02,1.157755732536316,113.87000274658203,185.75,291.55999755859375,116.86000061035156
2018-10-03,1.1551746129989624,113.41999816894531,185.9499969482422,291.7200012207031,114.83000183105469
2018-10-04,1.147631287574768,113.4800033569336,182.3800048828125,289.44000244140625,114.0199966430664
2018-10-05,1.1518083810806274,113.80000305175781,180.14999389648438,287.82000732421875,113.04000091552734
2018-10-08,1.1522595882415771,112.54000091552734,179.0500030517578,287.82000732421875,112.66000366210938
2018-10-09,1.1494120359420776,112.5999984741211,179.6300048828125,287.3999938964844,113.80000305175781
2018-10-10,1.1506949663162231,112.87999725341797,171.72999572753906,278.29998779296875,113.48999786376953
2018-10-11,1.1533360481262207,115.77999877929688,169.60000610351562,272.1700134277344,114.87000274658203
2018-10-12,1.1590440273284912,115.2300033569336,174.32000732421875,275.95001220703125,114.47000122070312
2018-10-15,1.1551345586776733,116.0,172.2100067138672,274.3999938964844,114.41999816894531
2018-10-16,1.1583458185195923,115.80000305175781,177.22000122070312,280.3999938964844,114.68000030517578
2018-10-17,1.1575279235839844,115.79000091552734,177.2899932861328,280.45001220703125,114.0
2018-10-18,1.1500862836837769,115.91999816894531,173.17999267578125,276.3999938964844,113.95999908447266
2018-10-19,1.1460003852844238,116.01000213623047,173.02000427246094,276.25,113.70999908447266
2018-10-22,1.1509466171264648,115.70999908447266,173.91000366210938,275.010009765625,113.55999755859375
2018-10-23,1.1467890739440918,116.38999938964844,173.27000427246094,273.6099853515625,113.91999816894531
2018-10-24,1.147315263748169,116.66000366210938,165.33999633789062,265.32000732421875,114.77999877929688
2018-10-25,1.1399258375167847,116.4000015258789,171.05999755859375,270.0799865722656,114.30000305175781
2018-10-26,1.1377859115600586,116.7699966430664,166.66000366210938,265.3299865722656,114.98999786376953
2018-10-29,1.1398738622665405,116.30999755859375,163.22999572753906,263.8599853515625,114.7300033569336
2018-10-30,1.137617588043213,115.80000305175781,165.9199981689453,267.7699890136719,114.16000366210938
2018-10-31,1.1346358060836792,115.1500015258789,169.82000732421875,270.6300048828125,113.58000183105469
2018-11-01,1.1316697597503662,116.62999725341797,172.05999755859375,273.510009765625,113.41000366210938
2018-11-02,1.1403288841247559,116.6500015258789,169.3800048828125,271.8900146484375,112.0
2018-11-05,1.1397570371627808,116.37000274658203,168.9600067138672,273.3900146484375,112.44000244140625
2018-11-06,1.141291856765747,116.04000091552734,170.24000549316406,275.1199951171875,112.37000274658203
2018-11-07,1.1438506841659546,116.02999877929688,175.5800018310547,281.010009765625,112.5199966430664
2018-11-08,1.1434059143066406,115.77999877929688,174.4600067138672,280.5,112.51000213623047
2018-11-09,1.1368415355682373,114.4800033569336,171.52000427246094,277.760009765625,113.3499984741211
2018-11-12,1.132502794265747,113.66000366210938,166.3300018310547,272.57000732421875,114.08999633789062
2018-11-13,1.1233429908752441,113.69999694824219,166.47000122070312,272.05999755859375,114.0199966430664
2018-11-14,1.1311193704605103,114.63999938964844,165.1999969482422,270.20001220703125,114.08999633789062
2018-11-15,1.131183385848999,114.7699966430664,168.08999633789062,273.0199890136719,114.04000091552734
2018-11-16,1.1324899196624756,115.62000274658203,167.5,273.7300109863281,114.69999694824219
2018-11-19,1.141396164894104,115.66999816894531,162.05999755859375,269.1000061035156,115.0199966430664
2018-11-20,1.1455016136169434,115.66999816894531,159.16000366210938,264.1199951171875,115.05999755859375
2018-11-21,1.1372424364089966,115.86000061035156,160.3699951171875,265.0199890136719,115.0199966430664
2018-11-23,1.1403158903121948,115.7699966430664,159.2100067138672,263.25,115.13999938964844
2018-11-26,1.1337354183197021,115.63999938964844,162.88999938964844,267.5,114.87999725341797
2018-11-27,1.1333370208740234,114.94999694824219,163.44000244140625,268.3999938964844,115.01000213623047
2018-11-28,1.1298797130584717,115.37999725341797,168.6999969482422,274.5799865722656,114.44999694824219
2018-11-29,1.1368545293807983,115.73999786376953,168.14999389648438,273.9800109863281,114.9000015258789
2018-11-30,1.1392766237258911,115.54000091552734,169.3699951171875,275.6499938964844,115.33000183105469
2018-12-03,1.1342240571975708,116.41000366210938,172.3300018310547,279.29998779296875,115.87999725341797
2018-12-04,1.135486125946045,117.12000274658203,165.72000122070312,270.25,117.81999969482422
2018-12-06,1.13490629196167,117.13999938964844,166.88999938964844,269.8399963378906,118.19000244140625
2018-12-07,1.1374752521514893,118.08999633789062,161.3800048828125,263.57000732421875,118.41000366210938
2018-12-10,1.1400948762893677,117.68000030517578,163.07000732421875,264.07000732421875,118.9000015258789
2018-12-11,1.1356538534164429,117.54000091552734,163.61000061035156,264.1300048828125,118.87999725341797
2018-12-12,1.1323105096817017,117.79000091552734,165.0500030517578,265.4599914550781,118.3499984741211
2018-12-13,1.1373459100723267,117.52999877929688,165.10000610351562,265.3699951171875,118.06999969482422
2018-12-14,1.1363636255264282,117.05999755859375,161.0800018310547,260.4700012207031,118.4800033569336
2018-12-17,1.1305949687957764,117.87000274658203,157.42999267578125,255.36000061035156,119.16999816894531
2018-12-18,1.1349835395812988,118.1500015258789,158.4199981689453,255.0800018310547,119.5999984741211
2018-12-19,1.1375399827957153,117.43000030517578,154.52999877929688,251.25999450683594,121.18000030517578
2018-12-20,1.1389521360397339,119.23999786376953,152.2899932861328,247.1699981689453,120.73999786376953
2018-12-21,1.1456853151321411,118.72000122070312,147.57000732421875,240.6999969482422,120.72000122070312
2018-12-24,1.1372811794281006,120.0199966430664,143.5,234.33999633789062,121.31999969482422
2018-12-26,1.1415525674819946,119.66000366210938,152.4600067138672,246.17999267578125,120.0199966430664
2018-12-27,1.1361312866210938,120.56999969482422,153.0500030517578,248.07000732421875,120.04000091552734
2018-12-28,1.143105387687683,121.05999755859375,152.97000122070312,247.75,121.05000305175781
2018-12-31,1.1439945697784424,121.25,154.25999450683594,249.9199981689453,121.51000213623047
2019-01-02,1.14617121219635,121.33000183105469,154.8800048828125,250.17999267578125,122.1500015258789
2019-01-03,1.1318106651306152,122.43000030517578,149.82000732421875,244.2100067138672,123.54000091552734
2019-01-04,1.1391078233718872,121.44000244140625,156.22999572753906,252.38999938964844,122.11000061035156
2019-01-07,1.1410444974899292,121.86000061035156,158.08999633789062,254.3800048828125,121.75
2019-01-08,1.1479737758636475,121.52999877929688,159.52000427246094,256.7699890136719,121.43000030517578
2019-01-09,1.1456066370010376,122.30999755859375,160.82000732421875,257.9700012207031,121.23999786376953
2019-01-10,1.1554949283599854,121.58999633789062,161.27999877929688,258.8800048828125,120.45999908447266
2019-01-11,1.151012897491455,121.80000305175781,160.69000244140625,258.9800109863281,120.93000030517578
2019-01-14,1.146013617515564,122.08999633789062,159.27000427246094,257.3999938964844,120.4800033569336
2019-01-15,1.1472889184951782,121.87999725341797,162.3800048828125,260.3500061035156,120.04000091552734
2019-01-16,1.1416828632354736,122.2699966430664,162.35000610351562,260.9800109863281,120.16000366210938
2019-01-17,1.1398088932037354,122.11000061035156,163.6300048828125,262.9599914550781,120.19000244140625
2019-01-18,1.13926362991333,121.0199966430664,165.25,266.4599914550781,119.55999755859375
2019-01-22,1.136932134628296,121.44999694824219,161.94000244140625,262.8599853515625,120.37000274658203
2019-01-23,1.1364023685455322,121.27999877929688,162.14999389648438,263.4100036621094,120.31999969482422
2019-01-24,1.1388224363327026,121.08999633789062,163.1999969482422,263.54998779296875,121.11000061035156
2019-01-25,1.1313496828079224,122.86000061035156,165.14999389648438,265.7799987792969,120.52999877929688
2019-01-28,1.1413049697875977,123.29000091552734,163.11000061035156,263.760009765625,120.41000366210938
2019-01-29,1.143000841140747,123.9800033569336,161.57000732421875,263.4100036621094,121.0199966430664
2019-01-30,1.1435366868972778,124.69000244140625,165.67999267578125,267.5799865722656,120.93000030517578
2019-01-31,1.1487650871276855,124.75,168.16000366210938,269.92999267578125,121.97000122070312
2019-02-01,1.1449507474899292,124.5,167.4499969482422,270.05999755859375,120.95999908447266
2019-02-04,1.1455278396606445,123.95999908447266,169.52999877929688,271.9599914550781,120.41999816894531
2019-02-05,1.1436283588409424,124.27999877929688,171.02999877929688,273.1000061035156,120.97000122070312
2019-02-06,1.140992522239685,123.44000244140625,170.52000427246094,272.739990234375,121.02999877929688
2019-02-07,1.1365960836410522,123.73999786376953,168.22999572753906,270.1400146484375,121.83000183105469
2019-02-08,1.1338768005371094,124.20999908447266,168.55999755859375,270.4700012207031,122.3499984741211
2019-02-11,1.1324259042739868,123.5999984741211,168.39999389648438,270.6199951171875,121.87000274658203
2019-02-12,1.1279042959213257,123.86000061035156,170.88999938964844,274.1000061035156,121.55999755859375
2019-02-13,1.1334655284881592,123.37000274658203,171.00999450683594,274.989990234375,121.0999984741211
2019-02-14,1.12649405002594,124.05999755859375,171.22000122070312,274.3800048828125,121.79000091552734
2019-02-15,1.1295350790023804,124.80000305175781,171.94000244140625,277.3699951171875,121.9800033569336
2019-02-19,1.131196141242981,126.69999694824219,172.27999877929688,277.8500061035156,122.29000091552734
2019-02-20,1.1343011856079102,126.4800033569336,172.25,278.4100036621094,121.94000244140625
2019-02-21,1.1346358060836792,125.05000305175781,171.6199951171875,277.4200134277344,120.8499984741211
2019-02-22,1.1343011856079102,125.5,172.88999938964844,279.1400146484375,121.56999969482422
2019-02-25,1.1342240571975708,125.37000274658203,173.52000427246094,279.5199890136719,121.20999908447266
2019-02-26,1.1367511749267578,125.58000183105469,173.6999969482422,279.32000732421875,121.80999755859375
2019-02-27,1.1393154859542847,124.69000244140625,173.58999633789062,279.20001220703125,120.43000030517578
2019-02-28,1.1380189657211304,123.98999786376953,173.19000244140625,278.67999267578125,120.0199966430664
2019-03-01,1.1373459100723267,121.87999725341797,174.38999938964844,280.4200134277344,118.66000366210938
2019-03-04,1.1375917196273804,121.55999755859375,174.4199981689453,279.3999938964844,119.58999633789062
2019-03-05,1.1337354183197021,121.72000122070312,174.5500030517578,279.0199890136719,119.83999633789062
2019-03-06,1.1307101249694824,121.61000061035156,173.55999755859375,277.3299865722656,120.27999877929688
2019-03-07,1.1314009428024292,121.51000213623047,171.42999267578125,275.010009765625,121.05999755859375
2019-03-08,1.1198333501815796,122.83999633789062,171.1699981689453,274.4599914550781,121.56999969482422
2019-03-11,1.1232421398162842,122.23999786376953,174.72999572753906,278.44000244140625,121.20999908447266
2019-03-12,1.1259232759475708,122.9800033569336,175.69000244140625,279.489990234375,122.05999755859375
2019-03-13,1.1287446022033691,123.83999633789062,177.00999450683594,281.3399963378906,121.83000183105469
2019-03-14,1.133105993270874,122.41000366210938,176.7100067138672,281.1600036621094,120.94999694824219
2019-03-15,1.1308379173278809,122.97000122070312,178.35000610351562,281.30999755859375,121.75
2019-03-18,1.1319772005081177,123.04000091552734,178.4499969482422,282.3299865722656,121.68000030517578
2019-03-19,1.133619785308838,123.37999725341797,179.0500030517578,282.3999938964844,121.41000366210938
2019-03-20,1.135486125946045,124.18000030517578,179.75999450683594,281.54998779296875,122.68000030517578
2019-03-21,1.1427918672561646,123.68000030517578,182.57000732421875,284.7300109863281,122.94999694824219
2019-03-22,1.1375011205673218,123.97000122070312,178.55999755859375,279.25,124.86000061035156
2019-03-25,1.129586100578308,124.91999816894531,178.22000122070312,279.0400085449219,125.05999755859375
2019-03-26,1.131580114364624,124.30000305175781,179.0500030517578,281.1199951171875,124.97000122070312
2019-03-27,1.127484679222107,123.6500015258789,177.89999389648438,279.6499938964844,126.12000274658203
2019-03-28,1.1251758337020874,121.9000015258789,178.30999755859375,280.7099914550781,126.55999755859375
2019-03-29,1.1230024099349976,122.01000213623047,179.66000366210938,282.4800109863281,126.44000244140625
2019-04-01,1.1223849058151245,121.52999877929688,182.0399932861328,285.8299865722656,124.37000274658203
2019-04-02,1.1205737590789795,121.9800033569336,182.72999572753906,285.9700012207031,124.5999984741211
2019-04-03,1.1203854084014893,121.80000305175781,183.77999877929688,286.4200134277344,123.5199966430664
2019-04-04,1.1246949434280396,122.11000061035156,183.7100067138672,287.17999267578125,123.87000274658203
2019-04-05,1.1225864887237549,121.9800033569336,184.66000366210938,288.57000732421875,124.02999877929688
2019-04-08,1.121956706047058,122.51000213623047,185.1300048828125,288.7900085449219,123.58999633789062
2019-04-09,1.1256444454193115,123.1500015258789,184.47999572753906,287.30999755859375,123.9800033569336
2019-04-10,1.126697063446045,123.52999877929688,185.47000122070312,288.2900085449219,124.27999877929688
2019-04-11,1.1276500225067139,121.94999694824219,185.02999877929688,288.2099914550781,123.55000305175781
2019-04-12,1.1260753870010376,121.83000183105469,185.8300018310547,290.1600036621094,122.66999816894531
2019-04-15,1.1305055618286133,121.5999984741211,185.86000061035156,289.9700012207031,122.9800033569336
2019-04-16,1.1304928064346313,120.51000213623047,186.5,290.1600036621094,122.20999908447266
2019-04-17,1.128502607345581,120.27999877929688,187.14999389648438,289.45001220703125,122.26000213623047
2019-04-18,1.129713773727417,120.37000274658203,187.38999938964844,290.0199890136719,122.9000015258789
2019-04-22,1.1244546175003052,120.37000274658203,187.9199981689453,290.2699890136719,122.30999755859375
2019-04-23,1.1258978843688965,120.12000274658203,190.30999755859375,292.8800048828125,122.56999969482422
2019-04-24,1.122435212135315,120.47000122070312,189.7100067138672,292.2300109863281,123.56999969482422
2019-04-25,1.1153494119644165,120.56999969482422,190.47999572753906,292.04998779296875,123.38999938964844
2019-04-26,1.113684892654419,121.37000274658203,190.64999389648438,293.4100036621094,123.80999755859375
2019-04-29,1.1150261163711548,120.83000183105469,191.02000427246094,293.8699951171875,123.0199966430664
2019-04-30,1.1185182332992554,121.19999694824219,189.5399932861328,294.0199890136719,123.6500015258789
2019-05-01,1.121604323387146,120.4000015258789,188.92999267578125,291.80999755859375,123.9000015258789
2019-05-02,1.1200841665267944,119.94000244140625,188.11000061035156,291.17999267578125,123.30999755859375
2019-05-03,1.1173559427261353,120.6500015258789,191.11000061035156,294.0299987792969,123.66000366210938
2019-05-06,1.1185808181762695,120.80999755859375,189.94000244140625,292.82000732421875,124.0
2019-05-07,1.1201846599578857,121.20999908447266,186.24000549316406,287.92999267578125,124.94999694824219
2019-05-08,1.1191065311431885,120.91000366210938,185.77000427246094,287.5299987792969,124.41000366210938
2019-05-09,1.1198333501815796,121.19999694824219,184.77000427246094,286.6600036621094,124.91999816894531
2019-05-10,1.1222084760665894,121.43000030517578,185.0,288.1000061035156,124.75
2019-05-13,1.1236460208892822,122.66999816894531,178.5800018310547,280.8599853515625,125.7300033569336
2019-05-14,1.1232547760009766,122.45999908447266,180.5399932861328,283.3999938964844,125.36000061035156
2019-05-15,1.1204482316970825,122.38999938964844,183.08999633789062,285.05999755859375,126.12999725341797
2019-05-16,1.1207244396209717,121.51000213623047,184.92999267578125,287.70001220703125,125.70999908447266
2019-05-17,1.1173559427261353,120.6500015258789,183.0399932861328,285.8399963378906,125.98999786376953
2019-05-20,1.1165324449539185,120.63999938964844,179.9499969482422,283.95001220703125,125.7300033569336
2019-05-21,1.1168566942214966,120.36000061035156,181.8300018310547,286.510009765625,125.52999877929688
2019-05-23,1.1155484914779663,121.16999816894531,178.25,282.1400146484375,127.66999816894531
2019-05-24,1.1184556484222412,121.30000305175781,178.16000366210938,282.7799987792969,127.77999877929688
2019-05-28,1.1193821430206299,120.83000183105469,177.49000549316406,280.1499938964844,128.6999969482422
2019-05-29,1.1170687675476074,120.87000274658203,176.02999877929688,278.2699890136719,129.08999633789062
2019-05-30,1.1137346029281616,121.69000244140625,176.77000427246094,279.0299987792969,130.1999969482422
2019-05-31,1.1131147146224976,123.33000183105469,173.9499969482422,275.2699890136719,131.8300018310547
2019-06-03,1.1174057722091675,125.11000061035156,170.1199951171875,274.57000732421875,132.44000244140625
2019-06-04,1.124631643295288,125.1500015258789,174.91000366210938,280.5299987792969,130.92999267578125
2019-06-05,1.1254037618637085,125.47000122070312,176.2100067138672,282.9599914550781,130.19000244140625
2019-06-06,1.1229015588760376,125.87999725341797,177.61000061035156,284.79998779296875,130.61000061035156
2019-06-07,1.1276500225067139,126.58999633789062,181.0399932861328,287.6499938964844,131.74000549316406
2019-06-10,1.1320157051086426,125.33000183105469,183.14999389648438,288.9700012207031,130.5
2019-06-11,1.1318106651306152,125.18000030517578,183.39999389648438,288.8999938964844,130.5800018310547
2019-06-12,1.1329518556594849,125.83000183105469,182.33999633789062,288.3900146484375,130.67999267578125
2019-06-13,1.1295605897903442,126.5999984741211,183.4199981689453,289.5799865722656,131.1300048828125
2019-06-14,1.1280443668365479,126.55999755859375,182.63999938964844,289.260009765625,131.4600067138672
2019-06-17,1.1217050552368164,126.4800033569336,183.74000549316406,289.3699951171875,131.69000244140625
2019-06-18,1.1224603652954102,127.12000274658203,186.41000366210938,292.3999938964844,132.35000610351562
2019-06-19,1.1198208332061768,127.88999938964844,187.11000061035156,293.05999755859375,132.5399932861328
2019-06-20,1.1238480806350708,131.11000061035156,188.85000610351562,295.8599853515625,132.88999938964844
2019-06-21,1.1295605897903442,131.97999572753906,188.57000732421875,294.0,131.42999267578125
2019-06-24,1.1384724378585815,133.94000244140625,188.16000366210938,293.6400146484375,132.41000366210938
2019-06-25,1.140029788017273,134.1999969482422,184.92999267578125,290.760009765625,132.82000732421875
2019-06-26,1.1369967460632324,132.97000122070312,185.7899932861328,290.4700012207031,131.97000122070312
2019-06-27,1.1374752521514893,132.83999633789062,186.5,291.5,132.89999389648438
2019-06-28,1.1372941732406616,133.1999969482422,186.74000549316406,293.0,132.80999755859375
2019-07-01,1.1364928483963013,130.6199951171875,189.25999450683594,295.6600036621094,132.24000549316406
2019-07-02,1.1287446022033691,133.41000366210938,190.00999450683594,296.42999267578125,133.25999450683594
2019-07-03,1.1293054819107056,133.6300048828125,191.44000244140625,298.79998779296875,134.2100067138672
2019-07-05,1.128579020500183,132.13999938964844,191.0500030517578,298.4599914550781,132.42999267578125
2019-07-08,1.1227376461029053,131.2899932861328,189.7100067138672,296.82000732421875,132.61000061035156
2019-07-09,1.121604323387146,131.75,190.66000366210938,297.19000244140625,132.55999755859375
2019-07-10,1.120824933052063,133.8300018310547,192.55999755859375,298.6099853515625,131.8300018310547
2019-07-11,1.125885248184204,132.6999969482422,192.4199981689453,299.30999755859375,130.07000732421875
2019-07-12,1.1252391338348389,133.52999877929688,193.52999877929688,300.6499938964844,130.22000122070312
2019-07-15,1.1272051334381104,133.52999877929688,194.14999389648438,300.75,130.97000122070312
2019-07-16,1.1261768341064453,132.39999389648438,193.14999389648438,299.7799987792969,130.5800018310547
2019-07-17,1.1212271451950073,134.5800018310547,192.1999969482422,297.739990234375,131.99000549316406
2019-07-18,1.12296462059021,136.47999572753906,192.4199981689453,298.8299865722656,132.0
2019-07-19,1.1261515617370605,134.47000122070312,191.00999450683594,297.1700134277344,131.69000244140625
2019-07-22,1.1218308210372925,134.4499969482422,192.52999877929688,297.8999938964844,131.94000244140625
2019-07-23,1.1206114292144775,133.69000244140625,193.7899932861328,300.0299987792969,131.22000122070312
2019-07-24,1.1151255369186401,134.3699951171875,195.14999389648438,301.44000244140625,131.7899932861328
2019-07-25,1.1142433881759644,133.4199981689453,193.3000030517578,300.0,131.16000366210938
2019-07-26,1.1146159172058105,133.63999938964844,195.2899932861328,302.010009765625,131.47000122070312
2019-07-29,1.1132138967514038,134.52999877929688,194.6199951171875,301.4599914550781,131.50999450683594
2019-07-30,1.1143054962158203,134.97999572753906,193.77999877929688,300.7200012207031,131.8300018310547
2019-07-31,1.1157974004745483,133.2100067138672,191.10000610351562,297.42999267578125,132.88999938964844
2019-08-01,1.1071745157241821,136.41000366210938,190.14999389648438,294.8399963378906,135.25999450683594
2019-08-02,1.1078859567642212,135.88999938964844,187.35000610351562,292.6199951171875,136.50999450683594
2019-08-05,1.1108025312423706,137.7899932861328,180.72999572753906,283.82000732421875,138.8699951171875
2019-08-06,1.1243788003921509,138.91000366210938,183.25999450683594,287.79998779296875,139.97999572753906
2019-08-07,1.1206992864608765,141.02000427246094,184.25,287.9700012207031,140.02999877929688
2019-08-08,1.1204355955123901,141.72999572753906,188.25999450683594,293.6199951171875,140.3300018310547
2019-08-09,1.1187183856964111,141.25999450683594,186.49000549316406,291.6199951171875,140.0500030517578
2019-08-12,1.1208499670028687,142.6300048828125,184.35000610351562,288.07000732421875,142.97000122070312
2019-08-13,1.1218308210372925,141.77999877929688,188.38999938964844,292.54998779296875,142.47999572753906
2019-08-14,1.1177055835723877,142.75,182.75999450683594,283.8999938964844,145.69000244140625
2019-08-15,1.1143302917480469,143.6999969482422,182.5500030517578,284.6499938964844,147.30999755859375
2019-08-16,1.1113580465316772,142.77999877929688,185.47999572753906,288.8500061035156,146.1300048828125
2019-08-19,1.109385371208191,141.11000061035156,188.42999267578125,292.3299865722656,144.0399932861328
2019-08-20,1.1083157062530518,142.2100067138672,186.97000122070312,290.0899963378906,145.52999877929688
2019-08-21,1.1097793579101562,141.75999450683594,188.6300048828125,292.45001220703125,144.55999755859375
2019-08-22,1.10907781124115,141.39999389648438,188.02000427246094,292.3599853515625,143.60000610351562
2019-08-23,1.1084016561508179,144.1699981689453,182.07000732421875,284.8500061035156,145.9600067138672
2019-08-26,1.1143054962158203,144.19000244140625,184.82000732421875,288.0,145.3699951171875
2019-08-27,1.1103708744049072,145.57000732421875,184.42999267578125,286.8699951171875,147.61000061035156
2019-08-28,1.109004020690918,145.16000366210938,185.08999633789062,288.8900146484375,147.8000030517578
2019-08-29,1.1085859537124634,144.1199951171875,187.9199981689453,292.5799865722656,147.24000549316406
2019-08-30,1.1061947345733643,143.75,187.47000122070312,292.45001220703125,147.27999877929688
2019-09-03,1.0968520641326904,145.75,185.64999389648438,290.739990234375,147.2100067138672
2019-09-04,1.0974539518356323,146.66000366210938,188.3300018310547,294.0400085449219,147.42999267578125
2019-09-05,1.10349702835083,143.13999938964844,191.77999877929688,297.82000732421875,144.75999450683594
2019-09-06,1.1036310195922852,141.9199981689453,191.58999633789062,298.04998779296875,145.7899932861328
2019-09-09,1.1020619869232178,141.38999938964844,191.19000244140625,298.20001220703125,143.1999969482422
2019-09-10,1.1048381328582764,140.17999267578125,190.63999938964844,298.1300048828125,140.69000244140625
2019-09-11,1.1050333976745605,141.02999877929688,192.42999267578125,300.25,140.44000244140625
2019-09-12,1.1013457775115967,141.32000732421875,193.22999572753906,301.2900085449219,139.52000427246094
2019-09-13,1.1058276891708374,140.14999389648438,192.5399932861328,301.0899963378906,136.5399932861328
2019-09-16,1.1083402633666992,141.32000732421875,191.67999267578125,300.1600036621094,138.27999877929688
2019-09-17,1.100594401359558,141.60000610351562,192.60000610351562,300.9200134277344,139.02999877929688
2019-09-18,1.1074687242507935,140.7100067138672,192.52000427246094,301.1000061035156,139.6199951171875
2019-09-19,1.1031439304351807,141.27999877929688,192.83999633789062,301.0799865722656,140.0399932861328
2019-09-20,1.1048502922058105,142.9499969482422,190.8000030517578,298.2799987792969,141.88999938964844
2019-09-23,1.1019041538238525,143.75,190.5,298.2099914550781,141.86000061035156
2019-09-24,1.0993722677230835,144.50999450683594,187.97000122070312,295.8699951171875,143.57000732421875
2019-09-25,1.1016855239868164,141.8300018310547,190.0800018310547,297.6199951171875,141.47000122070312
2019-09-26,1.0952903032302856,141.7899932861328,189.3800048828125,297.0,142.3800048828125
2019-09-27,1.0922753810882568,141.05999755859375,187.02999877929688,295.3999938964844,142.72999572753906
2019-09-30,1.0942714214324951,138.8699951171875,188.80999755859375,296.7699890136719,143.0800018310547
2019-10-01,1.0899657011032104,139.6300048828125,187.27000427246094,293.239990234375,143.25999450683594
2019-10-02,1.0934937000274658,141.25999450683594,184.0500030517578,288.05999755859375,143.61000061035156
2019-10-03,1.0963709354400635,141.89999389648438,186.07000732421875,290.4200134277344,144.9199981689453
2019-10-04,1.0975382328033447,141.89999389648438,188.80999755859375,294.3500061035156,145.99000549316406
2019-10-07,1.098659634590149,140.69000244140625,188.24000549316406,293.0799865722656,144.77999877929688
2019-10-08,1.0972130298614502,141.9199981689453,185.4199981689453,288.5299987792969,145.1699981689453
2019-10-09,1.0960105657577515,142.0500030517578,187.22999572753906,291.2699890136719,144.35000610351562
2019-10-10,1.0987803936004639,140.80999755859375,188.67999267578125,293.239990234375,142.1999969482422
2019-10-11,1.1011033058166504,140.02999877929688,191.11000061035156,296.2799987792969,140.44000244140625
2019-10-14,1.1030004024505615,140.58999633789062,191.08999633789062,295.95001220703125,141.4600067138672
2019-10-15,1.1029006242752075,139.61000061035156,193.52000427246094,298.8800048828125,139.75
2019-10-16,1.1034727096557617,140.41000366210938,193.0399932861328,298.3999938964844,139.9199981689453
2019-10-17,1.107493281364441,140.61000061035156,193.5500030517578,299.2799987792969,139.5800018310547
2019-10-18,1.1127183437347412,140.4600067138672,191.69000244140625,297.9700012207031,139.5800018310547
2019-10-21,1.1155734062194824,139.7899932861328,193.38999938964844,299.989990234375,138.52999877929688
2019-10-22,1.1151753664016724,140.1999969482422,191.85000610351562,299.010009765625,139.33999633789062
2019-10-23,1.112928867340088,140.52999877929688,192.22000122070312,299.8800048828125,139.47999572753906
2019-10-24,1.1132385730743408,141.52999877929688,194.08999633789062,300.3699951171875,139.1999969482422
2019-10-25,1.1103955507278442,141.86000061035156,195.63999938964844,301.6000061035156,138.52000427246094
2019-10-28,1.1084262132644653,140.63999938964844,197.57000732421875,303.29998779296875,137.25999450683594
2019-10-29,1.1099148988723755,140.25,196.0399932861328,303.2099914550781,137.35000610351562
2019-10-30,1.1114816665649414,141.02000427246094,196.99000549316406,304.1400146484375,139.36000061035156
2019-10-31,1.1154489517211914,142.42999267578125,197.0800018310547,303.3299865722656,141.24000549316406
2019-11-01,1.1157102584838867,142.55999755859375,198.8699951171875,306.1400146484375,140.55999755859375
2019-11-04,1.1166571378707886,142.14999389648438,200.10000610351562,307.3699951171875,138.7100067138672
2019-11-05,1.1128545999526978,139.85000610351562,200.2100067138672,307.0299987792969,137.14999389648438
2019-11-06,1.107419729232788,140.4499969482422,199.75999450683594,307.1000061035156,137.97999572753906
2019-11-07,1.1070396900177002,138.27000427246094,200.42999267578125,308.17999267578125,135.47999572753906
2019-11-08,1.1019697189331055,137.38999938964844,201.22999572753906,308.94000244140625,134.91000366210938
2019-11-11,1.102244257926941,137.05999755859375,200.9600067138672,308.3500061035156,135.0
2019-11-12,1.1035456657409668,137.42999267578125,201.5399932861328,309.0,135.6199951171875
2019-11-13,1.1012367010116577,137.97999572753906,201.58999633789062,309.1000061035156,136.5
2019-11-14,1.1013215780258179,138.55999755859375,201.42999267578125,309.54998779296875,137.91000366210938
2019-11-15,1.1020498275756836,138.2100067138672,202.91000366210938,311.7900085449219,137.75999450683594
2019-11-18,1.105509877204895,138.6199951171875,203.07000732421875,312.0199890136719,138.00999450683594
2019-11-19,1.1072357892990112,138.69000244140625,203.3699951171875,311.92999267578125,139.16000366210938
2019-11-20,1.1080001592636108,138.75999450683594,202.14999389648438,310.7699890136719,140.60000610351562
2019-11-21,1.1078859567642212,138.0,201.6999969482422,310.2699890136719,139.72000122070312
2019-11-22,1.1065863370895386,137.74000549316406,201.8300018310547,310.9599914550781,139.89999389648438
2019-11-25,1.1022562980651855,137.0800018310547,204.22000122070312,313.3699951171875,140.30999755859375
2019-11-26,1.1014429330825806,137.74000549316406,204.61000061035156,314.0799865722656,141.1300048828125
2019-11-27,1.1022562980651855,137.00999450683594,206.0399932861328,315.4800109863281,140.72000122070312
2019-11-29,1.101176142692566,137.86000061035156,205.10000610351562,314.30999755859375,140.4199981689453
2019-12-02,1.1019041538238525,137.7899932861328,203.0,311.6400146484375,138.30999755859375
2019-12-03,1.1079105138778687,139.11000061035156,201.41000366210938,309.54998779296875,141.2100067138672
2019-12-04,1.1085245609283447,138.9199981689453,202.42999267578125,311.4599914550781,139.8000030517578
2019-12-05,1.108303427696228,139.0,202.8300018310547,312.0199890136719,139.1199951171875
2019-12-06,1.1105434894561768,137.6199951171875,205.0,314.8699951171875,138.35000610351562
2019-12-09,1.105888843536377,137.5800018310547,204.07000732421875,313.8800048828125,138.64999389648438
2019-12-10,1.106499433517456,137.97000122070312,203.89999389648438,313.5299987792969,138.66000366210938
2019-12-11,1.1092746257781982,138.9199981689453,204.97999572753906,314.4200134277344,139.75
2019-12-12,1.1135857105255127,138.42999267578125,206.50999450683594,317.1300048828125,137.4499969482422
2019-12-13,1.1186057329177856,139.0500030517578,207.19000244140625,317.32000732421875,139.0399932861328
2019-12-16,1.1124460697174072,139.0399932861328,209.27000427246094,319.5,137.7899932861328
2019-12-17,1.1136974096298218,139.00999450683594,209.38999938964844,319.57000732421875,137.60000610351562
2019-12-18,1.115138053894043,139.02000427246094,209.5500030517578,319.5899963378906,136.47000122070312
2019-12-19,1.1115927696228027,139.3800048828125,210.86000061035156,320.8999938964844,136.47000122070312
2019-12-20,1.1125946044921875,139.52000427246094,211.7100067138672,320.7300109863281,136.64999389648438
2019-12-23,1.1079840660095215,139.9499969482422,211.80999755859375,321.2200012207031,136.4499969482422
2019-12-24,1.109385371208191,141.27000427246094,211.9199981689453,321.2300109863281,136.83999633789062
2019-12-26,1.1095454692840576,142.3800048828125,213.7899932861328,322.94000244140625,137.1699981689453
2019-12-27,1.110111951828003,142.3300018310547,213.61000061035156,322.8599853515625,137.32000732421875
2019-12-30,1.1182304620742798,142.6300048828125,212.2100067138672,321.0799865722656,136.82000732421875
2019-12-31,1.120229721069336,142.89999389648438,212.61000061035156,321.8599853515625,135.47999572753906
2020-01-02,1.1220825910568237,143.9499969482422,216.16000366210938,324.8699951171875,137.00999450683594
2020-01-03,1.1171437501907349,145.86000061035156,214.17999267578125,322.4100036621094,139.1199951171875
2020-01-06,1.1161960363388062,147.38999938964844,215.55999755859375,323.6400146484375,138.3300018310547
2020-01-07,1.1197994947433472,147.97000122070312,215.52999877929688,322.7300109863281,137.64999389648438
2020-01-08,1.1154738664627075,146.86000061035156,217.14999389648438,324.45001220703125,136.74000549316406
2020-01-09,1.1113210916519165,146.02999877929688,218.99000549316406,326.6499938964844,137.22000122070312
2020-01-10,1.1111111640930176,146.91000366210938,218.42999267578125,325.7099914550781,138.44000244140625
2020-01-13,1.1116669178009033,145.82000732421875,220.9499969482422,327.95001220703125,138.02000427246094
2020-01-14,1.1135733127593994,145.69000244140625,220.0800018310547,327.45001220703125,138.72999572753906
2020-01-15,1.113089919090271,146.5399932861328,220.1699981689453,328.19000244140625,139.64999389648438
2020-01-16,1.1154004335403442,146.30999755859375,222.27999877929688,330.9200134277344,139.2100067138672
2020-01-17,1.1139578819274902,146.5800018310547,223.3800048828125,331.95001220703125,138.02000427246094
2020-01-21,1.109693169593811,146.74000549316406,223.27999877929688,331.29998779296875,139.47000122070312
2020-01-22,1.108561396598816,146.7899932861328,223.8699951171875,331.3399963378906,139.9600067138672
2020-01-23,1.1096439361572266,147.1199951171875,224.58999633789062,331.7200012207031,140.94000244140625
2020-01-24,1.1055220365524292,147.97999572753906,222.6999969482422,328.7699890136719,142.0800018310547
2020-01-27,1.1025358438491821,148.99000549316406,218.10000610351562,323.5,144.2899932861328
2020-01-28,1.101976990699768,147.66000366210938,221.4499969482422,326.8900146484375,143.16000366210938
2020-01-29,1.1022562980651855,148.4600067138672,221.80999755859375,326.6199951171875,144.55999755859375
2020-01-30,1.1016855239868164,148.47000122070312,222.60000610351562,327.67999267578125,144.5800018310547
2020-01-31,1.1029127836227417,149.3300018310547,219.07000732421875,321.7300109863281,145.89999389648438
2020-02-03,1.1089794635772705,148.36000061035156,222.3800048828125,324.1199951171875,145.5399932861328
2020-02-04,1.1062926054000854,146.42999267578125,227.47000122070312,329.05999755859375,143.5800018310547
2020-02-05,1.1047282218933105,146.61000061035156,228.22000122070312,332.8599853515625,142.00999450683594
2020-02-06,1.1002310514450073,147.39999389648438,230.19000244140625,333.9800109863281,142.64999389648438
2020-02-07,1.0982975959777832,147.7899932861328,229.1999969482422,332.20001220703125,144.42999267578125
2020-02-10,1.0949305295944214,148.1699981689453,231.97000122070312,334.67999267578125,144.8300018310547
2020-02-11,1.0913456678390503,147.66000366210938,232.00999450683594,335.260009765625,144.10000610351562
2020-02-12,1.091941475868225,147.5399932861328,234.27000427246094,337.4200134277344,143.3699951171875
2020-02-13,1.0875948667526245,148.3800048828125,233.97000122070312,337.05999755859375,143.9199981689453
2020-02-14,1.0845986604690552,149.0,234.63999938964844,337.6000061035156,144.5500030517578
2020-02-18,1.0840108394622803,150.91000366210938,234.72999572753906,336.7300109863281,145.5399932861328
2020-02-19,1.079540491104126,151.7899932861328,236.97999572753906,338.3399963378906,145.52999877929688
2020-02-20,1.081009864807129,152.41000366210938,234.77999877929688,336.95001220703125,146.6699981689453
2020-02-21,1.078799843788147,154.6999969482422,230.27000427246094,333.4800109863281,148.0399932861328
2020-02-24,1.0839051008224487,156.08999633789062,221.38999938964844,322.4200134277344,150.25
2020-02-25,1.0849199295043945,153.3000030517578,215.3699951171875,312.6499938964844,151.0500030517578
2020-02-26,1.0881996154785156,153.97000122070312,216.47999572753906,311.5,150.25
2020-02-27,1.0885894298553467,154.0,205.63999938964844,297.510009765625,151.8800048828125
2020-02-28,1.0997228622436523,148.3800048828125,205.8000030517578,296.260009765625,155.30999755859375
2020-03-02,1.1051311492919922,149.1999969482422,216.4199981689453,309.0899963378906,153.94000244140625
2020-03-03,1.1144047975540161,153.88999938964844,209.47999572753906,300.239990234375,156.3300018310547
2020-03-04,1.118067979812622,154.16000366210938,218.22000122070312,312.8599853515625,154.6699981689453
2020-03-05,1.113908290863037,157.49000549316406,211.58999633789062,302.4599914550781,158.52000427246094
2020-03-06,1.1223849058151245,157.5500030517578,208.02000427246094,297.4599914550781,166.77000427246094
2020-03-09,1.1386020183563232,157.80999755859375,193.57000732421875,274.2300109863281,171.2899932861328
2020-03-10,1.1397960186004639,154.47999572753906,204.11000061035156,288.4200134277344,162.50999450683594
2020-03-11,1.1316505670547485,153.92999267578125,195.22000122070312,274.3599853515625,156.52999877929688
2020-03-12,1.1261515617370605,147.7899932861328,177.32000732421875,248.11000061035156,157.5
2020-03-13,1.1184931993484497,143.27999877929688,192.33999633789062,269.32000732421875,153.94000244140625
2020-03-16,1.115536093711853,141.63999938964844,169.3000030517578,239.85000610351562,163.91000366210938
2020-03-17,1.1163206100463867,143.55999755859375,182.13999938964844,252.8000030517578,152.97999572753906
2020-03-18,1.101552128791809,140.6999969482422,176.60000610351562,240.0,144.35000610351562
2020-03-19,1.0961546897888184,138.0399932861328,177.66000366210938,240.50999450683594,148.27999877929688
2020-03-20,1.0657345056533813,140.11000061035156,170.6999969482422,228.8000030517578,159.42999267578125
2020-03-23,1.0694386959075928,146.3000030517578,170.4600067138672,222.9499969482422,166.0
2020-03-24,1.0764610767364502,153.39999389648438,183.66000366210938,243.14999389648438,162.91000366210938
2020-03-25,1.080263614654541,151.3000030517578,182.3000030517578,246.7899932861328,162.5399932861328
2020-03-26,1.0889569520950317,153.24000549316406,191.89999389648438,261.20001220703125,163.33999633789062
2020-03-27,1.1048258543014526,152.25,185.3000030517578,253.4199981689453,167.6999969482422
2020-03-30,1.113908290863037,152.9199981689453,192.0399932861328,261.6499938964844,166.32000732421875
2020-03-31,1.1030466556549072,148.0500030517578,190.39999389648438,257.75,164.97000122070312
2020-04-01,1.102657437324524,149.4499969482422,182.30999755859375,246.14999389648438,167.0399932861328
2020-04-02,1.0953621864318848,151.89999389648438,186.00999450683594,251.8300018310547,168.10000610351562
2020-04-03,1.0847399234771729,152.64999389648438,183.3699951171875,248.19000244140625,168.5
2020-04-06,1.0806955099105835,156.8800048828125,196.47999572753906,264.8599853515625,168.05999755859375
2020-04-07,1.0803803205490112,156.0399932861328,196.39999389648438,265.1300048828125,166.3000030517578
2020-04-08,1.0895144939422607,154.64999389648438,200.57000732421875,274.0299987792969,165.08999633789062
2020-04-09,1.0863661766052246,158.69000244140625,200.86000061035156,278.20001220703125,165.38999938964844
2020-04-13,1.0932666063308716,161.41000366210938,203.02999877929688,275.6600036621094,163.8800048828125
2020-04-14,1.0922993421554565,162.67999267578125,211.86000061035156,283.7900085449219,163.83999633789062
2020-04-15,1.098538875579834,161.85000610351562,209.42999267578125,277.760009765625,168.17999267578125
2020-04-16,1.0905101299285889,161.7100067138672,213.25,279.1000061035156,170.08999633789062
2020-04-17,1.0858471393585205,158.57000732421875,215.2899932861328,286.6400146484375,167.80999755859375
2020-04-20,1.0866966247558594,159.6999969482422,212.74000549316406,281.5899963378906,169.16000366210938
2020-04-21,1.0864840745925903,158.61000061035156,204.88999938964844,273.0400085449219,171.2899932861328
2020-04-22,1.0856467485427856,161.72999572753906,210.97000122070312,279.1000061035156,169.5399932861328
2020-04-23,1.080964207649231,163.33999633789062,210.52000427246094,279.0799865722656,170.44000244140625
2020-04-24,1.077702283859253,162.63999938964844,213.83999633789062,282.9700012207031,170.83999633789062
2020-04-27,1.08236825466156,161.55999755859375,215.55999755859375,287.04998779296875,167.66000366210938
2020-04-28,1.0824854373931885,160.83999633789062,211.5,285.7300109863281,169.58999633789062
2020-04-29,1.0836584568023682,161.72999572753906,219.0,293.2099914550781,168.7100067138672
2020-04-30,1.087725043296814,158.8000030517578,218.91000366210938,290.4800109863281,166.74000549316406
2020-05-01,1.094546914100647,159.77999877929688,212.74000549316406,282.7900085449219,167.9499969482422
2020-05-04,1.0959625244140625,160.33999633789062,215.22000122070312,283.57000732421875,167.16000366210938
2020-05-05,1.0904293060302734,161.02000427246094,217.66000366210938,286.19000244140625,166.08999633789062
2020-05-06,1.0838581323623657,158.9499969482422,219.0,284.25,163.41000366210938
2020-05-07,1.0798553228378296,161.38999938964844,221.82000732421875,287.67999267578125,166.13999938964844
2020-05-08,1.0837171077728271,160.4199981689453,224.86000061035156,292.44000244140625,163.97999572753906
2020-05-11,1.0839520692825317,159.4199981689453,226.8699951171875,292.5,162.6999969482422
2020-05-12,1.080940842628479,160.0399932861328,222.1199951171875,286.6700134277344,164.3699951171875
2020-05-13,1.0846810340881348,161.5800018310547,219.33999633789062,281.6000061035156,165.52000427246094
2020-05-14,1.08236825466156,163.00999450683594,221.8300018310547,284.9700012207031,167.13999938964844
2020-05-15,1.0806955099105835,163.92999267578125,223.27000427246094,286.2799987792969,166.7100067138672
2020-05-18,1.0821340084075928,162.69000244140625,227.42999267578125,295.0,163.0500030517578
2020-05-19,1.0915124416351318,164.25999450683594,226.86000061035156,291.9700012207031,163.66000366210938
2020-05-20,1.0927767753601074,164.64999389648438,231.38999938964844,296.92999267578125,164.14999389648438
2020-05-21,1.0982975959777832,162.25,228.8699951171875,294.8800048828125,164.55999755859375
2020-05-22,1.0952903032302856,163.2100067138672,229.66000366210938,295.44000244140625,165.5500030517578
2020-05-26,1.0902997255325317,160.88999938964844,229.0399932861328,299.0799865722656,163.3300018310547
2020-05-27,1.0981770753860474,161.17999267578125,230.2899932861328,303.5299987792969,163.02999877929688
2020-05-28,1.1016855239868164,161.72000122070312,229.99000549316406,302.9700012207031,162.42999267578125
2020-05-29,1.1079105138778687,162.91000366210938,233.36000061035156,304.32000732421875,163.58999633789062
2020-06-01,1.1118524074554443,163.66000366210938,234.05999755859375,305.54998779296875,162.27999877929688
2020-06-02,1.1125946044921875,162.60000610351562,235.6300048828125,308.0799865722656,161.69000244140625
2020-06-03,1.118943691253662,159.60000610351562,236.69000244140625,312.17999267578125,159.5399932861328
2020-06-04,1.1235954761505127,161.27999877929688,235.02999877929688,311.3599853515625,157.22999572753906
2020-06-05,1.1337867975234985,158.00999450683594,239.69000244140625,319.3399963378906,156.11000061035156
2020-06-08,1.1319515705108643,159.72000122070312,241.5500030517578,323.20001220703125,156.7100067138672
2020-06-09,1.1305567026138306,161.25999450683594,243.3000030517578,320.7900085449219,158.49000549316406
2020-06-10,1.1332215070724487,163.57000732421875,246.22000122070312,319.0,160.83999633789062
2020-06-11,1.1365444660186768,162.38999938964844,234.02000427246094,300.6099853515625,163.8800048828125
2020-06-12,1.1288082599639893,162.6199951171875,235.8800048828125,304.2099914550781,162.3000030517578
2020-06-15,1.1252011060714722,162.3300018310547,238.75,307.04998779296875,162.38999938964844
2020-06-16,1.1337740421295166,162.25,242.85000610351562,312.9599914550781,159.89999389648438
2020-06-17,1.1265701055526733,162.55999755859375,243.6199951171875,311.6600036621094,160.55999755859375
2020-06-18,1.1242902278900146,162.24000549316406,244.27999877929688,311.7799987792969,162.25999450683594
2020-06-19,1.1211000680923462,164.02999877929688,244.24000549316406,308.6400146484375,162.38999938964844
2020-06-22,1.1177555322647095,165.08999633789062,246.74000549316406,310.6199951171875,162.41000366210938
2020-06-23,1.1279679536819458,166.47999572753906,248.83999633789062,312.04998779296875,161.3000030517578
2020-06-24,1.1312345266342163,165.89999389648438,243.7100067138672,304.0899963378906,163.02999877929688
2020-06-25,1.1250872611999512,165.8000030517578,246.02999877929688,307.3500061035156,163.5
2020-06-26,1.1222084760665894,166.5399932861328,240.22000122070312,300.04998779296875,165.25
2020-06-29,1.1225864887237549,166.6300048828125,242.83999633789062,304.4599914550781,164.72999572753906
2020-06-30,1.1247202157974243,167.3699951171875,247.60000610351562,308.3599853515625,163.92999267578125
2020-07-01,1.1235954761505127,166.6199951171875,250.49000549316406,310.5199890136719,163.4199981689453
2020-07-02,1.1251378059387207,166.97999572753906,252.19000244140625,312.2300109863281,163.58999633789062
2020-07-06,1.1247202157974243,167.97999572753906,258.3900146484375,317.04998779296875,162.9199981689453
2020-07-07,1.1312856674194336,169.0399932861328,256.6099853515625,313.7799987792969,165.2100067138672
2020-07-08,1.1275228261947632,170.08999633789062,259.989990234375,316.17999267578125,164.5500030517578
2020-07-09,1.1339154243469238,169.6300048828125,262.17999267578125,314.3800048828125,167.1699981689453
2020-07-10,1.1287955045700073,169.19000244140625,263.9700012207031,317.5899963378906,166.3300018310547
2020-07-13,1.1310042142868042,169.39999389648438,258.5400085449219,314.8399963378906,166.8800048828125
2020-07-14,1.134549617767334,170.19000244140625,260.3699951171875,318.9200134277344,167.1199951171875
2020-07-15,1.1410704851150513,170.33999633789062,260.8999938964844,321.8500061035156,166.33999633789062
2020-07-16,1.1417193412780762,168.72999572753906,259.1199951171875,320.7900085449219,167.1300048828125
2020-07-17,1.139211654663086,170.1199951171875,259.4200134277344,321.7200012207031,166.77999877929688
2020-07-20,1.1442956924438477,170.94000244140625,266.7799987792969,324.32000732421875,167.19000244140625
2020-07-21,1.1458691358566284,173.0,264.0,325.010009765625,167.2899932861328
2020-07-22,1.15340256690979,175.6300048828125,264.92999267578125,326.8599853515625,167.7899932861328
2020-07-23,1.1568717956542969,177.17999267578125,258.010009765625,322.9599914550781,169.75
2020-07-24,1.1596084833145142,178.6999969482422,255.55999755859375,320.8800048828125,169.74000549316406
2020-07-27,1.1652567386627197,182.22999572753906,260.1199951171875,323.2200012207031,169.11000061035156
2020-07-28,1.1769275665283203,183.75,256.80999755859375,321.1700134277344,170.27999877929688
2020-07-29,1.171879529953003,185.1300048828125,259.7699890136719,325.1199951171875,169.99000549316406
2020-07-30,1.1782865524291992,183.75999450683594,261.1300048828125,323.9599914550781,171.11000061035156
2020-07-31,1.1872254610061646,185.42999267578125,265.7900085449219,326.5199890136719,171.0
2020-08-03,1.1782310009002686,185.63999938964844,269.3800048828125,328.7900085449219,169.9499969482422
2020-08-04,1.1763322353363037,189.58999633789062,270.3800048828125,330.05999755859375,171.57000732421875
2020-08-05,1.181544303894043,191.35000610351562,271.04998779296875,332.1099853515625,170.07000732421875
2020-08-06,1.187281847000122,193.88999938964844,274.6400146484375,334.3299865722656,171.02000427246094
2020-08-07,1.1876484155654907,190.80999755859375,271.4700012207031,334.57000732421875,169.8800048828125
2020-08-10,1.1782727241516113,190.14999389648438,270.30999755859375,335.57000732421875,169.1199951171875
2020-08-11,1.1737778186798096,179.94000244140625,265.19000244140625,332.79998779296875,167.11000061035156
2020-08-12,1.1736538410186768,179.10000610351562,271.8599853515625,337.44000244140625,165.58999633789062
2020-08-13,1.179380178451538,183.3300018310547,272.4800109863281,336.8299865722656,163.82000732421875
2020-08-14,1.1816558837890625,182.5399932861328,272.1600036621094,336.8399963378906,163.17999267578125
2020-08-17,1.1852554082870483,186.5,275.32000732421875,337.9100036621094,163.58999633789062
2020-08-18,1.1876484155654907,188.17999267578125,277.9700012207031,338.6400146484375,164.75999450683594
2020-08-19,1.1947859525680542,182.24000549316406,276.1000061035156,337.2300109863281,163.72999572753906
2020-08-20,1.1843500137329102,183.5,279.92999267578125,338.2799987792969,165.2100067138672
2020-08-21,1.1873664855957031,182.02999877929688,281.8699951171875,339.4800109863281,166.1999969482422
2020-08-24,1.1798018217086792,181.0,283.6300048828125,342.9200134277344,165.92999267578125
2020-08-25,1.1794538497924805,181.22000122070312,285.8599853515625,344.1199951171875,164.66000366210938
2020-08-26,1.183501958847046,183.36000061035156,291.9599914550781,347.57000732421875,164.02999877929688
2020-08-27,1.1842728853225708,181.24000549316406,291.04998779296875,348.3299865722656,161.24000549316406
2020-08-28,1.1819632053375244,184.38999938964844,292.5299987792969,350.5799865722656,161.1199951171875
2020-08-31,1.1918240785598755,184.8300018310547,294.8800048828125,349.30999755859375,162.19000244140625
2020-09-01,1.193901538848877,185.0500030517578,299.9200134277344,352.6000061035156,163.86000061035156
2020-09-02,1.1923214197158813,182.6199951171875,302.760009765625,357.70001220703125,165.4199981689453
2020-09-03,1.184735894203186,181.13999938964844,287.4100036621094,345.3900146484375,165.88999938964844
2020-09-04,1.1839784383773804,181.63999938964844,283.5799865722656,342.57000732421875,162.74000549316406
2020-09-08,1.1821727752685547,181.2899932861328,269.95001220703125,333.2099914550781,163.74000549316406
2020-09-09,1.177024483680725,183.0500030517578,277.8800048828125,339.7900085449219,163.3000030517578
2020-09-10,1.1806375980377197,182.4600067138672,272.3399963378906,333.8900146484375,164.1300048828125
2020-09-11,1.1824384927749634,182.4499969482422,270.45001220703125,334.05999755859375,164.47999572753906
2020-09-14,1.1842728853225708,183.88999938964844,275.1600036621094,338.4599914550781,164.47000122070312
2020-09-15,1.187000036239624,183.4499969482422,279.05999755859375,340.1700134277344,164.07000732421875
2020-09-16,1.1844412088394165,183.97000122070312,274.6099853515625,338.82000732421875,163.5800018310547
2020-09-17,1.1803449392318726,182.9600067138672,270.32000732421875,335.8399963378906,164.0800018310547
2020-09-18,1.1848200559616089,183.1999969482422,266.8699951171875,330.6499938964844,163.57000732421875
2020-09-21,1.1845533847808838,179.52000427246094,267.510009765625,326.9700012207031,164.39999389648438
2020-09-22,1.176800012588501,178.64999389648438,272.4800109863281,330.29998779296875,164.27000427246094
2020-09-23,1.1708368062973022,174.7899932861328,264.1600036621094,322.6400146484375,164.49000549316406
2020-09-24,1.1658544540405273,175.44000244140625,265.3900146484375,323.5,165.1199951171875
2020-09-25,1.1673243045806885,174.94000244140625,271.55999755859375,328.7300109863281,165.1199951171875
2020-09-28,1.1635348796844482,176.6999969482422,277.20001220703125,334.19000244140625,164.64999389648438
2020-09-29,1.167883276939392,178.19000244140625,275.95001220703125,332.3699951171875,164.83999633789062
2020-09-30,1.1742050647735596,177.1199951171875,277.8399963378906,334.8900146484375,163.25999450683594
2020-10-01,1.1726078987121582,178.6999969482422,282.25,337.0400085449219,163.36000061035156
2020-10-02,1.1744946241378784,178.5399932861328,274.30999755859375,333.8399963378906,162.75
2020-10-05,1.1720443964004517,179.41000366210938,280.1600036621094,339.760009765625,159.57000732421875
2020-10-06,1.1792453527450562,177.3000030517578,275.1600036621094,334.92999267578125,160.42999267578125
2020-10-07,1.1737639904022217,177.22000122070312,279.9200134277344,340.760009765625,159.25999450683594
2020-10-08,1.176747441291809,177.85000610351562,281.4100036621094,343.7799987792969,160.1199951171875
2020-10-09,1.1767003536224365,181.0800018310547,285.7099914550781,346.8500061035156,160.08999633789062
2020-10-12,1.181683897972107,180.55999755859375,294.5299987792969,352.42999267578125,160.60000610351562
2020-10-13,1.1816140413284302,177.72000122070312,294.5199890136719,350.1300048828125,161.75
2020-10-14,1.1742188930511475,178.27000427246094,292.05999755859375,347.92999267578125,162.1199951171875
2020-10-15,1.1743981838226318,178.9199981689453,290.1000061035156,347.5,161.83999633789062
2020-10-16,1.1707134246826172,178.3000030517578,288.510009765625,347.2900085449219,161.38999938964844
2020-10-19,1.1715501546859741,178.38999938964844,283.79998779296875,342.010009765625,160.77999877929688
2020-10-20,1.176885962486267,179.25,284.4100036621094,343.3800048828125,159.25
2020-10-21,1.1829839944839478,180.60000610351562,284.19000244140625,342.7300109863281,158.6999969482422
2020-10-22,1.1853959560394287,178.8300018310547,284.17999267578125,344.6099853515625,157.0500030517578
2020-10-23,1.1815024614334106,178.63999938964844,284.739990234375,345.7799987792969,158.00999450683594
2020-10-26,1.1848480701446533,178.5500030517578,280.4700012207031,339.3900146484375,159.47999572753906
2020-10-27,1.1809443235397339,179.02000427246094,282.6600036621094,338.2200012207031,160.5500030517578
2020-10-28,1.1784114837646484,176.1300048828125,271.6400146484375,326.6600036621094,160.6999969482422
2020-10-29,1.1748672723770142,175.39999389648438,276.3900146484375,329.9800109863281,159.13999938964844
2020-10-30,1.1678695678710938,176.1999969482422,269.3800048828125,326.5400085449219,157.57000732421875
2020-11-02,1.1642121076583862,177.91000366210938,269.9800109863281,330.20001220703125,158.5800018310547
2020-11-03,1.1642799377441406,178.9199981689453,274.6499938964844,336.0299987792969,157.66000366210938
2020-11-04,1.176221489906311,178.82000732421875,286.9100036621094,343.5400085449219,161.0800018310547
2020-11-05,1.17326819896698,182.92999267578125,294.3900146484375,350.239990234375,161.36000061035156
2020-11-06,1.1817537546157837,183.19000244140625,294.6099853515625,350.1600036621094,159.41000366210938
2020-11-09,1.1893010139465332,175.0800018310547,288.5899963378906,354.55999755859375,156.05999755859375
2020-11-10,1.182732105255127,175.66000366210938,283.4200134277344,354.0400085449219,155.16000366210938
2020-11-11,1.1818794012069702,174.89999389648438,289.760009765625,356.6700134277344,155.72000122070312
2020-11-12,1.1780297756195068,175.9600067138672,288.3999938964844,353.2099914550781,158.3699951171875
2020-11-13,1.1803393363952637,177.16000366210938,290.92999267578125,358.1000061035156,158.16000366210938
2020-11-16,1.1845253705978394,177.14999389648438,293.20001220703125,362.57000732421875,157.77999877929688
2020-11-17,1.1859441995620728,176.5,292.2699890136719,360.6199951171875,158.80999755859375
2020-11-18,1.186366319656372,175.49000549316406,290.1099853515625,356.2799987792969,159.27000427246094
2020-11-19,1.1847639083862305,175.16000366210938,292.3800048828125,357.7799987792969,160.08999633789062
2020-11-20,1.1866477727890015,175.69000244140625,290.3800048828125,355.3299865722656,161.50999450683594
2020-11-23,1.1866477727890015,172.22999572753906,290.3900146484375,357.4599914550781,160.77000427246094
2020-11-24,1.1842728853225708,169.58999633789062,294.4700012207031,363.2200012207031,159.1699981689453
2020-11-25,1.1900511980056763,169.50999450683594,296.2799987792969,362.6600036621094,158.67999267578125
2020-11-27,1.191599726676941,167.7899932861328,299.010009765625,363.6700134277344,160.22000122070312
2020-11-30,1.1971460580825806,166.6699981689453,299.6199951171875,362.05999755859375,160.02000427246094
2020-12-01,1.193816065788269,170.17999267578125,303.4599914550781,366.0199890136719,157.5
2020-12-02,1.2074378728866577,171.4600067138672,303.8500061035156,366.7900085449219,156.25
2020-12-03,1.2114603519439697,172.80999755859375,304.2799987792969,366.69000244140625,157.50999450683594
2020-12-04,1.2145650386810303,172.32000732421875,305.5199890136719,369.8500061035156,155.1999969482422
2020-12-07,1.212135910987854,174.88999938964844,307.25,369.0899963378906,156.60000610351562
2020-12-08,1.2113136053085327,175.5,308.2900085449219,370.1700134277344,157.33999633789062
2020-12-09,1.2110936641693115,172.5,301.30999755859375,366.8500061035156,156.82000732421875
2020-12-10,1.207875370979309,172.1699981689453,302.5199890136719,366.7300109863281,158.2100067138672
2020-12-11,1.2144293785095215,172.49000549316406,301.8500061035156,366.29998779296875,158.77000427246094
2020-12-14,1.213340401649475,171.5399932861328,304.0400085449219,364.6600036621094,158.3300018310547
2020-12-15,1.214889645576477,173.94000244140625,307.2900085449219,369.5899963378906,157.8000030517578
2020-12-16,1.2154301404953003,174.89999389648438,308.9800109863281,370.1700134277344,157.3800048828125
2020-12-17,1.2199585437774658,176.74000549316406,311.0,372.239990234375,156.8000030517578
2020-12-18,1.226271629333496,176.44000244140625,310.05999755859375,369.17999267578125,156.3300018310547
2020-12-21,1.221612811088562,175.8800048828125,308.9200134277344,367.8599853515625,156.9499969482422
2020-12-22,1.2236906290054321,174.49000549316406,309.760009765625,367.239990234375,157.75999450683594
2020-12-23,1.2186651229858398,175.64999389648438,308.20001220703125,367.57000732421875,156.6699981689453
2020-12-24,1.2191405296325684,176.35000610351562,309.55999755859375,369.0,157.2899932861328
2020-12-28,1.2205095291137695,175.7100067138672,312.67999267578125,372.1700134277344,157.36000061035156
2020-12-29,1.2223445177078247,176.35000610351562,312.9599914550781,371.4599914550781,157.16000366210938
2020-12-30,1.225295066833496,177.6999969482422,312.9700012207031,371.989990234375,157.5
2020-12-31,1.2299896478652954,178.36000061035156,313.739990234375,373.8800048828125,157.72999572753906
2021-01-04,1.2250697612762451,182.3300018310547,309.30999755859375,368.7900085449219,157.5399932861328
2021-01-05,1.2251598834991455,182.8699951171875,311.8599853515625,371.3299865722656,156.3699951171875
2021-01-06,1.230027437210083,179.89999389648438,307.5400085449219,373.54998779296875,153.16000366210938
2021-01-07,1.2341108322143555,179.47999572753906,314.9800109863281,379.1000061035156,151.80999755859375
2021-01-08,1.227144479751587,173.33999633789062,319.0299987792969,381.260009765625,151.32000732421875
2021-01-11,1.2186205387115479,173.0,314.4200134277344,378.69000244140625,151.07000732421875
2021-01-12,1.2160701751708984,174.1199951171875,313.9200134277344,378.7699890136719,150.9499969482422
2021-01-13,1.2208894491195679,173.3699951171875,316.0400085449219,379.7900085449219,152.64999389648438
2021-01-14,1.2162491083145142,173.27999877929688,314.3500061035156,378.4599914550781,151.22000122070312
2021-01-15,1.2151259183883667,171.1300048828125,311.8599853515625,375.70001220703125,151.82000732421875
2021-01-19,1.207729458808899,172.5800018310547,316.4100036621094,378.6499938964844,152.30999755859375
2021-01-20,1.2138868570327759,175.38999938964844,323.7699890136719,383.8900146484375,152.4600067138672
2021-01-21,1.2115631103515625,175.27999877929688,326.3599853515625,384.239990234375,151.38999938964844
2021-01-22,1.2166293859481812,173.89999389648438,325.4200134277344,382.8800048828125,151.8800048828125
2021-01-25,1.216944694519043,174.0500030517578,328.1099853515625,384.3900146484375,153.6699981689453
2021-01-26,1.214624047279358,173.6199951171875,328.5899963378906,383.7900085449219,153.3800048828125
2021-01-27,1.216299295425415,172.52000427246094,319.42999267578125,374.4100036621094,153.77000427246094
2021-01-28,1.2105072736740112,172.67999267578125,321.32000732421875,377.6300048828125,152.9199981689453
2021-01-29,1.2120037078857422,172.61000061035156,314.55999755859375,370.07000732421875,152.0
2021-02-01,1.2123857736587524,174.22999572753906,322.4200134277344,376.2300109863281,152.0
2021-02-02,1.2068694829940796,172.11000061035156,327.67999267578125,381.54998779296875,151.02000427246094
2021-02-03,1.203905463218689,171.85000610351562,326.3800048828125,381.8500061035156,149.67999267578125
2021-02-04,1.2042388916015625,168.14999389648438,330.239990234375,386.19000244140625,149.27999877929688
2021-02-05,1.1966731548309326,169.80999755859375,331.3599853515625,387.7099914550781,148.02999877929688
2021-02-08,1.2048773765563965,171.52000427246094,333.5799865722656,390.510009765625,148.67999267578125
2021-02-09,1.2053595781326294,172.0800018310547,333.510009765625,390.25,148.7899932861328
2021-02-10,1.2119992971420288,172.7100067138672,332.75,390.0799865722656,149.77999877929688
2021-02-11,1.2121212482452393,171.2100067138672,334.5799865722656,390.7099914550781,148.9600067138672
2021-02-12,1.2131506204605103,170.69000244140625,336.45001220703125,392.6400146484375,147.11000061035156
2021-02-16,1.2132196426391602,168.24000549316406,335.5400085449219,392.29998779296875,144.8699951171875
2021-02-17,1.2092483043670654,166.3300018310547,333.92999267578125,392.3900146484375,145.7899932861328
2021-02-18,1.2048004865646362,166.32000732421875,332.4700012207031,390.7200012207031,145.1999969482422
2021-02-19,1.209189772605896,167.00999450683594,331.0199890136719,390.0299987792969,143.27000427246094
2021-02-22,1.2126356363296509,169.50999450683594,322.44000244140625,387.0299987792969,142.17999267578125
2021-02-23,1.2166796922683716,169.1199951171875,321.4800109863281,387.5,141.77000427246094
2021-02-24,1.215214490890503,169.0,324.1300048828125,391.7699890136719,140.83999633789062
2021-02-25,1.2171372175216675,165.82000732421875,312.8299865722656,382.3299865722656,138.5399932861328
2021-02-26,1.2160420417785645,161.80999755859375,314.1400146484375,380.3599853515625,143.1199951171875
2021-03-01,1.208956003189087,161.52999877929688,323.5899963378906,389.5799865722656,141.05999755859375
2021-03-02,1.2051095962524414,162.41000366210938,318.3999938964844,386.5400085449219,141.07000732421875
2021-03-03,1.208546757698059,160.6199951171875,309.1600036621094,381.4200134277344,139.5399932861328
2021-03-04,1.2050660848617554,159.0399932861328,304.1000061035156,376.70001220703125,138.63999938964844
2021-03-05,1.1967735290527344,159.13999938964844,308.67999267578125,383.6300048828125,138.91000366210938
2021-03-08,1.1925631761550903,157.49000549316406,299.94000244140625,381.7200012207031,137.8300018310547
2021-03-09,1.185171127319336,160.83999633789062,311.7699890136719,387.1700134277344,139.74000549316406
2021-03-10,1.1897906064987183,161.66000366210938,310.8800048828125,389.5799865722656,140.02000427246094
2021-03-11,1.1926058530807495,161.52000427246094,318.0400085449219,393.5299987792969,139.00999450683594
2021-03-12,1.1986095905303955,161.49000549316406,315.4599914550781,394.05999755859375,136.05999755859375
2021-03-15,1.1950000524520874,162.1999969482422,318.8299865722656,396.4100036621094,136.86000061035156
2021-03-16,1.1925773620605469,162.35000610351562,320.5799865722656,395.9100036621094,136.30999755859375
2021-03-17,1.190164566040039,163.50999450683594,321.8999938964844,397.260009765625,135.2899932861328
2021-03-18,1.1982792615890503,162.55999755859375,312.0400085449219,391.4800109863281,133.9199981689453
2021-03-19,1.1918240785598755,163.24000549316406,313.1400146484375,389.4800109863281,134.75
2021-03-22,1.1883116960525513,163.0,318.6099853515625,392.5899963378906,136.25999450683594
2021-03-23,1.193303108215332,161.80999755859375,317.2200012207031,389.5,137.49000549316406
2021-03-24,1.1840205192565918,162.3699951171875,311.8699951171875,387.5199890136719,138.22999572753906
2021-03-25,1.1813069581985474,161.77999877929688,311.3299865722656,389.70001220703125,137.13999938964844
2021-03-26,1.1776621341705322,162.24000549316406,316.0,395.9800109863281,136.66000366210938
2021-03-29,1.1788004636764526,160.30999755859375,315.9100036621094,395.7799987792969,135.5
2021-03-30,1.177100658416748,157.57000732421875,314.32000732421875,394.7300109863281,136.2100067138672
2021-03-31,1.1723604202270508,159.9600067138672,319.1300048828125,396.3299865722656,135.4499969482422
2021-04-01,1.1728830337524414,161.97999572753906,324.57000732421875,400.6099853515625,137.50999450683594
2021-04-05,1.176816701889038,161.9199981689453,331.04998779296875,406.3599853515625,136.91000366210938
2021-04-06,1.1818934679031372,163.22000122070312,330.82000732421875,406.1199951171875,137.83999633789062
2021-04-07,1.1874228715896606,162.75999450683594,331.6199951171875,406.5899963378906,136.8800048828125
2021-04-08,1.1873664855957031,164.50999450683594,335.0799865722656,408.5199890136719,138.00999450683594
2021-04-09,1.1915684938430786,163.27000427246094,337.1099853515625,411.489990234375,137.50999450683594
2021-04-12,1.1900511980056763,162.27999877929688,336.6700134277344,411.6400146484375,137.4499969482422
2021-04-13,1.1914690732955933,163.42999267578125,340.6000061035156,412.8599853515625,138.47999572753906
2021-04-14,1.1954143047332764,162.72000122070312,336.510009765625,411.45001220703125,138.0399932861328
2021-04-15,1.1986095905303955,165.35000610351562,341.6099853515625,415.8699951171875,140.35000610351562
2021-04-16,1.1971746683120728,166.35000610351562,342.010009765625,417.260009765625,139.25999450683594
2021-04-19,1.1969454288482666,165.88999938964844,338.8800048828125,415.2099914550781,138.86000061035156
2021-04-20,1.204529047012329,166.47999572753906,336.4100036621094,412.1700134277344,139.5
2021-04-21,1.2032392024993896,168.1300048828125,339.2900085449219,416.07000732421875,139.77999877929688
2021-04-22,1.2037750482559204,167.0399932861328,335.20001220703125,412.2699890136719,140.38999938964844
2021-04-23,1.2014753818511963,166.39999389648438,339.4200134277344,416.739990234375,140.05999755859375
2021-04-26,1.2089852094650269,166.83999633789062,341.6300048828125,417.6099853515625,139.86000061035156
2021-04-27,1.2081671953201294,166.4199981689453,340.1499938964844,417.5199890136719,138.63999938964844
2021-04-28,1.2090305089950562,166.91000366210938,339.0,417.3999938964844,138.72999572753906
2021-04-29,1.213592290878296,166.22000122070312,340.2200012207031,420.05999755859375,138.32000732421875
2021-04-30,1.2127091884613037,165.66000366210938,337.989990234375,417.29998779296875,138.63999938964844
2021-05-03,1.2027760744094849,167.80999755859375,336.19000244140625,418.20001220703125,138.52000427246094
2021-05-04,1.2061271667480469,166.5800018310547,330.1400146484375,415.6199951171875,139.4600067138672
2021-05-05,1.2015043497085571,167.27000427246094,329.0299987792969,415.75,139.69000244140625
2021-05-06,1.2007973194122314,170.05999755859375,331.510009765625,419.07000732421875,139.9199981689453
2021-05-07,1.2068549394607544,171.58999633789062,334.20001220703125,422.1199951171875,139.22999572753906
2021-05-10,1.2171076536178589,172.11000061035156,325.760009765625,417.94000244140625,137.82000732421875
2021-05-11,1.2140932083129883,172.13999938964844,325.30999755859375,414.2099914550781,137.0399932861328
2021-05-12,1.2144500017166138,170.42999267578125,316.8900146484375,405.4100036621094,135.60000610351562
2021-05-13,1.2078505754470825,171.1300048828125,319.3399963378906,410.2799987792969,135.80999755859375
2021-05-14,1.207729458808899,172.69000244140625,326.3900146484375,416.5799865722656,137.0800018310547
2021-05-17,1.2150373458862305,174.6999969482422,324.4100036621094,415.5199890136719,136.7899932861328
2021-05-18,1.2156872749328613,175.0399932861328,322.2200012207031,411.94000244140625,136.44000244140625
2021-05-19,1.2223997116088867,175.16000366210938,322.5899963378906,410.8599853515625,136.11000061035156
2021-05-20,1.217285394668579,175.9600067138672,328.8299865722656,415.2799987792969,137.22999572753906
2021-05-21,1.222538709640503,176.0399932861328,327.010009765625,414.94000244140625,137.6699981689453
2021-05-24,1.2183235883712769,176.35000610351562,332.510009765625,419.1700134277344,138.17999267578125
2021-05-25,1.2214635610580444,177.9499969482422,332.9700012207031,418.239990234375,139.4600067138672
2021-05-26,1.2249093055725098,177.63999938964844,334.1300048828125,419.07000732421875,139.22000122070312
2021-05-27,1.21925950050354,177.7100067138672,332.8800048828125,419.2900085449219,138.66000366210938
2021-05-28,1.2193188667297363,178.3800048828125,333.92999267578125,420.0400085449219,138.44000244140625
2021-06-01,1.223286509513855,177.89999389648438,332.82000732421875,419.6700134277344,138.2100067138672
2021-06-02,1.2217769622802734,178.77000427246094,333.4700012207031,420.3299865722656,138.52999877929688
2021-06-03,1.220986247062683,175.27000427246094,330.0,418.7699890136719,138.00999450683594
2021-06-04,1.2133007049560547,177.16000366210938,335.6000061035156,422.6000061035156,139.89999389648438
2021-06-07,1.2168411016464233,177.8699951171875,336.6000061035156,422.19000244140625,139.47000122070312
2021-06-08,1.2193634510040283,177.32000732421875,336.760009765625,422.2799987792969,140.4499969482422
2021-06-09,1.217285394668579,176.97999572753906,336.8399963378906,421.6499938964844,141.69000244140625
2021-06-10,1.218200445175171,177.74000549316406,340.3500061035156,423.6099853515625,142.5399932861328
2021-06-11,1.2172558307647705,175.74000549316406,341.239990234375,424.30999755859375,142.30999755859375
2021-06-14,1.2110203504562378,174.7100067138672,344.510009765625,425.260009765625,141.22000122070312
2021-06-15,1.212224006652832,174.0500030517578,342.260009765625,424.4800109863281,141.0500030517578
2021-06-16,1.2127091884613037,171.11000061035156,341.010009765625,422.1099853515625,140.92999267578125
2021-06-17,1.1995586156845093,165.85000610351562,345.3399963378906,421.9700012207031,143.0399932861328
2021-06-18,1.1913414001464844,164.92999267578125,342.6300048828125,414.9200134277344,145.72999572753906
2021-06-21,1.1873664855957031,166.9499969482422,344.3599853515625,420.8599853515625,143.2899932861328
2021-06-22,1.1912561655044556,166.25,347.57000732421875,423.1099853515625,143.63999938964844
2021-06-23,1.1936734914779663,166.13999938964844,347.739990234375,422.6000061035156,143.27000427246094
2021-06-24,1.1933174133300781,166.0399932861328,349.8900146484375,425.1000061035156,143.5
2021-06-25,1.1930327415466309,166.58999633789062,349.4599914550781,426.6099853515625,142.00999450683594
2021-06-28,1.1942152976989746,166.5800018310547,353.7099914550781,427.4700012207031,143.47000122070312
2021-06-29,1.1928904056549072,164.8300018310547,354.989990234375,427.70001220703125,143.7100067138672
2021-06-30,1.1901928186416626,165.6300048828125,354.42999267578125,428.05999755859375,144.35000610351562
2021-07-01,1.1856770515441895,166.1999969482422,354.57000732421875,430.42999267578125,144.1699981689453
2021-07-02,1.1846235990524292,167.2899932861328,358.6400146484375,433.7200012207031,145.0399932861328
2021-07-06,1.186380386352539,168.1199951171875,360.19000244140625,432.92999267578125,146.74000549316406
2021-07-07,1.1824523210525513,168.75999450683594,360.95001220703125,434.4599914550781,148.0399932861328
2021-07-08,1.17933988571167,168.64999389648438,358.7699890136719,430.9200134277344,148.6199951171875
2021-07-09,1.184800386428833,169.2100067138672,361.010009765625,435.5199890136719,146.52999877929688
2021-07-12,1.187295913696289,169.0,362.4200134277344,437.0799865722656,146.33999633789062
2021-07-13,1.186521053314209,169.22000122070312,362.4200134277344,435.5899963378906,145.22000122070312
2021-07-14,1.1775373220443726,171.0399932861328,363.07000732421875,436.239990234375,146.8699951171875
2021-07-15,1.1833338737487793,171.07000732421875,360.5199890136719,434.75,148.49000549316406
2021-07-16,1.1811814308166504,169.41000366210938,357.6000061035156,431.3399963378906,148.2100067138672
2021-07-19,1.1814005374908447,169.61000061035156,354.6700134277344,424.9700012207031,151.4600067138672
2021-07-20,1.1793843507766724,169.38999938964844,358.7900085449219,431.05999755859375,150.0
2021-07-21,1.1784114837646484,168.75999450683594,361.55999755859375,434.54998779296875,148.10000610351562
2021-07-22,1.179273009300232,169.08999633789062,363.95001220703125,435.4599914550781,149.5
2021-07-23,1.1772738695144653,168.55999755859375,368.20001220703125,439.94000244140625,148.5
2021-07-26,1.1773432493209839,168.16000366210938,368.489990234375,441.0199890136719,148.05999755859375
2021-07-27,1.1807769536972046,168.44000244140625,364.42999267578125,439.010009765625,149.63999938964844
2021-07-28,1.1823126077651978,169.2899932861328,365.8299865722656,438.8299865722656,149.64999389648438
2021-07-29,1.1845955848693848,171.1699981689453,366.4800109863281,440.6499938964844,148.82000732421875
2021-07-30,1.1892997026443481,169.82000732421875,364.57000732421875,438.510009765625,149.52000427246094
2021-08-02,1.186704158782959,169.61000061035156,364.6000061035156,437.5899963378906,150.6699981689453
2021-08-03,1.1874650716781616,169.49000549316406,366.80999755859375,441.1499938964844,150.75
2021-08-04,1.1869436502456665,169.52999877929688,367.3399963378906,438.9800109863281,151.05999755859375
2021-08-05,1.1837401390075684,168.86000061035156,369.6700134277344,441.760009765625,150.2899932861328
2021-08-06,1.1835720539093018,164.63999938964844,368.04998779296875,442.489990234375,147.77999877929688
2021-08-09,1.1749500036239624,161.72000122070312,368.7300109863281,442.1300048828125,147.25
2021-08-10,1.17384672164917,161.77000427246094,366.8399963378906,442.67999267578125,146.57000732421875
2021-08-11,1.172333002090454,164.0,366.2099914550781,443.7799987792969,146.47999572753906
2021-08-12,1.1741899251937866,164.0399932861328,367.5299987792969,445.1099853515625,146.24000549316406
2021-08-13,1.173626184463501,166.38999938964844,368.82000732421875,445.9200134277344,148.5500030517578
2021-08-16,1.179467797279358,167.22000122070312,368.9800109863281,446.9700012207031,148.91000366210938
2021-08-17,1.177994966506958,166.97000122070312,365.7300109863281,444.0400085449219,148.85000610351562
2021-08-18,1.1709738969802856,167.10000610351562,362.2099914550781,439.17999267578125,149.35000610351562
2021-08-19,1.1703298091888428,166.61000061035156,363.9599914550781,439.8599853515625,150.4499969482422
2021-08-20,1.1676595211029053,166.6999969482422,367.7300109863281,443.3599853515625,150.5500030517578
2021-08-23,1.1697548627853394,168.72999572753906,373.2300109863281,447.260009765625,150.4499969482422
2021-08-24,1.1744533777236938,168.64999389648438,374.3699951171875,447.9700012207031,149.27999877929688
2021-08-25,1.175309181213379,167.47999572753906,374.79998779296875,448.9100036621094,148.0399932861328
2021-08-26,1.1774401664733887,167.6699981689453,372.4200134277344,446.260009765625,148.4499969482422
2021-08-27,1.1756407022476196,170.19000244140625,376.0400085449219,450.25,149.4600067138672
2021-08-30,1.1799006462097168,169.35000610351562,380.260009765625,452.2300109863281,149.85000610351562
2021-08-31,1.1796904802322388,169.69000244140625,379.95001220703125,451.55999755859375,148.8300018310547
2021-09-01,1.1810280084609985,169.6999969482422,380.5799865722656,451.79998779296875,148.88999938964844
2021-09-02,1.1840906143188477,169.25,380.3999938964844,453.19000244140625,149.5399932861328
2021-09-03,1.1876484155654907,171.05999755859375,381.57000732421875,453.0799865722656,148.17999267578125
2021-09-07,1.1875073909759521,167.7100067138672,382.1099853515625,451.4599914550781,146.92999267578125
2021-09-08,1.184356927871704,167.2899932861328,380.7799987792969,450.9100036621094,147.92999267578125
2021-09-09,1.1819101572036743,168.02999877929688,379.4700012207031,448.9800109863281,149.72000122070312
2021-09-10,1.1825922727584839,167.17999267578125,376.5899963378906,445.44000244140625,148.39999389648438
2021-09-13,1.1811953783035278,167.74000549316406,376.3299865722656,446.5799865722656,149.3000030517578
2021-09-14,1.1811953783035278,168.82000732421875,375.260009765625,444.1700134277344,151.11000061035156
2021-09-15,1.1804981231689453,167.8300018310547,378.04998779296875,447.8800048828125,150.5800018310547
2021-09-16,1.1819995641708374,164.02999877929688,378.30999755859375,447.1700134277344,149.88999938964844
2021-09-17,1.176747441291809,163.77000427246094,373.8299865722656,441.3999938964844,149.1699981689453
2021-09-20,1.1729930639266968,164.94000244140625,365.70001220703125,434.0400085449219,151.02000427246094
2021-09-21,1.1730204820632935,166.0399932861328,366.1499938964844,433.6300048828125,150.88999938964844
2021-09-22,1.17229163646698,165.4199981689453,369.57000732421875,437.8599853515625,151.7899932861328
2021-09-23,1.168770432472229,163.50999450683594,372.9800109863281,443.17999267578125,148.36000061035156
2021-09-24,1.1740258932113647,163.3000030517578,373.3299865722656,443.9100036621094,146.91000366210938
2021-09-27,1.1723054647445679,163.63999938964844,370.3500061035156,442.6400146484375,146.3699951171875
2021-09-28,1.1696795225143433,162.0500030517578,359.8699951171875,433.7200012207031,144.08999633789062
2021-09-29,1.1686338186264038,161.32000732421875,359.2799987792969,434.45001220703125,144.33999633789062
2021-09-30,1.1601601839065552,164.22000122070312,357.9599914550781,429.1400146484375,144.32000732421875
2021-10-01,1.1574475765228271,164.58999633789062,360.17999267578125,434.239990234375,145.35000610351562
2021-10-04,1.160725712776184,165.36000061035156,352.6199951171875,428.6400146484375,144.97999572753906
2021-10-05,1.1618449687957764,164.58999633789062,357.3800048828125,433.1000061035156,143.5800018310547
2021-10-06,1.1596084833145142,165.02999877929688,359.6700134277344,434.8999938964844,144.38999938964844
2021-10-07,1.1555349826812744,164.16000366210938,362.9700012207031,438.6600036621094,142.8800048828125
2021-10-08,1.1559758186340332,164.22999572753906,361.1600036621094,437.8599853515625,141.8800048828125
2021-10-11,1.1566041707992554,163.9199981689453,358.3900146484375,434.69000244140625,141.52000427246094
2021-10-12,1.1553747653961182,164.66000366210938,357.1400146484375,433.6199951171875,143.94000244140625
2021-10-13,1.15340256690979,167.58999633789062,360.0,435.17999267578125,145.33999633789062
2021-10-14,1.1599582433700562,168.0,366.6300048828125,442.5,145.8800048828125
2021-10-15,1.159151554107666,165.3300018310547,368.94000244140625,445.8699951171875,145.02999877929688
2021-10-18,1.1597026586532593,164.9199981689453,372.6499938964844,447.19000244140625,145.7100067138672
2021-10-19,1.161386251449585,165.4499969482422,375.4700012207031,450.6400146484375,143.6999969482422
2021-10-20,1.1631964445114136,166.89999389648438,374.9800109863281,452.4100036621094,142.72999572753906
2021-10-21,1.1655012369155884,166.75,377.2699890136719,453.5899963378906,142.55999755859375
2021-10-22,1.1625338792800903,167.77000427246094,374.1000061035156,453.1199951171875,144.1300048828125
2021-10-25,1.1640088558197021,168.92999267578125,377.92999267578125,455.54998779296875,143.91000366210938
2021-10-26,1.161170482635498,167.67999267578125,379.1199951171875,455.9599914550781,145.10000610351562
2021-10-27,1.1598236560821533,168.1199951171875,380.0,453.94000244140625,147.74000549316406
2021-10-28,1.1600120067596436,168.0800018310547,384.2200012207031,458.32000732421875,147.24000549316406
2021-10-29,1.1683608293533325,166.64999389648438,386.1099853515625,459.25,147.69000244140625
2021-11-01,1.1556684970855713,167.52000427246094,387.42999267578125,460.0400085449219,146.44000244140625
2021-11-02,1.1599582433700562,167.16000366210938,389.04998779296875,461.8999938964844,147.08999633789062
2021-11-03,1.1579434871673584,165.77000427246094,393.17999267578125,464.7200012207031,145.57000732421875
2021-11-04,1.1615750789642334,167.64999389648438,398.2200012207031,466.9100036621094,147.10000610351562
2021-11-05,1.1555349826812744,169.83999633789062,398.6000061035156,468.5299987792969,149.3000030517578
2021-11-08,1.1568851470947266,170.4499969482422,398.05999755859375,468.92999267578125,149.02000427246094
2021-11-09,1.159151554107666,171.2899932861328,395.32000732421875,467.3800048828125,150.9600067138672
2021-11-10,1.1595547199249268,173.14999389648438,389.510009765625,463.6199951171875,148.1999969482422
2021-11-11,1.148593544960022,174.1199951171875,390.5899963378906,463.7699890136719,147.97999572753906
2021-11-12,1.145081877708435,174.4499969482422,394.70001220703125,467.2699890136719,147.3300018310547
2021-11-15,1.144164800643921,174.17999267578125,394.6099853515625,467.42999267578125,145.47999572753906
2021-11-16,1.1366478204727173,172.9199981689453,397.4200134277344,469.2799987792969,145.11000061035156
2021-11-17,1.1321182250976562,174.5,397.6300048828125,468.1400146484375,146.25999450683594
2021-11-18,1.1321182250976562,173.94000244140625,401.75,469.7300109863281,146.80999755859375
2021-11-19,1.1368415355682373,172.61000061035156,403.989990234375,468.8900146484375,148.36000061035156
2021-11-22,1.1275737285614014,168.74000549316406,399.29998779296875,467.57000732421875,146.6199951171875
2021-11-23,1.12421452999115,167.27999877929688,397.4800109863281,468.19000244140625,144.5
2021-11-24,1.1244926452636719,167.1199951171875,398.760009765625,469.44000244140625,146.82000732421875
2021-11-26,1.1209630966186523,166.85000610351562,391.20001220703125,458.9700012207031,150.52999877929688
2021-11-29,1.1293182373046875,166.6199951171875,399.69000244140625,464.6000061035156,149.32000732421875
2021-11-30,1.1293437480926514,165.5,393.82000732421875,455.55999755859375,151.58999633789062
2021-12-01,1.1330289840698242,166.16000366210938,387.1199951171875,450.5,152.33999633789062
2021-12-02,1.1319515705108643,165.24000549316406,389.9100036621094,457.3999938964844,152.52999877929688
2021-12-03,1.1306205987930298,166.6300048828125,383.1300048828125,453.4200134277344,154.35000610351562
2021-12-06,1.1304799318313599,166.22000122070312,386.20001220703125,458.7900085449219,152.22999572753906
2021-12-07,1.128668189048767,166.80999755859375,397.8299865722656,468.2799987792969,151.0
2021-12-08,1.1276500225067139,166.89999389648438,399.6099853515625,469.5199890136719,148.38999938964844
2021-12-09,1.1345586776733398,165.8800048828125,393.7300109863281,466.3500061035156,149.22000122070312
2021-12-10,1.1293309926986694,166.5800018310547,398.010009765625,470.739990234375,148.86000061035156
2021-12-13,1.131183385848999,167.0,392.260009765625,466.57000732421875,151.05999755859375
2021-12-14,1.1285407543182373,165.44000244140625,388.20001220703125,463.3599853515625,150.6999969482422
2021-12-15,1.1261261701583862,166.14999389648438,397.04998779296875,470.6000061035156,149.25
2021-12-16,1.1290758848190308,168.16000366210938,386.8399963378906,466.45001220703125,149.13999938964844
2021-12-17,1.1334141492843628,167.8000030517578,384.9100036621094,459.8699951171875,150.8300018310547
2021-12-20,1.1243535280227661,167.08999633789062,380.69000244140625,454.9800109863281,149.6999969482422
2021-12-21,1.1277517080307007,167.02000427246094,389.2099914550781,463.05999755859375,149.1300048828125
2021-12-22,1.128757357597351,168.58999633789062,393.95001220703125,467.69000244140625,149.82000732421875
2021-12-23,1.1328877210617065,168.97000122070312,396.9200134277344,470.6000061035156,148.52000427246094
2021-12-27,1.1324259042739868,169.3699951171875,403.4800109863281,477.260009765625,148.8800048828125
2021-12-28,1.1330032348632812,168.63999938964844,401.6099853515625,476.8699951171875,148.2899932861328
2021-12-29,1.1314777135849,168.58999633789062,401.54998779296875,477.4800109863281,146.6699981689453
2021-12-30,1.1360150575637817,169.8000030517578,400.3500061035156,476.1600036621094,147.89999389648438
2021-12-31,1.132502794265747,170.9600067138672,397.8500061035156,474.9599914550781,148.19000244140625
2022-01-03,1.1373459100723267,168.3300018310547,401.67999267578125,477.7099914550781,144.3000030517578
2022-01-04,1.1302244663238525,169.57000732421875,396.4700012207031,477.54998779296875,143.6999969482422
2022-01-05,1.1283625364303589,169.05999755859375,384.2900085449219,468.3800048828125,142.9199981689453
2022-01-06,1.1313496828079224,166.99000549316406,384.0199890136719,467.94000244140625,143.2899932861328
2022-01-07,1.1296881437301636,167.75,379.8599853515625,466.0899963378906,142.25999450683594
2022-01-10,1.1353960037231445,168.25999450683594,380.1099853515625,465.510009765625,142.61000061035156
2022-01-11,1.1330417394638062,170.2899932861328,385.82000732421875,469.75,143.55999755859375
2022-01-12,1.1366478204727173,170.74000549316406,387.3500061035156,471.0199890136719,143.00999450683594
2022-01-13,1.144164800643921,170.16000366210938,377.6600036621094,464.5299987792969,144.27999877929688
2022-01-14,1.1457115411758423,169.6699981689453,380.010009765625,464.7200012207031,142.10000610351562
2022-01-18,1.1410574913024902,169.38999938964844,370.54998779296875,456.489990234375,140.10000610351562
2022-01-19,1.1329647302627563,172.0800018310547,366.4800109863281,451.75,141.07000732421875
2022-01-20,1.1343399286270142,171.64999389648438,361.7200012207031,446.75,141.94000244140625
2022-01-21,1.1313753128051758,171.08999633789062,351.69000244140625,437.9800109863281,143.6300048828125
2022-01-24,1.1341469287872314,172.02999877929688,353.29998779296875,439.8399963378906,142.4499969482422
2022-01-25,1.1324130296707153,172.5800018310547,345.1099853515625,434.4700012207031,142.22000122070312
2022-01-26,1.130454421043396,169.7899932861328,344.57000732421875,433.3800048828125,140.5
2022-01-27,1.1243535280227661,167.60000610351562,341.1000061035156,431.239990234375,143.0800018310547
2022-01-28,1.1147029399871826,167.10000610351562,351.79998779296875,441.95001220703125,143.1300048828125
2022-01-31,1.1152374744415283,168.08999633789062,363.04998779296875,449.9100036621094,142.38999938964844
2022-02-01,1.12296462059021,168.22999572753906,365.5199890136719,452.95001220703125,141.72000122070312
2022-02-02,1.1273956298828125,168.83999633789062,368.489990234375,457.3500061035156,142.1999969482422
2022-02-03,1.1299946308135986,168.60000610351562,353.54998779296875,446.6000061035156,141.08999633789062
2022-02-04,1.14357590675354,168.86000061035156,358.010009765625,448.70001220703125,139.00999450683594
2022-02-07,1.145514726638794,170.11000061035156,355.1300048828125,447.260009765625,139.10000610351562
2022-02-08,1.1442956924438477,170.6300048828125,359.1199951171875,450.94000244140625,138.1699981689453
2022-02-09,1.142126202583313,171.2100067138672,366.7300109863281,457.5400085449219,138.42999267578125
2022-02-10,1.142152190208435,170.55999755859375,358.42999267578125,449.32000732421875,136.22999572753906
2022-02-11,1.1415525674819946,173.80999755859375,347.05999755859375,440.4599914550781,138.25
2022-02-14,1.1365057229995728,174.74000549316406,347.489990234375,439.0199890136719,136.52999877929688
2022-02-15,1.1306334733963013,173.0800018310547,356.1300048828125,446.1000061035156,134.97999572753906
2022-02-16,1.1356796026229858,174.86000061035156,356.0400085449219,446.6000061035156,135.77999877929688
2022-02-17,1.1375269889831543,177.25,345.45001220703125,437.05999755859375,136.7899932861328
2022-02-18,1.1366478204727173,177.1199951171875,341.510009765625,434.2300109863281,138.22999572753906
2022-02-22,1.1309658288955688,177.49000549316406,338.0799865722656,429.57000732421875,138.58999633789062
2022-02-23,1.13291335105896,178.2899932861328,329.4200134277344,421.95001220703125,136.67999267578125
2022-02-24,1.1305694580078125,177.13999938964844,340.489990234375,428.29998779296875,136.77000427246094
2022-02-25,1.11906898021698,176.5500030517578,345.7699890136719,437.75,136.8699951171875
2022-02-28,1.118105411529541,178.3800048828125,346.79998779296875,436.6300048828125,139.8699951171875
2022-03-01,1.1215918064117432,181.6199951171875,341.489990234375,429.9800109863281,141.3000030517578
2022-03-02,1.1132758855819702,179.72999572753906,347.2200012207031,437.8900146484375,136.47000122070312
2022-03-03,1.1112345457077026,180.8000030517578,342.260009765625,435.7099914550781,137.86000061035156
2022-03-04,1.1066844463348389,183.67999267578125,337.29998779296875,432.1700134277344,140.24000549316406
2022-03-07,1.087453007698059,186.41000366210938,324.8599853515625,419.42999267578125,139.1699981689453
2022-03-08,1.0865312814712524,191.50999450683594,323.3500061035156,416.25,137.77000427246094
2022-03-09,1.0898232460021973,185.82000732421875,334.989990234375,427.4100036621094,136.4199981689453
2022-03-10,1.107382893562317,186.39999389648438,331.2699890136719,425.4800109863281,134.4600067138672
2022-03-11,1.1013944149017334,185.08999633789062,324.3999938964844,420.07000732421875,134.91000366210938
2022-03-14,1.093206763267517,182.3000030517578,318.1700134277344,417.0,131.75999450683594
2022-03-15,1.0943193435668945,178.88999938964844,328.1499938964844,426.1700134277344,131.52999877929688
2022-03-16,1.0969363451004028,180.00999450683594,340.32000732421875,435.6199951171875,132.82000732421875
2022-03-17,1.1021955013275146,180.88999938964844,344.44000244140625,441.07000732421875,131.8300018310547
2022-03-18,1.1099518537521362,179.3000030517578,351.489990234375,444.5199890136719,133.44000244140625
2022-03-21,1.1043134927749634,180.6699981689453,350.0799865722656,444.3900146484375,130.35000610351562
2022-03-22,1.101722002029419,179.36000061035156,356.9599914550781,449.5899963378906,128.67999267578125
2022-03-23,1.1029735803604126,181.80999755859375,351.8299865722656,443.79998779296875,131.5
2022-03-24,1.1006306409835815,183.1300048828125,359.6499938964844,450.489990234375,130.47000122070312
2022-03-25,1.1009578704833984,182.3800048828125,359.3500061035156,452.69000244140625,128.66000366210938
2022-03-28,1.098189115524292,179.05999755859375,364.9100036621094,455.9100036621094,129.75999450683594
2022-03-29,1.0993843078613281,179.13999938964844,371.19000244140625,461.54998779296875,130.74000549316406
2022-03-30,1.1091516017913818,180.5800018310547,367.0899963378906,458.70001220703125,131.75999450683594
2022-03-31,1.1161835193634033,180.64999389648438,362.5400085449219,451.6400146484375,132.0800018310547
2022-04-01,1.1072357892990112,179.5,361.8500061035156,452.9200134277344,132.3800048828125
2022-04-04,1.1047282218933105,180.3699951171875,369.29998779296875,456.79998779296875,131.4600067138672
2022-04-05,1.0975863933563232,179.24000549316406,361.1000061035156,451.0299987792969,128.49000549316406
2022-04-06,1.090643286705017,179.66000366210938,353.260009765625,446.5199890136719,127.44999694824219
2022-04-07,1.0898232460021973,180.33999633789062,354.1000061035156,448.7699890136719,126.48999786376953
2022-04-08,1.0864840745925903,181.47000122070312,349.1499938964844,447.57000732421875,125.12000274658203
2022-04-11,1.0884946584701538,182.3699951171875,340.8900146484375,439.9200134277344,123.13999938964844
2022-04-12,1.0877959728240967,183.77000427246094,339.45001220703125,438.2900085449219,122.97000122070312
2022-04-13,1.0826143026351929,184.64999389648438,346.3500061035156,443.30999755859375,123.22000122070312
2022-04-14,1.089656949043274,184.0399932861328,338.42999267578125,437.7900085449219,120.75
2022-04-18,1.081525444984436,184.61000061035156,338.69000244140625,437.9700012207031,120.1500015258789
2022-04-19,1.0781787633895874,181.82000732421875,346.260009765625,445.0400085449219,119.25
2022-04-20,1.0794472694396973,182.7100067138672,341.2099914550781,444.7099914550781,121.6500015258789
2022-04-21,1.0849870443344116,182.05999755859375,334.1499938964844,438.05999755859375,120.75
2022-04-22,1.0835175514221191,180.2899932861328,325.3999938964844,426.0400085449219,119.98999786376953
2022-04-25,1.0811045169830322,177.0500030517578,329.5799865722656,428.510009765625,121.19000244140625
2022-04-26,1.0714209079742432,177.32000732421875,317.1400146484375,416.1000061035156,122.41000366210938
2022-04-27,1.0643619298934937,175.97999572753906,316.760009765625,417.2699890136719,120.83999633789062
2022-04-28,1.0555092096328735,176.92999267578125,328.010009765625,427.80999755859375,121.0199966430664
2022-04-29,1.0504201650619507,176.91000366210938,313.25,412.0,119.44999694824219
2022-05-02,1.0535964965820312,173.6300048828125,318.4800109863281,414.4800109863281,117.18000030517578
2022-05-03,1.0509058237075806,174.08999633789062,318.82000732421875,416.3800048828125,117.97000122070312
2022-05-04,1.0528532266616821,175.8000030517578,329.6000061035156,429.05999755859375,118.62000274658203
2022-05-05,1.0622477531433105,175.1300048828125,313.0,413.80999755859375,115.37000274658203
2022-05-06,1.0539740324020386,175.4199981689453,309.25,411.3399963378906,113.66999816894531
2022-05-09,1.053219199180603,172.8800048828125,297.1499938964844,398.1700134277344,114.66999816894531
2022-05-10,1.056579828262329,171.4199981689453,300.760009765625,399.0899963378906,115.70999908447266
2022-05-11,1.0532968044281006,172.82000732421875,291.8399963378906,392.75,117.94000244140625
2022-05-12,1.05124831199646,170.1699981689453,291.1499938964844,392.3399963378906,117.72000122070312
2022-05-13,1.0379581451416016,168.7899932861328,301.94000244140625,401.7200012207031,115.9800033569336
2022-05-16,1.0400632619857788,170.39999389648438,298.44000244140625,400.0899963378906,115.86000061035156
2022-05-17,1.0438958406448364,169.3300018310547,306.1700134277344,408.32000732421875,114.45999908447266
2022-05-18,1.0547856092453003,169.4199981689453,291.1400146484375,391.8599853515625,116.9000015258789
2022-05-19,1.0472739934921265,171.91000366210938,289.5799865722656,389.4599914550781,117.18000030517578
2022-05-20,1.057898759841919,172.02999877929688,288.67999267578125,389.6300048828125,118.51000213623047
2022-05-23,1.0569819211959839,172.8300018310547,293.4800109863281,396.9200134277344,116.55999755859375
2022-05-24,1.0682048797607422,174.1300048828125,287.239990234375,393.8900146484375,118.86000061035156
2022-05-25,1.0736525058746338,173.0800018310547,291.260009765625,397.3699951171875,119.33000183105469
2022-05-26,1.0686614513397217,172.75999450683594,299.3299865722656,405.30999755859375,118.79000091552734
2022-05-27,1.0732953548431396,172.85000610351562,309.1000061035156,415.260009765625,119.08000183105469
2022-05-31,1.0773539543151855,171.13999938964844,308.2799987792969,412.92999267578125,116.55999755859375
2022-06-01,1.0734105110168457,172.22999572753906,306.0,409.5899963378906,116.22000122070312
2022-06-02,1.0654165744781494,174.35000610351562,314.3800048828125,417.3900146484375,116.27999877929688
2022-06-03,1.0751069784164429,172.5800018310547,306.20001220703125,410.5400085449219,116.02999877929688
2022-06-06,1.0726046562194824,171.82000732421875,307.2200012207031,411.7900085449219,113.88999938964844
2022-06-07,1.0691413879394531,172.94000244140625,309.8699951171875,415.739990234375,115.12000274658203
2022-06-08,1.0698620080947876,172.77999877929688,307.6400146484375,411.2200012207031,114.0999984741211
2022-06-09,1.071765422821045,172.22999572753906,299.3999938964844,401.44000244140625,114.4800033569336
2022-06-10,1.0619205236434937,174.5399932861328,288.8399963378906,389.79998779296875,113.7699966430664
2022-06-13,1.0489987134933472,169.92999267578125,275.4100036621094,375.0,110.19999694824219
2022-06-14,1.0415147542953491,168.57000732421875,275.9100036621094,373.8699951171875,108.80999755859375
2022-06-15,1.0440592765808105,170.77000427246094,282.79998779296875,379.20001220703125,110.83999633789062
2022-06-16,1.0456204414367676,172.69000244140625,271.3900146484375,366.6499938964844,111.72000122070312
2022-06-17,1.0546854734420776,171.27000427246094,274.69000244140625,365.8599853515625,112.08000183105469
2022-06-21,1.0520778894424438,170.6300048828125,281.0799865722656,375.07000732421875,110.18000030517578
2022-06-22,1.053263545036316,171.30999755859375,280.6700134277344,374.3900146484375,113.20999908447266
2022-06-23,1.0564124584197998,170.25999450683594,284.8500061035156,378.05999755859375,114.13999938964844
2022-06-24,1.052011489868164,170.08999633789062,294.6099853515625,390.0799865722656,112.55999755859375
2022-06-27,1.0566133260726929,169.89999389648438,292.45001220703125,388.5899963378906,111.5999984741211
2022-06-28,1.0580891370773315,169.6199951171875,283.5400085449219,380.6499938964844,112.12000274658203
2022-06-29,1.0523545742034912,169.49000549316406,283.79998779296875,380.3399963378906,113.87000274658203
2022-06-30,1.04465913772583,168.4600067138672,280.2799987792969,377.25,114.87000274658203
2022-07-01,1.0477677583694458,168.32000732421875,282.1300048828125,381.239990234375,115.81999969482422
2022-07-05,1.0433186292648315,164.75,286.9599914550781,381.9599914550781,116.7300033569336
2022-07-06,1.0257673263549805,162.13999938964844,288.79998779296875,383.25,114.7699966430664
2022-07-07,1.0186411142349243,162.22999572753906,294.9800109863281,388.989990234375,113.76000213623047
2022-07-08,1.0169836282730103,162.3000030517578,295.3500061035156,388.6700134277344,112.5
2022-07-11,1.0166114568710327,161.42999267578125,289.0400085449219,384.2300109863281,114.44000244140625
2022-07-12,1.004752516746521,160.8300018310547,286.239990234375,380.8299865722656,115.12000274658203
2022-07-13,1.0033109188079834,161.60000610351562,285.6499938964844,378.8299865722656,116.44000244140625
2022-07-14,1.0032706260681152,159.3300018310547,286.6700134277344,377.9100036621094,115.48999786376953
2022-07-15,1.0025665760040283,159.00999450683594,291.8699951171875,385.1300048828125,116.13999938964844
2022-07-18,1.009631872177124,159.16000366210938,289.3999938964844,381.95001220703125,114.93000030517578
2022-07-19,1.0145177841186523,159.5399932861328,298.29998779296875,392.2699890136719,114.30999755859375
2022-07-20,1.0231330394744873,158.0399932861328,303.0299987792969,394.7699890136719,114.61000061035156
2022-07-21,1.0182781219482422,160.27000427246094,307.3800048828125,398.7900085449219,116.58999633789062
2022-07-22,1.0221081972122192,160.6699981689453,301.989990234375,395.0899963378906,118.55000305175781
2022-07-25,1.0200231075286865,160.22999572753906,300.2699890136719,395.57000732421875,117.38999938964844
2022-07-26,1.022494912147522,160.0399932861328,294.3699951171875,390.8900146484375,117.4800033569336
2022-07-27,1.0129557847976685,161.6699981689453,306.80999755859375,401.0400085449219,116.81999969482422
2022-07-28,1.0209290981292725,163.63999938964844,309.80999755859375,406.07000732421875,117.75
2022-07-29,1.0192328691482544,164.10000610351562,315.4599914550781,411.989990234375,117.43000030517578
2022-08-01,1.0208247900009155,165.02999877929688,315.2699890136719,410.7699890136719,120.04000091552734
2022-08-02,1.0261356830596924,164.0500030517578,314.3299865722656,408.05999755859375,117.5
2022-08-03,1.015568733215332,164.4499969482422,322.8900146484375,414.45001220703125,119.3499984741211
2022-08-04,1.015764594078064,167.1699981689453,324.3999938964844,414.1700134277344,119.30999755859375
2022-08-05,1.024779200553894,165.2899932861328,321.75,413.4700012207031,116.47000122070312
2022-08-08,1.0170871019363403,166.69000244140625,320.7099914550781,412.989990234375,118.3499984741211
2022-08-09,1.0197629928588867,167.1999969482422,317.0799865722656,411.3500061035156,117.88999938964844
2022-08-10,1.0208144187927246,166.77999877929688,325.92999267578125,419.989990234375,117.12000274658203
2022-08-11,1.0300782918930054,166.33999633789062,324.0799865722656,419.989990234375,114.38999938964844
2022-08-12,1.0316723585128784,167.8699951171875,330.3900146484375,427.1000061035156,115.55000305175781
2022-08-15,1.0256409645080566,165.7100067138672,333.05999755859375,428.8599853515625,115.44999694824219
2022-08-16,1.0161981582641602,165.4199981689453,332.2799987792969,429.70001220703125,115.93000030517578
2022-08-17,1.0170663595199585,164.35000610351562,328.489990234375,426.6499938964844,114.72000122070312
2022-08-18,1.0180189609527588,163.9199981689453,329.2799987792969,427.8900146484375,114.88999938964844
2022-08-19,1.0089900493621826,162.72000122070312,322.8599853515625,422.1400146484375,113.04000091552734
2022-08-22,1.0035223960876465,161.63999938964844,314.3599853515625,413.3500061035156,112.66000366210938
2022-08-23,0.9939467906951904,162.77000427246094,314.1000061035156,412.3500061035156,112.04000091552734
2022-08-24,0.9966909885406494,163.25,315.010009765625,413.6700134277344,111.22000122070312
2022-08-25,0.9969095587730408,163.75,320.5799865722656,419.510009765625,112.7699966430664
2022-08-26,0.9971283078193665,161.75999450683594,307.44000244140625,405.30999755859375,113.62000274658203
2022-08-29,0.993867814540863,161.86000061035156,304.4100036621094,402.6300048828125,112.68000030517578
2022-08-30,1.0014019012451172,160.50999450683594,301.0199890136719,398.2099914550781,112.95999908447266
2022-08-31,1.0025062561035156,159.27000427246094,299.2699890136719,395.17999267578125,111.87999725341797
2022-09-01,1.003905177116394,157.8699951171875,299.3999938964844,396.4200134277344,109.5999984741211
2022-09-02,0.995232880115509,159.25999450683594,295.1700134277344,392.239990234375,110.22000122070312
2022-09-06,0.9952229857444763,158.3300018310547,293.04998779296875,390.760009765625,107.48999786376953
2022-09-07,0.9897951483726501,159.94000244140625,298.9700012207031,397.7799987792969,109.19000244140625
2022-09-08,0.9995701909065247,158.97999572753906,300.5199890136719,400.3800048828125,108.06999969482422
2022-09-09,1.0012015104293823,159.82000732421875,307.0899963378906,406.6000061035156,108.30999755859375
2022-09-12,1.0071406364440918,160.6300048828125,310.739990234375,410.9700012207031,107.41999816894531
2022-09-13,1.0129557847976685,158.5399932861328,293.70001220703125,393.1000061035156,107.66999816894531
2022-09-14,0.9982032775878906,157.92999267578125,296.0299987792969,394.6000061035156,108.04000091552734
2022-09-15,0.9984025359153748,154.97999572753906,291.1000061035156,390.1199951171875,107.97000122070312
2022-09-16,0.9988313317298889,155.83999633789062,289.32000732421875,385.55999755859375,107.06999969482422
2022-09-19,1.002234935760498,155.9600067138672,291.04998779296875,388.54998779296875,107.31999969482422
2022-09-20,1.0029587745666504,155.07000732421875,288.7300109863281,384.0899963378906,106.25
2022-09-21,0.997078537940979,155.7899932861328,283.55999755859375,377.3900146484375,108.02999877929688
2022-09-22,0.983071506023407,155.6999969482422,280.07000732421875,374.2200012207031,105.2699966430664
2022-09-23,0.9841550588607788,153.00999450683594,275.510009765625,367.95001220703125,105.69999694824219
2022-09-26,0.968992292881012,151.22999572753906,274.3699951171875,364.30999755859375,103.68000030517578
2022-09-27,0.9623712301254272,151.5399932861328,274.4800109863281,363.3800048828125,100.94999694824219
2022-09-28,0.9596191644668579,154.69000244140625,279.94000244140625,370.5299987792969,104.33000183105469
2022-09-29,0.9708172082901001,154.66000366210938,271.8699951171875,362.7900085449219,103.79000091552734
2022-09-30,0.9829555749893188,154.6699981689453,267.260009765625,357.17999267578125,102.44999694824219
2022-10-03,0.9792688488960266,158.42999267578125,273.5299987792969,366.6099853515625,103.83000183105469
2022-10-04,0.9832068681716919,160.6999969482422,282.1300048828125,377.9700012207031,103.54000091552734
2022-10-05,0.998432457447052,159.80999755859375,281.9800109863281,377.0899963378906,102.55000305175781
2022-10-06,0.9910998940467834,159.6300048828125,279.760009765625,373.20001220703125,101.9800033569336
2022-10-07,0.9789045453071594,157.8800048828125,269.1000061035156,362.7900085449219,100.98999786376953
2022-10-10,0.9735012650489807,155.47999572753906,266.4100036621094,360.0199890136719,99.41999816894531
2022-10-11,0.9710057377815247,155.16000366210938,262.75,357.739990234375,99.86000061035156
2022-10-12,0.9700167775154114,155.99000549316406,262.6600036621094,356.55999755859375,100.3499984741211
2022-10-13,0.9707984328269958,154.91000366210938,268.82000732421875,365.9700012207031,99.38999938964844
2022-10-14,0.975134015083313,152.97999572753906,260.739990234375,357.6300048828125,98.56999969482422
2022-10-17,0.973937451839447,153.4199981689453,269.3500061035156,366.82000732421875,98.08999633789062
2022-10-18,0.9846396446228027,153.75,271.4800109863281,371.1300048828125,98.31999969482422
2022-10-19,0.9863878488540649,151.69000244140625,270.489990234375,368.5,96.52999877929688
2022-10-20,0.9766482710838318,151.4499969482422,269.1099853515625,365.4100036621094,94.87999725341797
2022-10-21,0.9778899550437927,154.14999389648438,275.4200134277344,374.2900085449219,93.16999816894531
2022-10-24,0.9860085844993591,153.64999389648438,278.45001220703125,378.8699951171875,92.4000015258789
2022-10-25,0.9886503219604492,154.0,284.2099914550781,384.9200134277344,95.08999633789062
2022-10-26,0.9963731169700623,154.97999572753906,277.92999267578125,382.0199890136719,96.45999908447266
2022-10-27,1.009193778038025,154.74000549316406,272.8699951171875,379.9800109863281,97.47000122070312
2022-10-28,0.9967803955078125,153.16000366210938,281.2200012207031,389.0199890136719,96.80000305175781
2022-10-31,0.9955002665519714,151.91000366210938,277.95001220703125,386.2099914550781,96.11000061035156
2022-11-01,0.9886307716369629,153.4600067138672,275.1099853515625,384.5199890136719,96.7699966430664
2022-11-02,0.9877909421920776,152.38999938964844,265.67999267578125,374.8699951171875,96.3499984741211
2022-11-03,0.9814409017562866,151.80999755859375,260.489990234375,371.010009765625,95.83000183105469
2022-11-04,0.9749630093574524,156.47000122070312,264.67999267578125,376.3500061035156,94.22000122070312
2022-11-07,0.9928810596466064,155.85000610351562,267.5899963378906,379.95001220703125,93.27999877929688
2022-11-08,1.0018634796142578,159.4499969482422,269.5400085449219,382.0,94.30000305175781
2022-11-09,1.008084774017334,158.64999389648438,263.32000732421875,374.1300048828125,94.61000061035156
2022-11-10,1.0019538402557373,163.47999572753906,282.75,394.69000244140625,98.25
2022-11-11,1.0192224979400635,164.55999755859375,287.9599914550781,398.510009765625,97.88999938964844
2022-11-14,1.0328551530838013,164.9199981689453,285.44000244140625,395.1199951171875,97.6500015258789
2022-11-15,1.0319278240203857,165.5,289.3900146484375,398.489990234375,99.2300033569336
2022-11-16,1.0357863903045654,165.1199951171875,285.44000244140625,395.45001220703125,101.4000015258789
2022-11-17,1.0395010709762573,163.9199981689453,284.80999755859375,394.239990234375,100.33000183105469
2022-11-18,1.036172866821289,162.7899932861328,284.82000732421875,396.0299987792969,99.63999938964844
2022-11-21,1.0330898761749268,161.8800048828125,281.8900146484375,394.5899963378906,100.05999755859375
2022-11-22,1.0245691537857056,162.07000732421875,285.95001220703125,399.8999938964844,101.4800033569336
2022-11-23,1.0311086177825928,163.0800018310547,288.82000732421875,402.4200134277344,103.25
2022-11-25,1.040810227394104,163.22000122070312,286.9200134277344,402.3299865722656,102.9000015258789
2022-11-28,1.0367528200149536,161.92999267578125,282.7099914550781,395.9100036621094,103.19000244140625
2022-11-29,1.034554123878479,162.72999572753906,280.57000732421875,395.2300109863281,101.9800033569336
2022-11-30,1.0324499607086182,164.80999755859375,293.3599853515625,407.67999267578125,102.7300033569336
2022-12-01,1.042535424232483,167.83999633789062,293.7200012207031,407.3800048828125,105.76000213623047
2022-12-02,1.052842140197754,167.25999450683594,292.54998779296875,406.9100036621094,107.08999633789062
2022-12-05,1.0544185638427734,164.38999938964844,287.6400146484375,399.5899963378906,105.58999633789062
2022-12-06,1.0496923923492432,164.83999633789062,281.67999267578125,393.8299865722656,106.94999694824219
2022-12-07,1.0469011068344116,166.3300018310547,280.5299987792969,393.1600036621094,109.47000122070312
2022-12-08,1.051325798034668,166.47000122070312,283.8500061035156,396.239990234375,109.16999816894531
2022-12-09,1.0559661388397217,167.05999755859375,282.0400085449219,393.2799987792969,106.33000183105469
2022-12-12,1.0522217750549316,165.67999267578125,285.5799865722656,398.95001220703125,106.66999816894531
2022-12-13,1.0541739463806152,168.50999450683594,288.6499938964844,401.9700012207031,107.69999694824219
2022-12-14,1.062665343284607,168.10000610351562,286.510009765625,399.3999938964844,108.16000366210938
2022-12-15,1.0676347017288208,165.35000610351562,276.8900146484375,389.6300048828125,108.31999969482422
2022-12-16,1.064056158065796,166.7899932861328,274.25,383.2699890136719,107.11000061035156
2022-12-19,1.05850350856781,166.32000732421875,269.75,380.0199890136719,105.30999755859375
2022-12-20,1.0614584684371948,169.0800018310547,269.5400085449219,380.5400085449219,103.44000244140625
2022-12-21,1.062699317932129,168.8000030517578,273.45001220703125,386.2300109863281,103.69999694824219
2022-12-22,1.0610079765319824,166.75999450683594,266.760009765625,380.7200012207031,103.68000030517578
2022-12-23,1.060333013534546,167.25999450683594,267.3599853515625,382.9100036621094,102.16000366210938
2022-12-27,1.064022183418274,168.6699981689453,263.5799865722656,381.3999938964844,100.13999938964844
2022-12-28,1.0637166500091553,167.91000366210938,260.1000061035156,376.6600036621094,99.55000305175781
2022-12-29,1.062925100326538,168.85000610351562,266.44000244140625,383.44000244140625,100.68000030517578
2022-12-30,1.066075325012207,169.63999938964844,266.2799987792969,382.42999267578125,99.55999755859375
2023-01-03,1.0677714347839355,171.05999755859375,264.4800109863281,380.82000732421875,101.45999908447266
2023-01-04,1.0546854734420776,172.6699981689453,265.739990234375,383.760009765625,102.8499984741211
2023-01-05,1.0606365203857422,170.52000427246094,261.5799865722656,379.3800048828125,103.27999877929688
2023-01-06,1.0522217750549316,173.7100067138672,268.79998779296875,388.0799865722656,105.18000030517578
2023-01-09,1.0656323432922363,174.10000610351562,270.5400085449219,387.8599853515625,105.73999786376953
2023-01-10,1.073318362236023,174.74000549316406,272.8299865722656,390.5799865722656,103.98999786376953
2023-01-11,1.0738946199417114,174.6199951171875,277.54998779296875,395.5199890136719,105.68000030517578
2023-01-12,1.0766000747680664,176.63999938964844,279.04998779296875,396.9599914550781,107.76000213623047
2023-01-13,1.0860239267349243,178.75999450683594,280.9700012207031,398.5,106.75
2023-01-17,1.0830129384994507,177.58999633789062,281.5400085449219,397.7699890136719,106.05999755859375
2023-01-18,1.0793308019638062,177.0800018310547,277.8800048828125,391.489990234375,108.62999725341797
2023-01-19,1.0797853469848633,179.88999938964844,275.1499938964844,388.6400146484375,107.94999694824219
2023-01-20,1.083388328552246,179.2899932861328,282.67999267578125,395.8800048828125,106.19999694824219
2023-01-23,1.086507797241211,179.6300048828125,288.9599914550781,400.6300048828125,105.69999694824219
2023-01-24,1.0874292850494385,180.27999877929688,288.3699951171875,400.20001220703125,107.22000122070312
2023-01-25,1.088814616203308,181.11000061035156,287.7300109863281,400.3500061035156,107.4800033569336
2023-01-26,1.0922038555145264,179.47000122070312,293.3399963378906,404.75,106.9800033569336
2023-01-27,1.0894432067871094,179.22000122070312,296.260009765625,405.67999267578125,106.70999908447266
2023-01-30,1.0871455669403076,178.75999450683594,290.2699890136719,400.5899963378906,106.31999969482422
2023-01-31,1.0850694179534912,179.41000366210938,294.6199951171875,406.4800109863281,107.16999816894531
2023-02-01,1.0860947370529175,181.6699981689453,300.9200134277344,410.79998779296875,108.18000030517578
2023-02-02,1.1012852191925049,177.89999389648438,311.7200012207031,416.7799987792969,108.31999969482422
2023-02-03,1.0905125141143799,173.4600067138672,306.17999267578125,412.3500061035156,106.69999694824219
2023-02-06,1.079086184501648,173.82000732421875,303.5899963378906,409.8299865722656,105.91000366210938
2023-02-07,1.0730764865875244,173.97999572753906,309.8800048828125,415.19000244140625,105.05999755859375
2023-02-08,1.0729728937149048,174.41000366210938,304.3699951171875,410.6499938964844,105.55999755859375
2023-02-09,1.0715816020965576,173.02999877929688,301.67999267578125,407.0899963378906,104.55999755859375
2023-02-10,1.0742292404174805,173.36000061035156,299.70001220703125,408.0400085449219,103.38999938964844
2023-02-13,1.0677714347839355,172.47999572753906,304.5,412.8299865722656,104.26000213623047
2023-02-14,1.0730419158935547,172.61000061035156,306.75,412.6400146484375,104.0199966430664
2023-02-15,1.0735719203948975,170.88999938964844,309.1000061035156,413.9800109863281,103.05000305175781
2023-02-16,1.0691757202148438,170.75,303.29998779296875,408.2799987792969,101.58999633789062
2023-02-17,1.0665756464004517,171.25999450683594,301.1600036621094,407.260009765625,102.37999725341797
2023-02-21,1.068261981010437,170.6199951171875,294.0299987792969,399.0899963378906,100.38999938964844
2023-02-22,1.065200924873352,169.66000366210938,294.25,398.5400085449219,101.30999755859375
2023-02-23,1.0605803728103638,169.57000732421875,296.82000732421875,400.6600036621094,102.30000305175781
2023-02-24,1.0598047971725464,168.35000610351562,291.8500061035156,396.3800048828125,100.97000122070312
2023-02-27,1.0554758310317993,169.00999450683594,293.94000244140625,397.7300109863281,101.25
2023-02-28,1.0611205101013184,169.77999877929688,293.55999755859375,396.260009765625,101.70999908447266
2023-03-01,1.0577309131622314,170.75999450683594,291.20001220703125,394.739990234375,100.37000274658203
2023-03-02,1.066894292831421,170.66000366210938,293.6099853515625,397.80999755859375,99.4800033569336
2023-03-03,1.0599732398986816,172.49000549316406,299.67999267578125,404.19000244140625,101.88999938964844
2023-03-06,1.0626201629638672,171.6199951171875,300.0199890136719,404.4700012207031,101.0999984741211
2023-03-07,1.0688328742980957,168.6199951171875,296.3399963378906,398.2699890136719,101.72000122070312
2023-03-08,1.05507493019104,168.5399932861328,297.82000732421875,398.9200134277344,101.81999969482422
2023-03-09,1.0549525022506714,170.1999969482422,292.6600036621094,391.55999755859375,102.06999969482422
2023-03-10,1.0584698915481567,173.8699951171875,288.54998779296875,385.9100036621094,105.58999633789062
2023-03-13,1.0683646202087402,177.86000061035156,290.69000244140625,385.3599853515625,105.83000183105469
2023-03-14,1.0725010633468628,176.8300018310547,297.3699951171875,391.7300109863281,104.08999633789062
2023-03-15,1.0727657079696655,178.2100067138672,298.92999267578125,389.2799987792969,106.0999984741211
2023-03-16,1.0583354234695435,178.57000732421875,306.80999755859375,396.1099853515625,105.2699966430664
2023-03-17,1.0614134073257446,183.77000427246094,305.3599853515625,389.989990234375,106.8499984741211
2023-03-20,1.0678855180740356,183.83999633789062,305.9700012207031,393.739990234375,105.91000366210938
2023-03-21,1.071914792060852,180.3699951171875,310.3399963378906,398.9100036621094,105.0
2023-03-22,1.0774236917495728,183.44000244140625,306.1199951171875,392.1099853515625,106.4000015258789
2023-03-23,1.0870392322540283,185.74000549316406,309.75,393.1700134277344,106.4000015258789
2023-03-24,1.0835057497024536,183.64999389648438,310.8900146484375,395.75,106.8499984741211
2023-03-27,1.077818512916565,181.9499969482422,308.760009765625,396.489990234375,104.33999633789062
2023-03-28,1.0807071924209595,183.44000244140625,307.1199951171875,395.6000061035156,104.52999877929688
2023-03-29,1.0839520692825317,182.52999877929688,312.7200012207031,401.3500061035156,104.31999969482422
2023-03-30,1.0843634605407715,184.17999267578125,315.67999267578125,403.70001220703125,104.80000305175781
2023-03-31,1.0904649496078491,183.22000122070312,320.92999267578125,409.3900146484375,106.37000274658203
2023-04-03,1.0803335905075073,184.5399932861328,320.1499938964844,410.95001220703125,106.5999984741211
2023-04-04,1.091226577758789,187.97999572753906,319.07000732421875,408.6700134277344,107.12999725341797
2023-04-05,1.0960105657577515,187.8300018310547,315.9200134277344,407.6000061035156,108.25
2023-04-06,1.090334177017212,186.49000549316406,318.04998779296875,409.19000244140625,108.52999877929688
2023-04-10,1.0913575887680054,185.11000061035156,317.8699951171875,409.6099853515625,106.77999877929688
2023-04-11,1.086932897567749,186.27999877929688,315.8299865722656,409.7200012207031,107.0
2023-04-12,1.0917507410049438,187.19000244140625,313.0400085449219,408.04998779296875,106.88999938964844
2023-04-13,1.0999890565872192,189.72000122070312,319.1700134277344,413.4700012207031,106.05000305175781
2023-04-14,1.1054610013961792,186.36000061035156,318.57000732421875,412.4599914550781,105.08000183105469
2023-04-17,1.098659634590149,185.52999877929688,318.8399963378906,413.94000244140625,103.83000183105469
2023-04-18,1.0925379991531372,186.25,318.8599853515625,414.2099914550781,104.19999694824219
2023-04-19,1.0975382328033447,185.36000061035156,318.7099914550781,414.1400146484375,104.0999984741211
2023-04-20,1.095218300819397,186.08999633789062,316.2799987792969,411.8800048828125,104.98999786376953
2023-04-21,1.0970927476882935,184.25,316.6099853515625,412.20001220703125,104.4000015258789
2023-04-24,1.0992271900177002,184.80999755859375,315.95001220703125,412.6300048828125,105.41000366210938
2023-04-25,1.1059499979019165,185.75,309.989990234375,406.0799865722656,106.95999908447266
2023-04-26,1.0978394746780396,184.74000549316406,311.8699951171875,404.3599853515625,105.81999969482422
2023-04-27,1.1047282218933105,184.75,320.3500061035156,412.4100036621094,104.7699966430664
2023-04-28,1.1032048463821411,184.8000030517578,322.55999755859375,415.92999267578125,106.45999908447266
2023-05-01,1.1010911464691162,183.97000122070312,322.19000244140625,415.510009765625,103.12999725341797
2023-05-02,1.0969241857528687,187.52000427246094,319.3800048828125,410.8399963378906,105.69999694824219
2023-05-03,1.1010911464691162,189.11000061035156,317.2900085449219,408.0199890136719,106.29000091552734
2023-05-04,1.1068925857543945,190.44000244140625,316.1700134277344,405.1300048828125,105.23999786376953
2023-05-05,1.102292776107788,187.4600067138672,322.8900146484375,412.6300048828125,104.88999938964844
2023-05-08,1.10186767578125,187.69000244140625,323.69000244140625,412.739990234375,103.41999816894531
2023-05-09,1.0996140241622925,189.02000427246094,321.6400146484375,410.92999267578125,103.05000305175781
2023-05-10,1.096467137336731,188.75,325.1400146484375,412.8500061035156,104.05000305175781
2023-05-11,1.098406195640564,187.1300048828125,326.20001220703125,412.1300048828125,105.1500015258789
2023-05-12,1.0912145376205444,186.80999755859375,325.0299987792969,411.5899963378906,104.2699966430664
2023-05-15,1.0852696895599365,187.2100067138672,326.7900085449219,413.010009765625,103.19000244140625
2023-05-16,1.0873701572418213,184.8699951171875,327.1600036621094,410.25,102.87999725341797
2023-05-17,1.0865668058395386,184.22999572753906,331.1199951171875,415.2300109863281,102.58000183105469
2023-05-18,1.0838346481323242,181.83999633789062,337.2699890136719,419.2300109863281,101.81999969482422
2023-05-19,1.0775396823883057,183.63999938964844,336.510009765625,418.6199951171875,101.0999984741211
2023-05-22,1.0822745561599731,183.2100067138672,337.6400146484375,418.7900085449219,100.73999786376953
2023-05-23,1.0811045169830322,183.42999267578125,333.3599853515625,414.0899963378906,101.02999877929688
2023-05-24,1.076971173286438,181.9499969482422,331.6499938964844,411.0899963378906,100.52999877929688
2023-05-25,1.0757315158843994,180.1999969482422,339.7200012207031,414.6499938964844,100.27999877929688
2023-05-26,1.0724436044692993,180.9199981689453,348.3999938964844,420.0199890136719,101.08999633789062
2023-05-30,1.0707669258117676,182.0399932861328,349.9800109863281,420.17999267578125,102.0999984741211
2023-05-31,1.073306918144226,182.32000732421875,347.989990234375,417.8500061035156,102.98999786376953
2023-06-01,1.0695186853408813,183.75999450683594,352.010009765625,421.82000732421875,103.12000274658203
2023-06-02,1.0760787725448608,181.0500030517578,354.6499938964844,427.9200134277344,101.98999786376953
2023-06-05,1.0698620080947876,182.13999938964844,354.8999938964844,427.1000061035156,101.80000305175781
2023-06-06,1.0711798667907715,182.33999633789062,354.8399963378906,428.0299987792969,102.4000015258789
2023-06-07,1.0698047876358032,180.14999389648438,348.82000732421875,426.54998779296875,100.87999725341797
2023-06-08,1.0707440376281738,182.52999877929688,353.1499938964844,429.1300048828125,102.05999755859375
2023-06-09,1.078271746635437,182.0399932861328,354.5,429.8999938964844,101.91999816894531
2023-06-12,1.0750954151153564,181.8800048828125,360.489990234375,433.79998779296875,102.22000122070312
2023-06-13,1.0762988328933716,180.5399932861328,363.260009765625,436.6600036621094,101.20999908447266
2023-06-14,1.078934907913208,180.63999938964844,365.8999938964844,437.17999267578125,102.0199966430664
2023-06-15,1.084304690361023,181.91000366210938,370.260009765625,442.6000061035156,103.0
2023-06-16,1.0945948362350464,181.6300048828125,367.92999267578125,439.4599914550781,102.5999984741211
2023-06-20,1.0924304723739624,179.75,366.8999938964844,437.17999267578125,103.30999755859375
2023-06-21,1.0920368432998657,179.49000549316406,361.8999938964844,434.94000244140625,103.55999755859375
2023-06-22,1.0992635488510132,177.7100067138672,366.1700134277344,436.510009765625,102.30999755859375
2023-06-23,1.0958904027938843,178.1999969482422,362.5400085449219,433.2099914550781,103.33000183105469
2023-06-26,1.0906671285629272,178.50999450683594,357.67999267578125,431.44000244140625,103.44000244140625
2023-06-27,1.091048002243042,177.69000244140625,363.8299865722656,436.1700134277344,103.16999816894531
2023-06-28,1.0957223176956177,177.27999877929688,364.5400085449219,436.3900146484375,103.61000061035156
2023-06-29,1.0915838479995728,177.08999633789062,363.80999755859375,438.1099853515625,101.73999786376953
2023-06-30,1.0868029594421387,178.27000427246094,369.4200134277344,443.2799987792969,102.94000244140625
2023-07-03,1.0907504558563232,178.47000122070312,370.2900085449219,443.7900085449219,102.08000183105469
2023-07-05,1.0884946584701538,177.83999633789062,370.2799987792969,443.1300048828125,101.11000061035156
2023-07-06,1.0856584310531616,177.30999755859375,367.4599914550781,439.6600036621094,99.68000030517578
2023-07-07,1.0890636444091797,178.63999938964844,366.239990234375,438.54998779296875,99.08000183105469
2023-07-10,1.0969723463058472,178.77999877929688,366.3599853515625,439.6600036621094,99.20999908447266
2023-07-11,1.100594401359558,179.4499969482422,368.1700134277344,442.4599914550781,99.72000122070312
2023-07-12,1.101406455039978,181.8800048828125,372.82000732421875,446.0199890136719,100.83000183105469
2023-07-13,1.1144545078277588,182.00999450683594,379.1499938964844,449.55999755859375,101.88999938964844
2023-07-14,1.1223469972610474,181.42999267578125,379.07000732421875,449.2799987792969,101.29000091552734
2023-07-17,1.1227755546569824,181.55999755859375,382.6099853515625,450.8399963378906,101.33999633789062
2023-07-18,1.1237596273422241,183.63999938964844,385.739990234375,454.19000244140625,101.80000305175781
2023-07-19,1.1228890419006348,183.6699981689453,385.6499938964844,455.20001220703125,102.94999694824219
2023-07-20,1.120523452758789,182.74000549316406,376.760009765625,452.17999267578125,101.69999694824219
2023-07-21,1.113709807395935,182.17999267578125,375.6300048828125,452.17999267578125,101.7300033569336
2023-07-24,1.112532615661621,181.39999389648438,376.2300109863281,454.20001220703125,101.36000061035156
2023-07-25,1.1063170433044434,182.41000366210938,378.7799987792969,455.44000244140625,101.16999816894531
2023-07-26,1.1050456762313843,183.3000030517578,377.5199890136719,455.510009765625,101.2699966430664
2023-07-27,1.1078368425369263,180.4199981689453,376.6199951171875,452.489990234375,99.30000305175781
2023-07-28,1.0978755950927734,181.86000061035156,383.4800109863281,456.9200134277344,99.80999755859375
2023-07-31,1.1024264097213745,182.35000610351562,383.67999267578125,457.7900085449219,100.05000305175781
2023-08-01,1.0997591018676758,180.4600067138672,382.7900085449219,456.4800109863281,98.13999938964844
2023-08-02,1.1007881164550781,179.60000610351562,374.3900146484375,450.1300048828125,97.08999633789062
2023-08-03,1.0944151878356934,179.5399932861328,373.7900085449219,448.8399963378906,94.8499984741211
2023-08-04,1.095158338546753,180.19000244140625,372.0400085449219,446.80999755859375,96.52999877929688
2023-08-07,1.1002674102783203,179.77999877929688,375.19000244140625,450.7099914550781,95.58000183105469
2023-08-08,1.100315809249878,178.63999938964844,372.0,448.75,96.69000244140625
2023-08-09,1.0958904027938843,177.7899932861328,367.9100036621094,445.75,97.19000244140625
2023-08-10,1.0977671146392822,177.60000610351562,368.5899963378906,445.9100036621094,95.58999633789062
2023-08-11,1.0981649160385132,177.60000610351562,366.239990234375,445.6499938964844,95.37000274658203
2023-08-14,1.094439148902893,177.05999755859375,370.3500061035156,448.1099853515625,95.16000366210938
2023-08-15,1.0909883975982666,176.58999633789062,366.4200134277344,442.8900146484375,94.58000183105469
2023-08-16,1.0904173851013184,175.57000732421875,362.5400085449219,439.6400146484375,93.83999633789062
2023-08-17,1.0874884128570557,175.3000030517578,358.5799865722656,436.2900085449219,93.44000244140625
2023-08-18,1.0874648094177246,175.3300018310547,358.1300048828125,436.5,93.7699966430664
2023-08-21,1.087559461593628,175.80999755859375,363.8999938964844,439.3399963378906,92.5199966430664
2023-08-22,1.0898351669311523,176.10000610351562,363.3800048828125,438.1499938964844,93.2300033569336
2023-08-23,1.0846692323684692,177.88999938964844,369.1099853515625,443.0299987792969,95.54000091552734
2023-08-24,1.086578607559204,177.85000610351562,361.2200012207031,436.8900146484375,94.91000366210938
2023-08-25,1.07991361618042,177.6199951171875,364.0199890136719,439.9700012207031,95.22000122070312
2023-08-28,1.0797386169433594,178.1300048828125,366.760009765625,442.760009765625,95.31999969482422
2023-08-29,1.0825556516647339,179.8699951171875,374.7699890136719,449.1600036621094,96.30999755859375
2023-08-30,1.0869210958480835,180.32000732421875,376.8599853515625,451.010009765625,96.20999908447266
2023-08-31,1.0932546854019165,180.02000427246094,377.989990234375,450.3500061035156,96.63999938964844
2023-09-01,1.0844104290008545,180.11000061035156,377.5899963378906,451.19000244140625,94.8499984741211
2023-09-05,1.0794472694396973,178.63999938964844,378.07000732421875,449.239990234375,93.5199966430664
2023-09-06,1.0726161003112793,177.8300018310547,374.739990234375,446.2200012207031,93.75
2023-09-07,1.0724204778671265,178.02000427246094,372.05999755859375,444.8500061035156,94.01000213623047
2023-09-08,1.0697818994522095,178.0800018310547,372.5799865722656,445.5199890136719,94.37000274658203
2023-09-11,1.071811318397522,178.41000366210938,376.9700012207031,448.45001220703125,93.69000244140625
2023-09-12,1.0750375986099243,177.49000549316406,372.7900085449219,445.989990234375,94.2300033569336
2023-09-13,1.075326681137085,177.0800018310547,374.2099914550781,446.510009765625,94.20999908447266
2023-09-14,1.0734220743179321,177.1699981689453,377.2699890136719,450.3599853515625,93.52999877929688
2023-09-15,1.0637166500091553,178.33999633789062,370.80999755859375,443.3699951171875,92.95999908447266
2023-09-18,1.0668259859085083,179.38999938964844,370.6600036621094,443.6300048828125,93.48999786376953
2023-09-19,1.0692671537399292,179.22000122070312,369.8699951171875,442.7099914550781,92.80000305175781
2023-09-20,1.0682048797607422,179.35000610351562,364.5400085449219,438.6400146484375,93.08999633789062
2023-09-21,1.065303087234497,178.0500030517578,357.8599853515625,431.3900146484375,90.69999694824219
2023-09-22,1.0661548376083374,178.6199951171875,357.9100036621094,430.4200134277344,91.43000030517578
2023-09-25,1.0648492574691772,177.6999969482422,359.6099853515625,432.2300109863281,89.18000030517578
2023-09-26,1.0591648817062378,176.27999877929688,354.2099914550781,425.8800048828125,88.87000274658203
2023-09-27,1.0569483041763306,174.10000610351562,355.0400085449219,426.04998779296875,88.41000366210938
2023-09-28,1.0505305528640747,173.22999572753906,358.010009765625,428.5199890136719,88.68000030517578
2023-09-29,1.0562450885772705,171.4499969482422,358.2699890136719,427.4800109863281,88.69000244140625
2023-10-02,1.0565240383148193,169.64999389648438,361.260009765625,427.30999755859375,86.93000030517578
2023-10-03,1.0480751991271973,169.16000366210938,354.9200134277344,421.5899963378906,85.05999755859375
2023-10-04,1.0472300052642822,169.13999938964844,359.75,424.6600036621094,86.26000213623047
2023-10-05,1.0507071018218994,168.8300018310547,358.69000244140625,424.5,85.83000183105469
2023-10-06,1.0546631813049316,169.6999969482422,364.70001220703125,429.5400085449219,84.79000091552734
2023-10-09,1.056747317314148,172.82000732421875,366.55999755859375,432.2900085449219,86.77999877929688
2023-10-10,1.0578875541687012,172.52999877929688,368.5899963378906,434.5400085449219,86.66000366210938
2023-10-11,1.0604791641235352,173.7899932861328,371.2200012207031,436.32000732421875,88.47000122070312
2023-10-12,1.0624282360076904,173.25999450683594,369.92999267578125,433.6600036621094,86.06999969482422
2023-10-13,1.0536741018295288,178.8300018310547,365.2799987792969,431.5,87.61000061035156
2023-10-16,1.0521553754806519,177.9600067138672,369.4100036621094,436.0400085449219,86.19999694824219
2023-10-17,1.0554312467575073,178.2899932861328,368.20001220703125,436.0199890136719,85.25
2023-10-18,1.057305932044983,180.8699951171875,363.3699951171875,430.2099914550781,84.5
2023-10-19,1.053851842880249,183.08999633789062,359.9700012207031,426.42999267578125,82.7699966430664
2023-10-20,1.0586491823196411,183.58999633789062,354.6000061035156,421.19000244140625,83.23999786376953
2023-10-23,1.0589966773986816,182.97000122070312,355.6700134277344,420.4599914550781,84.23999786376953
2023-10-24,1.0669853687286377,182.9499969482422,359.1300048828125,423.6300048828125,85.3499984741211
2023-10-25,1.059535264968872,183.72000122070312,350.3399963378906,417.54998779296875,83.44999694824219
2023-10-26,1.056725025177002,184.00999450683594,343.6600036621094,412.54998779296875,84.7300033569336
2023-10-27,1.0564459562301636,186.14999389648438,345.30999755859375,410.67999267578125,84.37000274658203
2023-10-30,1.0562450885772705,185.10000610351562,349.20001220703125,415.5899963378906,83.98999786376953
2023-10-31,1.061503529548645,184.08999633789062,350.8699951171875,418.20001220703125,83.58000183105469
2023-11-01,1.0579099655151367,183.50999450683594,356.9599914550781,422.6600036621094,85.0999984741211
2023-11-02,1.05870521068573,184.1199951171875,363.44000244140625,430.760009765625,87.04000091552734
2023-11-03,1.0619093179702759,184.7899932861328,367.7099914550781,434.69000244140625,87.62999725341797
2023-11-06,1.0732147693634033,183.35000610351562,369.2099914550781,435.69000244140625,86.77999877929688
2023-11-07,1.0721560716629028,182.58999633789062,372.70001220703125,436.92999267578125,88.05999755859375
2023-11-08,1.0696102380752563,180.77000427246094,372.94000244140625,437.25,89.55999755859375
2023-11-09,1.0710422992706299,181.49000549316406,370.07000732421875,433.8399963378906,87.5
2023-11-10,1.0667576789855957,179.50999450683594,378.3900146484375,440.6099853515625,87.98999786376953
2023-11-13,1.069015622138977,180.50999450683594,377.2099914550781,440.19000244140625,87.79000091552734
2023-11-14,1.0701825618743896,182.1199951171875,385.3299865722656,448.7300109863281,89.77999877929688
2023-11-15,1.0878314971923828,181.63999938964844,385.6199951171875,449.67999267578125,88.5199966430664
2023-11-16,1.0854581594467163,183.69000244140625,385.95001220703125,450.2300109863281,89.62000274658203
2023-11-17,1.0853756666183472,183.6699981689453,386.0400085449219,450.7900085449219,90.04000091552734
2023-11-20,1.090702772140503,183.3699951171875,390.739990234375,454.260009765625,90.58999633789062
2023-11-21,1.0945948362350464,185.35000610351562,388.4700012207031,453.2699890136719,90.55000305175781
2023-11-22,1.0918222665786743,184.55999755859375,390.05999755859375,455.0199890136719,90.87000274658203
2023-11-24,1.0906314849853516,185.52000427246094,389.510009765625,455.29998779296875,89.80000305175781
2023-11-27,1.0940439701080322,186.77000427246094,389.1700134277344,454.4800109863281,91.30000305175781
2023-11-28,1.0958423614501953,189.25999450683594,390.19000244140625,454.92999267578125,91.4800033569336
2023-11-29,1.100594401359558,189.5399932861328,389.80999755859375,454.6099853515625,92.62999725341797
2023-11-30,1.0973695516586304,188.75,388.8299865722656,456.3999938964844,91.55999755859375
2023-12-01,1.0892059803009033,192.00999450683594,389.94000244140625,459.1000061035156,92.98999786376953
2023-12-04,1.088814616203308,187.86000061035156,386.32000732421875,456.69000244140625,92.62000274658203
2023-12-05,1.0837758779525757,187.14999389648438,387.2900085449219,456.6000061035156,94.61000061035156
2023-12-06,1.0793657302856445,187.83999633789062,385.04998779296875,454.760009765625,95.87000274658203
2023-12-07,1.076669692993164,188.14999389648438,390.42999267578125,458.2300109863281,95.31999969482422
2023-12-08,1.079214334487915,185.63999938964844,392.1700134277344,460.20001220703125,94.54000091552734
2023-12-11,1.0765769481658936,183.58999633789062,395.5199890136719,461.989990234375,94.33999633789062
2023-12-12,1.076658010482788,183.49000549316406,398.6700134277344,464.1000061035156,94.62000274658203
2023-12-13,1.0798670053482056,187.6300048828125,403.739990234375,470.5,96.83999633789062
2023-12-14,1.0886130332946777,188.72999572753906,403.3900146484375,472.010009765625,99.04000091552734
2023-12-15,1.0993602275848389,187.0,405.3399963378906,469.3299865722656,99.1500015258789
2023-12-18,1.0895264148712158,187.85000610351562,407.0799865722656,471.9700012207031,98.36000061035156
2023-12-19,1.092382788658142,189.1300048828125,409.1600036621094,474.8399963378906,98.88999938964844
2023-12-20,1.0981045961380005,188.10000610351562,403.0799865722656,468.260009765625,99.55999755859375
2023-12-21,1.0945708751678467,189.42999267578125,407.7699890136719,472.70001220703125,98.93000030517578
2023-12-22,1.100618600845337,190.27000427246094,408.3800048828125,473.6499938964844,98.4800033569336
2023-12-26,1.1020255088806152,191.72000122070312,410.8800048828125,475.6499938964844,98.76000213623047
2023-12-27,1.1043012142181396,192.58999633789062,411.5,476.510009765625,100.51000213623047
2023-12-28,1.110864281654358,191.47000122070312,411.29998779296875,476.69000244140625,99.77999877929688
2023-12-29,1.1068191528320312,191.1699981689453,409.5199890136719,475.30999755859375,98.87999725341797
